#
# There is insufficient memory for the Java Runtime Environment to continue.
# Native memory allocation (mmap) failed to map 356515840 bytes. Error detail: G1 virtual space
# Possible reasons:
#   The system is out of physical RAM or swap space
#   This process is running with CompressedOops enabled, and the Java Heap may be blocking the growth of the native heap
# Possible solutions:
#   Reduce memory load on the system
#   Increase physical memory or swap space
#   Check if swap backing store is full
#   Decrease Java heap size (-Xmx/-Xms)
#   Decrease number of Java threads
#   Decrease Java thread stack sizes (-Xss)
#   Set larger code cache with -XX:ReservedCodeCacheSize=
#   JVM is running with Zero Based Compressed Oops mode in which the Java heap is
#     placed in the first 32GB address space. The Java Heap base address is the
#     maximum limit for the native heap growth. Please use -XX:HeapBaseMinAddress
#     to set the Java Heap base and to place the Java Heap above 32GB virtual address.
# This output file may be truncated or incomplete.
#
#  Out of Memory Error (os_windows.cpp:3825), pid=42768, tid=25744
#
# JRE version: OpenJDK Runtime Environment (17.0.11) (build 17.0.11+0--11852314)
# Java VM: OpenJDK 64-Bit Server VM (17.0.11+0--11852314, mixed mode, tiered, compressed oops, compressed class ptrs, g1 gc, windows-amd64)
# No core dump will be written. Minidumps are not enabled by default on client versions of Windows
#

---------------  S U M M A R Y ------------

Command Line: --add-opens=java.base/java.io=ALL-UNNAMED --add-exports=jdk.compiler/com.sun.tools.javac.tree=ALL-UNNAMED --add-exports=jdk.compiler/com.sun.tools.javac.code=ALL-UNNAMED --add-exports=jdk.compiler/com.sun.tools.javac.util=ALL-UNNAMED --add-opens=java.base/java.util=ALL-UNNAMED --add-opens=java.base/java.lang=ALL-UNNAMED --add-opens=java.base/java.lang.invoke=ALL-UNNAMED --add-opens=java.base/java.util=ALL-UNNAMED --add-opens=java.prefs/java.util.prefs=ALL-UNNAMED --add-opens=java.prefs/java.util.prefs=ALL-UNNAMED --add-opens=java.base/java.nio.charset=ALL-UNNAMED --add-opens=java.base/java.net=ALL-UNNAMED --add-opens=java.base/java.util.concurrent.atomic=ALL-UNNAMED -Dfile.encoding=windows-1252 -Duser.country=US -Duser.language=en -Duser.variant org.gradle.launcher.daemon.bootstrap.GradleDaemon 7.2

Host: Intel(R) Core(TM) i7-9750H CPU @ 2.60GHz, 12 cores, 15G,  Windows 11 , 64 bit Build 26100 (10.0.26100.8521)
Time: Tue Jul 14 13:47:08 2026 SA Western Standard Time elapsed time: 57.222354 seconds (0d 0h 0m 57s)

---------------  T H R E A D  ---------------

Current thread (0x0000025323a41cc0):  VMThread "VM Thread" [stack: 0x000000f9d8a00000,0x000000f9d8b00000] [id=25744]

Stack: [0x000000f9d8a00000,0x000000f9d8b00000]
Native frames: (J=compiled Java code, j=interpreted, Vv=VM code, C=native code)
V  [jvm.dll+0x687bb9]
V  [jvm.dll+0x84142a]
V  [jvm.dll+0x8430ae]
V  [jvm.dll+0x843713]
V  [jvm.dll+0x24a35f]
V  [jvm.dll+0x684989]
V  [jvm.dll+0x67923a]
V  [jvm.dll+0x30af0b]
V  [jvm.dll+0x3123b6]
V  [jvm.dll+0x361dfe]
V  [jvm.dll+0x36202f]
V  [jvm.dll+0x2e0d38]
V  [jvm.dll+0x2df144]
V  [jvm.dll+0x2de74c]
V  [jvm.dll+0x32305b]
V  [jvm.dll+0x847e0b]
V  [jvm.dll+0x848b42]
V  [jvm.dll+0x84905d]
V  [jvm.dll+0x849434]
V  [jvm.dll+0x849500]
V  [jvm.dll+0x7efa4a]
V  [jvm.dll+0x686a35]
C  [ucrtbase.dll+0x2cd30]
C  [KERNEL32.DLL+0x2e957]
C  [ntdll.dll+0x87c1c]

VM_Operation (0x000000f9e45f6060): G1CollectForAllocation, mode: safepoint, requested by thread 0x000002532f7bdfc0


---------------  P R O C E S S  ---------------

Threads class SMR info:
_java_thread_list=0x0000025324dde0c0, length=184, elements={
0x000002530309d250, 0x0000025324189420, 0x000002532418ad00, 0x00000253241c5020,
0x00000253241c58f0, 0x00000253241c61c0, 0x00000253241c6a90, 0x00000253241c84c0,
0x00000253241d4f00, 0x00000253241d9c30, 0x000002532436f9e0, 0x000002532436fec0,
0x0000025329f34bd0, 0x0000025329e69f50, 0x000002532a95b8f0, 0x000002532a33f030,
0x00000253293172a0, 0x0000025329315440, 0x0000025329315950, 0x0000025329315e60,
0x000002532bd9ecd0, 0x000002532bda0620, 0x000002532bda0110, 0x000002532bd9fc00,
0x000002532bd9d380, 0x000002532bda2ea0, 0x000002532bda1550, 0x000002532d1cc460,
0x000002532d1cc970, 0x000002532d1cd390, 0x000002532d1cf1f0, 0x000002532d1cba40,
0x000002532d1d0120, 0x000002532d1cfc10, 0x000002532d1d0630, 0x000002532d1d0b40,
0x000002532d1cd8a0, 0x000002532baf2540, 0x000002532cadc4b0, 0x000002532cadc9c0,
0x000002532f3f5050, 0x000002532b83e5e0, 0x000002532b83eaf0, 0x000002532b83f000,
0x000002532b83f510, 0x000002532d1c3760, 0x000002532f3f2b20, 0x000002532d1c2320,
0x000002532d1c2830, 0x000002532d1c13f0, 0x000002532d1c4180, 0x000002532d1c1900,
0x000002532d1c0ee0, 0x000002532d1c3250, 0x000002532d1c09d0, 0x000002532d1c3c70,
0x000002532d1c1e10, 0x000002532d1c2d40, 0x000002532b4231b0, 0x000002532b420420,
0x000002532b41ff10, 0x000002532b422280, 0x000002532b41fa00, 0x000002532b420930,
0x000002532b422790, 0x000002532b421d70, 0x000002532b422ca0, 0x000002532b420e40,
0x000002532b421350, 0x000002532b421860, 0x0000025329447890, 0x0000025329445a30,
0x0000025329445f40, 0x0000025329447da0, 0x0000025329446450, 0x0000025329445520,
0x0000025329446960, 0x00000253294445f0, 0x0000025329446e70, 0x0000025329444b00,
0x0000025329447380, 0x0000025329445010, 0x000002532b938d10, 0x000002532b9369a0,
0x000002532b939220, 0x000002532b936eb0, 0x000002532b9378d0, 0x000002532b9382f0,
0x000002532b935a70, 0x000002532b936490, 0x000002532b937de0, 0x000002532b938800,
0x000002532b935f80, 0x000002532b9373c0, 0x00000253292848c0, 0x0000025329281620,
0x0000025329281b30, 0x0000025329281110, 0x00000253292843b0, 0x0000025329282040,
0x0000025329282f70, 0x0000025329283480, 0x0000025329283ea0, 0x0000025329283990,
0x0000025329282550, 0x0000025329282a60, 0x000002532db26900, 0x000002532db26e10,
0x000002532db24fb0, 0x000002532db254c0, 0x000002532db27830, 0x000002532db27320,
0x000002532db263f0, 0x000002532db27d40, 0x000002532db28250, 0x000002532db28760,
0x000002532db259d0, 0x000002532db25ee0, 0x0000025329ce9560, 0x0000025329ceaeb0,
0x0000025329ce9a70, 0x0000025329cea490, 0x0000025329cea9a0, 0x0000025329ce9f80,
0x0000025329ceb3c0, 0x0000025329cec800, 0x0000025329cec2f0, 0x0000025329cebde0,
0x0000025329ce9050, 0x0000025329ceb8d0, 0x000002532e022510, 0x000002532e0252a0,
0x000002532e023e60, 0x000002532e024880, 0x000002532e024d90, 0x000002532e0257b0,
0x000002532e024370, 0x000002532e022a20, 0x000002532e023440, 0x000002532e022000,
0x000002532e023950, 0x000002532e022f30, 0x000002532cd53810, 0x000002532cd51ec0,
0x000002532cd50060, 0x000002532cd50570, 0x000002532cd53300, 0x000002532cd52df0,
0x000002532cd50a80, 0x000002532cd523d0, 0x000002532cd50f90, 0x000002532cd519b0,
0x000002532cd528e0, 0x000002532f7b7f90, 0x000002532f7ba300, 0x000002532f7b93d0,
0x000002532f7b84a0, 0x000002532f7b98e0, 0x000002532f7b8ec0, 0x000002532f7ba810,
0x000002532f7b7570, 0x000002532f7b89b0, 0x000002532f7b7a80, 0x000002532f7b9df0,
0x000002532f7b7060, 0x000002532f7bc670, 0x000002532f7bad20, 0x000002532f7bcb80,
0x000002532f7be9e0, 0x000002532f7bd090, 0x000002532f7bc160, 0x000002532f7bd5a0,
0x000002532f7bdab0, 0x000002532f7bdfc0, 0x000002532f7be4d0, 0x000002532f7bb230,
0x000002532f7bb740, 0x000002532f7bbc50, 0x000002532cd514a0, 0x000002532fa22870,
0x000002532fa21940, 0x000002532fa21e50, 0x000002532fa22360, 0x000002532ef243e0
}

Java Threads: ( => current thread )
  0x000002530309d250 JavaThread "main" [_thread_blocked, id=42868, stack(0x000000f9d8400000,0x000000f9d8500000)]
  0x0000025324189420 JavaThread "Reference Handler" daemon [_thread_blocked, id=22524, stack(0x000000f9d8b00000,0x000000f9d8c00000)]
  0x000002532418ad00 JavaThread "Finalizer" daemon [_thread_blocked, id=24472, stack(0x000000f9d8c00000,0x000000f9d8d00000)]
  0x00000253241c5020 JavaThread "Signal Dispatcher" daemon [_thread_blocked, id=46964, stack(0x000000f9d8d00000,0x000000f9d8e00000)]
  0x00000253241c58f0 JavaThread "Attach Listener" daemon [_thread_blocked, id=13424, stack(0x000000f9d8e00000,0x000000f9d8f00000)]
  0x00000253241c61c0 JavaThread "Service Thread" daemon [_thread_blocked, id=41024, stack(0x000000f9d8f00000,0x000000f9d9000000)]
  0x00000253241c6a90 JavaThread "Monitor Deflation Thread" daemon [_thread_blocked, id=37576, stack(0x000000f9d9000000,0x000000f9d9100000)]
  0x00000253241c84c0 JavaThread "C2 CompilerThread0" daemon [_thread_in_native, id=1924, stack(0x000000f9d9100000,0x000000f9d9200000)]
  0x00000253241d4f00 JavaThread "C1 CompilerThread0" daemon [_thread_blocked, id=14408, stack(0x000000f9d9200000,0x000000f9d9300000)]
  0x00000253241d9c30 JavaThread "Sweeper thread" daemon [_thread_blocked, id=39888, stack(0x000000f9d9300000,0x000000f9d9400000)]
  0x000002532436f9e0 JavaThread "Common-Cleaner" daemon [_thread_blocked, id=17060, stack(0x000000f9d9400000,0x000000f9d9500000)]
  0x000002532436fec0 JavaThread "Notification Thread" daemon [_thread_blocked, id=33228, stack(0x000000f9d9500000,0x000000f9d9600000)]
  0x0000025329f34bd0 JavaThread "Daemon health stats" [_thread_blocked, id=36324, stack(0x000000f9d9e00000,0x000000f9d9f00000)]
  0x0000025329e69f50 JavaThread "Incoming local TCP Connector on port 65056" [_thread_in_native, id=53048, stack(0x000000f9d9f00000,0x000000f9da000000)]
  0x000002532a95b8f0 JavaThread "Daemon periodic checks" [_thread_blocked, id=19124, stack(0x000000f9da000000,0x000000f9da100000)]
  0x000002532a33f030 JavaThread "Daemon" [_thread_blocked, id=30488, stack(0x000000f9da100000,0x000000f9da200000)]
  0x00000253293172a0 JavaThread "Daemon worker" [_thread_blocked, id=55212, stack(0x000000f9da400000,0x000000f9da500000)]
  0x0000025329315440 JavaThread "Cache worker for journal cache (C:\Users\crepo\.gradle\caches\journal-1)" [_thread_blocked, id=18232, stack(0x000000f9dae00000,0x000000f9daf00000)]
  0x0000025329315950 JavaThread "File lock request listener" [_thread_in_native, id=53956, stack(0x000000f9daf00000,0x000000f9db000000)]
  0x0000025329315e60 JavaThread "Cache worker for file hash cache (C:\Users\crepo\.gradle\caches\7.2\fileHashes)" [_thread_blocked, id=8120, stack(0x000000f9db000000,0x000000f9db100000)]
  0x000002532bd9ecd0 JavaThread "File watcher server" daemon [_thread_blocked, id=46740, stack(0x000000f9db200000,0x000000f9db300000)]
  0x000002532bda0620 JavaThread "File watcher consumer" daemon [_thread_blocked, id=51228, stack(0x000000f9db300000,0x000000f9db400000)]
  0x000002532bda0110 JavaThread "Cache worker for execution history cache (C:\Users\crepo\.gradle\caches\7.2\executionHistory)" [_thread_blocked, id=38864, stack(0x000000f9db700000,0x000000f9db800000)]
  0x000002532bd9fc00 JavaThread "jar transforms" [_thread_blocked, id=14892, stack(0x000000f9db800000,0x000000f9db900000)]
  0x000002532bd9d380 JavaThread "jar transforms Thread 2" [_thread_blocked, id=31208, stack(0x000000f9db900000,0x000000f9dba00000)]
  0x000002532bda2ea0 JavaThread "Cache worker for file content cache (C:\Users\crepo\.gradle\caches\7.2\fileContent)" [_thread_blocked, id=3056, stack(0x000000f9dba00000,0x000000f9dbb00000)]
  0x000002532bda1550 JavaThread "jar transforms Thread 3" [_thread_blocked, id=34776, stack(0x000000f9dbc00000,0x000000f9dbd00000)]
  0x000002532d1cc460 JavaThread "jar transforms Thread 4" [_thread_blocked, id=16428, stack(0x000000f9e3600000,0x000000f9e3700000)]
  0x000002532d1cc970 JavaThread "jar transforms Thread 5" [_thread_blocked, id=8960, stack(0x000000f9e3700000,0x000000f9e3800000)]
  0x000002532d1cd390 JavaThread "jar transforms Thread 6" [_thread_blocked, id=36704, stack(0x000000f9e3800000,0x000000f9e3900000)]
  0x000002532d1cf1f0 JavaThread "jar transforms Thread 7" [_thread_blocked, id=19600, stack(0x000000f9e3900000,0x000000f9e3a00000)]
  0x000002532d1cba40 JavaThread "jar transforms Thread 8" [_thread_blocked, id=11240, stack(0x000000f9e3a00000,0x000000f9e3b00000)]
  0x000002532d1d0120 JavaThread "jar transforms Thread 9" [_thread_blocked, id=17244, stack(0x000000f9e3b00000,0x000000f9e3c00000)]
  0x000002532d1cfc10 JavaThread "jar transforms Thread 10" [_thread_blocked, id=2908, stack(0x000000f9e3c00000,0x000000f9e3d00000)]
  0x000002532d1d0630 JavaThread "jar transforms Thread 11" [_thread_blocked, id=15396, stack(0x000000f9e3d00000,0x000000f9e3e00000)]
  0x000002532d1d0b40 JavaThread "jar transforms Thread 12" [_thread_blocked, id=58204, stack(0x000000f9e3e00000,0x000000f9e3f00000)]
  0x000002532d1cd8a0 JavaThread "Memory manager" [_thread_blocked, id=33568, stack(0x000000f9e3f00000,0x000000f9e4000000)]
  0x000002532baf2540 JavaThread "Cache worker for Java compile cache (C:\Users\crepo\.gradle\caches\7.2\javaCompile)" [_thread_blocked, id=50028, stack(0x000000f9db100000,0x000000f9db200000)]
  0x000002532cadc4b0 JavaThread "Handler for socket connection from /127.0.0.1:65056 to /127.0.0.1:56544" [_thread_in_native, id=48436, stack(0x000000f9da200000,0x000000f9da300000)]
  0x000002532cadc9c0 JavaThread "Cancel handler" [_thread_blocked, id=54132, stack(0x000000f9da300000,0x000000f9da400000)]
  0x000002532f3f5050 JavaThread "C2 CompilerThread1" daemon [_thread_blocked, id=44884, stack(0x000000f9da500000,0x000000f9da600000)]
  0x000002532b83e5e0 JavaThread "Asynchronous log dispatcher for DefaultDaemonConnection: socket connection from /127.0.0.1:65056 to /127.0.0.1:56544" [_thread_blocked, id=15852, stack(0x000000f9da600000,0x000000f9da700000)]
  0x000002532b83eaf0 JavaThread "Stdin handler" [_thread_blocked, id=6348, stack(0x000000f9da700000,0x000000f9da800000)]
  0x000002532b83f000 JavaThread "Daemon client event forwarder" [_thread_blocked, id=35556, stack(0x000000f9db400000,0x000000f9db500000)]
  0x000002532b83f510 JavaThread "Cache worker for file hash cache (D:\Proyectos\ATS_VHF_Receiver\.gradle\7.2\fileHashes)" [_thread_blocked, id=27644, stack(0x000000f9db500000,0x000000f9db600000)]
  0x000002532d1c3760 JavaThread "Cache worker for checksums cache (D:\Proyectos\ATS_VHF_Receiver\.gradle\checksums)" [_thread_blocked, id=42284, stack(0x000000f9db600000,0x000000f9db700000)]
  0x000002532f3f2b20 JavaThread "C2 CompilerThread2" daemon [_thread_in_native, id=53712, stack(0x000000f9dbb00000,0x000000f9dbc00000)]
  0x000002532d1c2320 JavaThread "Cache worker for cache directory md-supplier (C:\Users\crepo\.gradle\caches\7.2\md-supplier)" [_thread_blocked, id=58144, stack(0x000000f9dbd00000,0x000000f9dbe00000)]
  0x000002532d1c2830 JavaThread "Cache worker for cache directory md-rule (C:\Users\crepo\.gradle\caches\7.2\md-rule)" [_thread_blocked, id=19336, stack(0x000000f9dbe00000,0x000000f9dbf00000)]
  0x000002532d1c13f0 JavaThread "Cache worker for dependencies-accessors (D:\Proyectos\ATS_VHF_Receiver\.gradle\7.2\dependencies-accessors)" [_thread_blocked, id=40984, stack(0x000000f9dbf00000,0x000000f9dc000000)]
  0x000002532d1c4180 JavaThread "Cache worker for Build Output Cleanup Cache (D:\Proyectos\ATS_VHF_Receiver\.gradle\buildOutputCleanup)" [_thread_blocked, id=7664, stack(0x000000f9dc000000,0x000000f9dc100000)]
  0x000002532d1c1900 JavaThread "Unconstrained build operations" [_thread_blocked, id=22396, stack(0x000000f9dc100000,0x000000f9dc200000)]
  0x000002532d1c0ee0 JavaThread "Unconstrained build operations Thread 2" [_thread_blocked, id=37796, stack(0x000000f9dc200000,0x000000f9dc300000)]
  0x000002532d1c3250 JavaThread "Unconstrained build operations Thread 3" [_thread_blocked, id=1004, stack(0x000000f9dc300000,0x000000f9dc400000)]
  0x000002532d1c09d0 JavaThread "Unconstrained build operations Thread 4" [_thread_blocked, id=52856, stack(0x000000f9dc400000,0x000000f9dc500000)]
  0x000002532d1c3c70 JavaThread "Unconstrained build operations Thread 5" [_thread_blocked, id=3520, stack(0x000000f9dc500000,0x000000f9dc600000)]
  0x000002532d1c1e10 JavaThread "Unconstrained build operations Thread 6" [_thread_blocked, id=46784, stack(0x000000f9dc600000,0x000000f9dc700000)]
  0x000002532d1c2d40 JavaThread "Unconstrained build operations Thread 7" [_thread_blocked, id=25004, stack(0x000000f9dc700000,0x000000f9dc800000)]
  0x000002532b4231b0 JavaThread "Unconstrained build operations Thread 8" [_thread_blocked, id=14160, stack(0x000000f9dc800000,0x000000f9dc900000)]
  0x000002532b420420 JavaThread "Unconstrained build operations Thread 9" [_thread_blocked, id=38440, stack(0x000000f9dc900000,0x000000f9dca00000)]
  0x000002532b41ff10 JavaThread "Unconstrained build operations Thread 10" [_thread_blocked, id=33648, stack(0x000000f9dca00000,0x000000f9dcb00000)]
  0x000002532b422280 JavaThread "Unconstrained build operations Thread 11" [_thread_blocked, id=18468, stack(0x000000f9dcb00000,0x000000f9dcc00000)]
  0x000002532b41fa00 JavaThread "Unconstrained build operations Thread 12" [_thread_blocked, id=51352, stack(0x000000f9dcc00000,0x000000f9dcd00000)]
  0x000002532b420930 JavaThread "Unconstrained build operations Thread 13" [_thread_blocked, id=32036, stack(0x000000f9dcd00000,0x000000f9dce00000)]
  0x000002532b422790 JavaThread "Unconstrained build operations Thread 14" [_thread_blocked, id=29544, stack(0x000000f9dce00000,0x000000f9dcf00000)]
  0x000002532b421d70 JavaThread "Unconstrained build operations Thread 15" [_thread_blocked, id=1852, stack(0x000000f9dcf00000,0x000000f9dd000000)]
  0x000002532b422ca0 JavaThread "Unconstrained build operations Thread 16" [_thread_blocked, id=30356, stack(0x000000f9dd000000,0x000000f9dd100000)]
  0x000002532b420e40 JavaThread "Unconstrained build operations Thread 17" [_thread_blocked, id=3136, stack(0x000000f9dd100000,0x000000f9dd200000)]
  0x000002532b421350 JavaThread "Unconstrained build operations Thread 18" [_thread_blocked, id=26616, stack(0x000000f9dd200000,0x000000f9dd300000)]
  0x000002532b421860 JavaThread "Unconstrained build operations Thread 19" [_thread_blocked, id=7052, stack(0x000000f9dd300000,0x000000f9dd400000)]
  0x0000025329447890 JavaThread "Unconstrained build operations Thread 20" [_thread_blocked, id=57372, stack(0x000000f9dd400000,0x000000f9dd500000)]
  0x0000025329445a30 JavaThread "Unconstrained build operations Thread 21" [_thread_blocked, id=29244, stack(0x000000f9dd500000,0x000000f9dd600000)]
  0x0000025329445f40 JavaThread "Unconstrained build operations Thread 22" [_thread_blocked, id=17052, stack(0x000000f9dd600000,0x000000f9dd700000)]
  0x0000025329447da0 JavaThread "Unconstrained build operations Thread 23" [_thread_blocked, id=13560, stack(0x000000f9dd700000,0x000000f9dd800000)]
  0x0000025329446450 JavaThread "Unconstrained build operations Thread 24" [_thread_blocked, id=17472, stack(0x000000f9dd800000,0x000000f9dd900000)]
  0x0000025329445520 JavaThread "Unconstrained build operations Thread 25" [_thread_blocked, id=17044, stack(0x000000f9dd900000,0x000000f9dda00000)]
  0x0000025329446960 JavaThread "Unconstrained build operations Thread 26" [_thread_blocked, id=49564, stack(0x000000f9dda00000,0x000000f9ddb00000)]
  0x00000253294445f0 JavaThread "Unconstrained build operations Thread 27" [_thread_blocked, id=28808, stack(0x000000f9ddb00000,0x000000f9ddc00000)]
  0x0000025329446e70 JavaThread "Unconstrained build operations Thread 28" [_thread_blocked, id=5272, stack(0x000000f9ddc00000,0x000000f9ddd00000)]
  0x0000025329444b00 JavaThread "Unconstrained build operations Thread 29" [_thread_blocked, id=1372, stack(0x000000f9ddd00000,0x000000f9dde00000)]
  0x0000025329447380 JavaThread "Unconstrained build operations Thread 30" [_thread_blocked, id=35692, stack(0x000000f9dde00000,0x000000f9ddf00000)]
  0x0000025329445010 JavaThread "Unconstrained build operations Thread 31" [_thread_blocked, id=46044, stack(0x000000f9ddf00000,0x000000f9de000000)]
  0x000002532b938d10 JavaThread "Unconstrained build operations Thread 32" [_thread_blocked, id=39152, stack(0x000000f9de000000,0x000000f9de100000)]
  0x000002532b9369a0 JavaThread "Unconstrained build operations Thread 33" [_thread_blocked, id=38548, stack(0x000000f9de100000,0x000000f9de200000)]
  0x000002532b939220 JavaThread "Unconstrained build operations Thread 34" [_thread_blocked, id=3572, stack(0x000000f9de200000,0x000000f9de300000)]
  0x000002532b936eb0 JavaThread "Unconstrained build operations Thread 35" [_thread_blocked, id=8928, stack(0x000000f9de300000,0x000000f9de400000)]
  0x000002532b9378d0 JavaThread "Unconstrained build operations Thread 36" [_thread_blocked, id=45852, stack(0x000000f9de400000,0x000000f9de500000)]
  0x000002532b9382f0 JavaThread "Unconstrained build operations Thread 37" [_thread_blocked, id=3100, stack(0x000000f9de500000,0x000000f9de600000)]
  0x000002532b935a70 JavaThread "Unconstrained build operations Thread 38" [_thread_blocked, id=41564, stack(0x000000f9de600000,0x000000f9de700000)]
  0x000002532b936490 JavaThread "Unconstrained build operations Thread 39" [_thread_blocked, id=31656, stack(0x000000f9de700000,0x000000f9de800000)]
  0x000002532b937de0 JavaThread "Unconstrained build operations Thread 40" [_thread_blocked, id=57228, stack(0x000000f9de800000,0x000000f9de900000)]
  0x000002532b938800 JavaThread "Unconstrained build operations Thread 41" [_thread_blocked, id=23676, stack(0x000000f9de900000,0x000000f9dea00000)]
  0x000002532b935f80 JavaThread "Unconstrained build operations Thread 42" [_thread_blocked, id=14864, stack(0x000000f9dea00000,0x000000f9deb00000)]
  0x000002532b9373c0 JavaThread "Unconstrained build operations Thread 43" [_thread_blocked, id=7848, stack(0x000000f9deb00000,0x000000f9dec00000)]
  0x00000253292848c0 JavaThread "Unconstrained build operations Thread 44" [_thread_blocked, id=42584, stack(0x000000f9dec00000,0x000000f9ded00000)]
  0x0000025329281620 JavaThread "Unconstrained build operations Thread 45" [_thread_blocked, id=18144, stack(0x000000f9ded00000,0x000000f9dee00000)]
  0x0000025329281b30 JavaThread "Unconstrained build operations Thread 46" [_thread_blocked, id=41336, stack(0x000000f9dee00000,0x000000f9def00000)]
  0x0000025329281110 JavaThread "Unconstrained build operations Thread 47" [_thread_blocked, id=43196, stack(0x000000f9def00000,0x000000f9df000000)]
  0x00000253292843b0 JavaThread "Unconstrained build operations Thread 48" [_thread_blocked, id=29396, stack(0x000000f9df000000,0x000000f9df100000)]
  0x0000025329282040 JavaThread "Unconstrained build operations Thread 49" [_thread_blocked, id=2512, stack(0x000000f9df100000,0x000000f9df200000)]
  0x0000025329282f70 JavaThread "Unconstrained build operations Thread 50" [_thread_blocked, id=37444, stack(0x000000f9df200000,0x000000f9df300000)]
  0x0000025329283480 JavaThread "Unconstrained build operations Thread 51" [_thread_blocked, id=18816, stack(0x000000f9df300000,0x000000f9df400000)]
  0x0000025329283ea0 JavaThread "Unconstrained build operations Thread 52" [_thread_blocked, id=55264, stack(0x000000f9df400000,0x000000f9df500000)]
  0x0000025329283990 JavaThread "Unconstrained build operations Thread 53" [_thread_blocked, id=24940, stack(0x000000f9df500000,0x000000f9df600000)]
  0x0000025329282550 JavaThread "Unconstrained build operations Thread 54" [_thread_blocked, id=35416, stack(0x000000f9df600000,0x000000f9df700000)]
  0x0000025329282a60 JavaThread "Unconstrained build operations Thread 55" [_thread_blocked, id=3516, stack(0x000000f9df700000,0x000000f9df800000)]
  0x000002532db26900 JavaThread "Unconstrained build operations Thread 56" [_thread_blocked, id=2952, stack(0x000000f9df800000,0x000000f9df900000)]
  0x000002532db26e10 JavaThread "Unconstrained build operations Thread 57" [_thread_blocked, id=24252, stack(0x000000f9df900000,0x000000f9dfa00000)]
  0x000002532db24fb0 JavaThread "Unconstrained build operations Thread 58" [_thread_blocked, id=38036, stack(0x000000f9dfa00000,0x000000f9dfb00000)]
  0x000002532db254c0 JavaThread "Unconstrained build operations Thread 59" [_thread_blocked, id=58308, stack(0x000000f9dfb00000,0x000000f9dfc00000)]
  0x000002532db27830 JavaThread "Unconstrained build operations Thread 60" [_thread_blocked, id=21592, stack(0x000000f9dfc00000,0x000000f9dfd00000)]
  0x000002532db27320 JavaThread "Unconstrained build operations Thread 61" [_thread_blocked, id=18624, stack(0x000000f9dfd00000,0x000000f9dfe00000)]
  0x000002532db263f0 JavaThread "Unconstrained build operations Thread 62" [_thread_blocked, id=18980, stack(0x000000f9dfe00000,0x000000f9dff00000)]
  0x000002532db27d40 JavaThread "Unconstrained build operations Thread 63" [_thread_blocked, id=23988, stack(0x000000f9dff00000,0x000000f9e0000000)]
  0x000002532db28250 JavaThread "Unconstrained build operations Thread 64" [_thread_blocked, id=54304, stack(0x000000f9e0000000,0x000000f9e0100000)]
  0x000002532db28760 JavaThread "Unconstrained build operations Thread 65" [_thread_blocked, id=35016, stack(0x000000f9e0100000,0x000000f9e0200000)]
  0x000002532db259d0 JavaThread "Unconstrained build operations Thread 66" [_thread_blocked, id=55216, stack(0x000000f9e0200000,0x000000f9e0300000)]
  0x000002532db25ee0 JavaThread "Unconstrained build operations Thread 67" [_thread_blocked, id=15936, stack(0x000000f9e0300000,0x000000f9e0400000)]
  0x0000025329ce9560 JavaThread "Unconstrained build operations Thread 68" [_thread_blocked, id=11688, stack(0x000000f9e0400000,0x000000f9e0500000)]
  0x0000025329ceaeb0 JavaThread "Unconstrained build operations Thread 69" [_thread_blocked, id=42232, stack(0x000000f9e0500000,0x000000f9e0600000)]
  0x0000025329ce9a70 JavaThread "Unconstrained build operations Thread 70" [_thread_blocked, id=46540, stack(0x000000f9e0600000,0x000000f9e0700000)]
  0x0000025329cea490 JavaThread "Unconstrained build operations Thread 71" [_thread_blocked, id=37144, stack(0x000000f9e0700000,0x000000f9e0800000)]
  0x0000025329cea9a0 JavaThread "Unconstrained build operations Thread 72" [_thread_blocked, id=37200, stack(0x000000f9e0800000,0x000000f9e0900000)]
  0x0000025329ce9f80 JavaThread "Unconstrained build operations Thread 73" [_thread_blocked, id=14524, stack(0x000000f9e0900000,0x000000f9e0a00000)]
  0x0000025329ceb3c0 JavaThread "Unconstrained build operations Thread 74" [_thread_blocked, id=53604, stack(0x000000f9e0a00000,0x000000f9e0b00000)]
  0x0000025329cec800 JavaThread "Unconstrained build operations Thread 75" [_thread_blocked, id=1972, stack(0x000000f9e0b00000,0x000000f9e0c00000)]
  0x0000025329cec2f0 JavaThread "Unconstrained build operations Thread 76" [_thread_blocked, id=43644, stack(0x000000f9e0c00000,0x000000f9e0d00000)]
  0x0000025329cebde0 JavaThread "Unconstrained build operations Thread 77" [_thread_blocked, id=18760, stack(0x000000f9e0d00000,0x000000f9e0e00000)]
  0x0000025329ce9050 JavaThread "Unconstrained build operations Thread 78" [_thread_blocked, id=25240, stack(0x000000f9e0e00000,0x000000f9e0f00000)]
  0x0000025329ceb8d0 JavaThread "Unconstrained build operations Thread 79" [_thread_blocked, id=20680, stack(0x000000f9e0f00000,0x000000f9e1000000)]
  0x000002532e022510 JavaThread "Unconstrained build operations Thread 80" [_thread_blocked, id=12904, stack(0x000000f9e1000000,0x000000f9e1100000)]
  0x000002532e0252a0 JavaThread "Unconstrained build operations Thread 81" [_thread_blocked, id=51836, stack(0x000000f9e1100000,0x000000f9e1200000)]
  0x000002532e023e60 JavaThread "Unconstrained build operations Thread 82" [_thread_blocked, id=44948, stack(0x000000f9e1200000,0x000000f9e1300000)]
  0x000002532e024880 JavaThread "Unconstrained build operations Thread 83" [_thread_blocked, id=51900, stack(0x000000f9e1300000,0x000000f9e1400000)]
  0x000002532e024d90 JavaThread "Unconstrained build operations Thread 84" [_thread_blocked, id=48200, stack(0x000000f9e1400000,0x000000f9e1500000)]
  0x000002532e0257b0 JavaThread "Unconstrained build operations Thread 85" [_thread_blocked, id=7200, stack(0x000000f9e1500000,0x000000f9e1600000)]
  0x000002532e024370 JavaThread "Unconstrained build operations Thread 86" [_thread_blocked, id=47612, stack(0x000000f9e1600000,0x000000f9e1700000)]
  0x000002532e022a20 JavaThread "Unconstrained build operations Thread 87" [_thread_blocked, id=33788, stack(0x000000f9e1700000,0x000000f9e1800000)]
  0x000002532e023440 JavaThread "Unconstrained build operations Thread 88" [_thread_blocked, id=30400, stack(0x000000f9e1800000,0x000000f9e1900000)]
  0x000002532e022000 JavaThread "Unconstrained build operations Thread 89" [_thread_blocked, id=46184, stack(0x000000f9e1900000,0x000000f9e1a00000)]
  0x000002532e023950 JavaThread "Unconstrained build operations Thread 90" [_thread_blocked, id=40744, stack(0x000000f9e1a00000,0x000000f9e1b00000)]
  0x000002532e022f30 JavaThread "Unconstrained build operations Thread 91" [_thread_blocked, id=45848, stack(0x000000f9e1b00000,0x000000f9e1c00000)]
  0x000002532cd53810 JavaThread "Unconstrained build operations Thread 92" [_thread_blocked, id=22192, stack(0x000000f9e1c00000,0x000000f9e1d00000)]
  0x000002532cd51ec0 JavaThread "Unconstrained build operations Thread 93" [_thread_blocked, id=3240, stack(0x000000f9e1d00000,0x000000f9e1e00000)]
  0x000002532cd50060 JavaThread "Unconstrained build operations Thread 94" [_thread_blocked, id=27092, stack(0x000000f9e1e00000,0x000000f9e1f00000)]
  0x000002532cd50570 JavaThread "Unconstrained build operations Thread 95" [_thread_blocked, id=10664, stack(0x000000f9e1f00000,0x000000f9e2000000)]
  0x000002532cd53300 JavaThread "Unconstrained build operations Thread 96" [_thread_blocked, id=35344, stack(0x000000f9e2000000,0x000000f9e2100000)]
  0x000002532cd52df0 JavaThread "Unconstrained build operations Thread 97" [_thread_blocked, id=29668, stack(0x000000f9e2100000,0x000000f9e2200000)]
  0x000002532cd50a80 JavaThread "Unconstrained build operations Thread 98" [_thread_blocked, id=50496, stack(0x000000f9e2200000,0x000000f9e2300000)]
  0x000002532cd523d0 JavaThread "Unconstrained build operations Thread 99" [_thread_blocked, id=54444, stack(0x000000f9e2300000,0x000000f9e2400000)]
  0x000002532cd50f90 JavaThread "Unconstrained build operations Thread 100" [_thread_blocked, id=24532, stack(0x000000f9e2400000,0x000000f9e2500000)]
  0x000002532cd519b0 JavaThread "Unconstrained build operations Thread 101" [_thread_blocked, id=15528, stack(0x000000f9e2500000,0x000000f9e2600000)]
  0x000002532cd528e0 JavaThread "Unconstrained build operations Thread 102" [_thread_blocked, id=31764, stack(0x000000f9e2600000,0x000000f9e2700000)]
  0x000002532f7b7f90 JavaThread "Unconstrained build operations Thread 103" [_thread_blocked, id=28860, stack(0x000000f9e2700000,0x000000f9e2800000)]
  0x000002532f7ba300 JavaThread "Unconstrained build operations Thread 104" [_thread_blocked, id=4220, stack(0x000000f9e2800000,0x000000f9e2900000)]
  0x000002532f7b93d0 JavaThread "Unconstrained build operations Thread 105" [_thread_blocked, id=47948, stack(0x000000f9e2900000,0x000000f9e2a00000)]
  0x000002532f7b84a0 JavaThread "Unconstrained build operations Thread 106" [_thread_blocked, id=28012, stack(0x000000f9e2a00000,0x000000f9e2b00000)]
  0x000002532f7b98e0 JavaThread "Unconstrained build operations Thread 107" [_thread_blocked, id=25564, stack(0x000000f9e2b00000,0x000000f9e2c00000)]
  0x000002532f7b8ec0 JavaThread "Unconstrained build operations Thread 108" [_thread_blocked, id=20260, stack(0x000000f9e2c00000,0x000000f9e2d00000)]
  0x000002532f7ba810 JavaThread "Unconstrained build operations Thread 109" [_thread_blocked, id=29700, stack(0x000000f9e2d00000,0x000000f9e2e00000)]
  0x000002532f7b7570 JavaThread "Unconstrained build operations Thread 110" [_thread_blocked, id=54936, stack(0x000000f9e2e00000,0x000000f9e2f00000)]
  0x000002532f7b89b0 JavaThread "Unconstrained build operations Thread 111" [_thread_blocked, id=40916, stack(0x000000f9e2f00000,0x000000f9e3000000)]
  0x000002532f7b7a80 JavaThread "Unconstrained build operations Thread 112" [_thread_blocked, id=30588, stack(0x000000f9e3000000,0x000000f9e3100000)]
  0x000002532f7b9df0 JavaThread "Unconstrained build operations Thread 113" [_thread_blocked, id=12416, stack(0x000000f9e3100000,0x000000f9e3200000)]
  0x000002532f7b7060 JavaThread "Unconstrained build operations Thread 114" [_thread_blocked, id=2560, stack(0x000000f9e3200000,0x000000f9e3300000)]
  0x000002532f7bc670 JavaThread "Unconstrained build operations Thread 115" [_thread_blocked, id=29312, stack(0x000000f9e3300000,0x000000f9e3400000)]
  0x000002532f7bad20 JavaThread "Unconstrained build operations Thread 116" [_thread_blocked, id=42856, stack(0x000000f9e3400000,0x000000f9e3500000)]
  0x000002532f7bcb80 JavaThread "Unconstrained build operations Thread 117" [_thread_blocked, id=38816, stack(0x000000f9e3500000,0x000000f9e3600000)]
  0x000002532f7be9e0 JavaThread "Unconstrained build operations Thread 118" [_thread_blocked, id=39552, stack(0x000000f9e4000000,0x000000f9e4100000)]
  0x000002532f7bd090 JavaThread "Unconstrained build operations Thread 119" [_thread_blocked, id=5032, stack(0x000000f9e4100000,0x000000f9e4200000)]
  0x000002532f7bc160 JavaThread "Unconstrained build operations Thread 120" [_thread_blocked, id=53392, stack(0x000000f9e4200000,0x000000f9e4300000)]
  0x000002532f7bd5a0 JavaThread "build event listener" [_thread_blocked, id=32384, stack(0x000000f9e4300000,0x000000f9e4400000)]
  0x000002532f7bdab0 JavaThread "Execution worker for ':'" [_thread_blocked, id=25132, stack(0x000000f9e4400000,0x000000f9e4500000)]
  0x000002532f7bdfc0 JavaThread "Execution worker for ':' Thread 2" [_thread_blocked, id=41360, stack(0x000000f9e4500000,0x000000f9e4600000)]
  0x000002532f7be4d0 JavaThread "Execution worker for ':' Thread 3" [_thread_blocked, id=20196, stack(0x000000f9e4600000,0x000000f9e4700000)]
  0x000002532f7bb230 JavaThread "Execution worker for ':' Thread 4" [_thread_blocked, id=11048, stack(0x000000f9e4700000,0x000000f9e4800000)]
  0x000002532f7bb740 JavaThread "Execution worker for ':' Thread 5" [_thread_blocked, id=57700, stack(0x000000f9e4800000,0x000000f9e4900000)]
  0x000002532f7bbc50 JavaThread "Execution worker for ':' Thread 6" [_thread_blocked, id=19800, stack(0x000000f9e4900000,0x000000f9e4a00000)]
  0x000002532cd514a0 JavaThread "Execution worker for ':' Thread 7" [_thread_blocked, id=47016, stack(0x000000f9e4a00000,0x000000f9e4b00000)]
  0x000002532fa22870 JavaThread "Execution worker for ':' Thread 8" [_thread_blocked, id=18684, stack(0x000000f9e4b00000,0x000000f9e4c00000)]
  0x000002532fa21940 JavaThread "Execution worker for ':' Thread 9" [_thread_blocked, id=37064, stack(0x000000f9e4c00000,0x000000f9e4d00000)]
  0x000002532fa21e50 JavaThread "Execution worker for ':' Thread 10" [_thread_blocked, id=41004, stack(0x000000f9e4d00000,0x000000f9e4e00000)]
  0x000002532fa22360 JavaThread "Execution worker for ':' Thread 11" [_thread_blocked, id=33476, stack(0x000000f9e5200000,0x000000f9e5300000)]
  0x000002532ef243e0 JavaThread "Cache worker for execution history cache (D:\Proyectos\ATS_VHF_Receiver\.gradle\7.2\executionHistory)" [_thread_blocked, id=23864, stack(0x000000f9e5300000,0x000000f9e5400000)]

Other Threads:
=>0x0000025323a41cc0 VMThread "VM Thread" [stack: 0x000000f9d8a00000,0x000000f9d8b00000] [id=25744]
  0x00000253243707b0 WatcherThread [stack: 0x000000f9d9600000,0x000000f9d9700000] [id=22936]
  0x0000025303669aa0 GCTaskThread "GC Thread#0" [stack: 0x000000f9d8500000,0x000000f9d8600000] [id=53008]
  0x0000025329077570 GCTaskThread "GC Thread#1" [stack: 0x000000f9d9800000,0x000000f9d9900000] [id=17412]
  0x0000025329077830 GCTaskThread "GC Thread#2" [stack: 0x000000f9d9900000,0x000000f9d9a00000] [id=52824]
  0x0000025329077af0 GCTaskThread "GC Thread#3" [stack: 0x000000f9d9a00000,0x000000f9d9b00000] [id=32644]
  0x0000025329077db0 GCTaskThread "GC Thread#4" [stack: 0x000000f9d9b00000,0x000000f9d9c00000] [id=32848]
  0x0000025324aac490 GCTaskThread "GC Thread#5" [stack: 0x000000f9d9c00000,0x000000f9d9d00000] [id=16480]
  0x000002532a0b5910 GCTaskThread "GC Thread#6" [stack: 0x000000f9da800000,0x000000f9da900000] [id=19760]
  0x000002532a2ffcd0 GCTaskThread "GC Thread#7" [stack: 0x000000f9da900000,0x000000f9daa00000] [id=28312]
  0x000002532a4745e0 GCTaskThread "GC Thread#8" [stack: 0x000000f9daa00000,0x000000f9dab00000] [id=8220]
  0x0000025329849f00 GCTaskThread "GC Thread#9" [stack: 0x000000f9dab00000,0x000000f9dac00000] [id=25272]
  0x000002530367a620 ConcurrentGCThread "G1 Main Marker" [stack: 0x000000f9d8600000,0x000000f9d8700000] [id=45276]
  0x000002530367bc20 ConcurrentGCThread "G1 Conc#0" [stack: 0x000000f9d8700000,0x000000f9d8800000] [id=30764]
  0x000002532a2a0c50 ConcurrentGCThread "G1 Conc#1" [stack: 0x000000f9dac00000,0x000000f9dad00000] [id=50768]
  0x000002532987c9b0 ConcurrentGCThread "G1 Conc#2" [stack: 0x000000f9dad00000,0x000000f9dae00000] [id=45436]
  0x00000253036adfa0 ConcurrentGCThread "G1 Refine#0" [stack: 0x000000f9d8800000,0x000000f9d8900000] [id=39540]
  0x000002532f08b190 ConcurrentGCThread "G1 Refine#1" [stack: 0x000000f9e4e00000,0x000000f9e4f00000] [id=47600]
  0x000002532f089ff0 ConcurrentGCThread "G1 Refine#2" [stack: 0x000000f9e4f00000,0x000000f9e5000000] [id=32844]
  0x000002532f08bd50 ConcurrentGCThread "G1 Refine#3" [stack: 0x000000f9e5000000,0x000000f9e5100000] [id=36652]
  0x000002532f08aea0 ConcurrentGCThread "G1 Refine#4" [stack: 0x000000f9e5100000,0x000000f9e5200000] [id=10316]
  0x00000253036ae780 ConcurrentGCThread "G1 Service" [stack: 0x000000f9d8900000,0x000000f9d8a00000] [id=50876]

Threads with active compile tasks:
C2 CompilerThread0    57268 17804       4       com.sun.tools.javac.comp.Attr::visitApply (889 bytes)
C1 CompilerThread0    57268 17849       3       com.sun.tools.javac.comp.Attr::condType (430 bytes)
C2 CompilerThread1    57268 17779       4       com.sun.tools.javac.comp.Resolve::resolveQualifiedMethod (26 bytes)
C2 CompilerThread2    57268 17795       4       com.sun.tools.javac.jvm.ClassWriter::writeCode (900 bytes)

VM state: at safepoint (normal execution)

VM Mutex/Monitor currently owned by a thread:  ([mutex/lock_event])
[0x00000253035fd9e0] Threads_lock - owner thread: 0x0000025323a41cc0
[0x00000253035fd440] Heap_lock - owner thread: 0x000002532f7bdfc0

Heap address: 0x0000000702e00000, size: 4050 MB, Compressed Oops mode: Zero based, Oop shift amount: 3

CDS archive(s) not mapped
Compressed class space mapped at: 0x0000000800000000-0x0000000840000000, reserved size: 1073741824
Narrow klass base: 0x0000000800000000, Narrow klass shift: 0, Narrow klass range: 0x40000000

GC Precious Log:
 CPUs: 12 total, 12 available
 Memory: 16196M
 Large Page Support: Disabled
 NUMA Support: Disabled
 Compressed Oops: Enabled (Zero based)
 Heap Region Size: 2M
 Heap Min Capacity: 8M
 Heap Initial Capacity: 254M
 Heap Max Capacity: 4050M
 Pre-touch: Disabled
 Parallel Workers: 10
 Concurrent Workers: 3
 Concurrent Refinement Workers: 10
 Periodic GC: Disabled

Heap:
 garbage-first heap   total 290816K, used 124373K [0x0000000702e00000, 0x0000000800000000)
  region size 2048K, 3 young (6144K), 3 survivors (6144K)
 Metaspace       used 98537K, committed 99840K, reserved 1179648K
  class space    used 12841K, committed 13312K, reserved 1048576K

Heap Regions: E=young(eden), S=young(survivor), O=old, HS=humongous(starts), HC=humongous(continues), CS=collection set, F=free, OA=open archive, CA=closed archive, TAMS=top-at-mark-start (previous, next)
|   0|0x0000000702e00000, 0x0000000703000000, 0x0000000703000000|100%| O|  |TAMS 0x0000000703000000, 0x0000000702e00000| Untracked 
|   1|0x0000000703000000, 0x0000000703200000, 0x0000000703200000|100%| O|  |TAMS 0x0000000703200000, 0x0000000703000000| Untracked 
|   2|0x0000000703200000, 0x0000000703400000, 0x0000000703400000|100%|HS|  |TAMS 0x0000000703400000, 0x0000000703200000| Complete 
|   3|0x0000000703400000, 0x0000000703600000, 0x0000000703600000|100%|HC|  |TAMS 0x0000000703600000, 0x0000000703400000| Complete 
|   4|0x0000000703600000, 0x0000000703800000, 0x0000000703800000|100%| O|  |TAMS 0x0000000703800000, 0x0000000703600000| Untracked 
|   5|0x0000000703800000, 0x0000000703a00000, 0x0000000703a00000|100%| O|  |TAMS 0x0000000703a00000, 0x0000000703800000| Untracked 
|   6|0x0000000703a00000, 0x0000000703c00000, 0x0000000703c00000|100%| O|  |TAMS 0x0000000703c00000, 0x0000000703a00000| Untracked 
|   7|0x0000000703c00000, 0x0000000703e00000, 0x0000000703e00000|100%| O|  |TAMS 0x0000000703e00000, 0x0000000703c00000| Untracked 
|   8|0x0000000703e00000, 0x0000000704000000, 0x0000000704000000|100%| O|  |TAMS 0x0000000704000000, 0x0000000703e00000| Untracked 
|   9|0x0000000704000000, 0x0000000704200000, 0x0000000704200000|100%| O|  |TAMS 0x0000000704200000, 0x0000000704000000| Untracked 
|  10|0x0000000704200000, 0x0000000704400000, 0x0000000704400000|100%| O|  |TAMS 0x0000000704400000, 0x0000000704200000| Untracked 
|  11|0x0000000704400000, 0x0000000704600000, 0x0000000704600000|100%| O|  |TAMS 0x0000000704600000, 0x0000000704400000| Untracked 
|  12|0x0000000704600000, 0x0000000704800000, 0x0000000704800000|100%| O|  |TAMS 0x0000000704800000, 0x0000000704600000| Untracked 
|  13|0x0000000704800000, 0x0000000704a00000, 0x0000000704a00000|100%|HS|  |TAMS 0x0000000704a00000, 0x0000000704800000| Complete 
|  14|0x0000000704a00000, 0x0000000704c00000, 0x0000000704c00000|100%| O|  |TAMS 0x0000000704c00000, 0x0000000704a00000| Untracked 
|  15|0x0000000704c00000, 0x0000000704e00000, 0x0000000704e00000|100%| O|  |TAMS 0x0000000704e00000, 0x0000000704c00000| Untracked 
|  16|0x0000000704e00000, 0x0000000705000000, 0x0000000705000000|100%| O|  |TAMS 0x0000000705000000, 0x0000000704e00000| Untracked 
|  17|0x0000000705000000, 0x0000000705200000, 0x0000000705200000|100%| O|  |TAMS 0x0000000705200000, 0x0000000705000000| Untracked 
|  18|0x0000000705200000, 0x0000000705400000, 0x0000000705400000|100%| O|  |TAMS 0x0000000705400000, 0x0000000705200000| Untracked 
|  19|0x0000000705400000, 0x0000000705600000, 0x0000000705600000|100%| O|  |TAMS 0x0000000705600000, 0x0000000705400000| Untracked 
|  20|0x0000000705600000, 0x0000000705800000, 0x0000000705800000|100%| O|  |TAMS 0x0000000705800000, 0x0000000705600000| Untracked 
|  21|0x0000000705800000, 0x0000000705a00000, 0x0000000705a00000|100%| O|  |TAMS 0x0000000705a00000, 0x0000000705800000| Untracked 
|  22|0x0000000705a00000, 0x0000000705c00000, 0x0000000705c00000|100%| O|  |TAMS 0x0000000705c00000, 0x0000000705a00000| Untracked 
|  23|0x0000000705c00000, 0x0000000705e00000, 0x0000000705e00000|100%| O|  |TAMS 0x0000000705e00000, 0x0000000705c00000| Untracked 
|  24|0x0000000705e00000, 0x0000000706000000, 0x0000000706000000|100%| O|  |TAMS 0x0000000706000000, 0x0000000705e00000| Untracked 
|  25|0x0000000706000000, 0x0000000706200000, 0x0000000706200000|100%| O|  |TAMS 0x0000000706200000, 0x0000000706000000| Untracked 
|  26|0x0000000706200000, 0x0000000706400000, 0x0000000706400000|100%| O|  |TAMS 0x0000000706400000, 0x0000000706200000| Untracked 
|  27|0x0000000706400000, 0x0000000706600000, 0x0000000706600000|100%| O|  |TAMS 0x0000000706600000, 0x0000000706400000| Untracked 
|  28|0x0000000706600000, 0x0000000706800000, 0x0000000706800000|100%| O|  |TAMS 0x0000000706800000, 0x0000000706600000| Untracked 
|  29|0x0000000706800000, 0x0000000706a00000, 0x0000000706a00000|100%| O|  |TAMS 0x0000000706a00000, 0x0000000706800000| Untracked 
|  30|0x0000000706a00000, 0x0000000706c00000, 0x0000000706c00000|100%| O|  |TAMS 0x0000000706c00000, 0x0000000706a00000| Untracked 
|  31|0x0000000706c00000, 0x0000000706e00000, 0x0000000706e00000|100%| O|  |TAMS 0x0000000706e00000, 0x0000000706c00000| Untracked 
|  32|0x0000000706e00000, 0x0000000707000000, 0x0000000707000000|100%| O|  |TAMS 0x0000000707000000, 0x0000000706e00000| Untracked 
|  33|0x0000000707000000, 0x0000000707200000, 0x0000000707200000|100%| O|  |TAMS 0x0000000707200000, 0x0000000707000000| Untracked 
|  34|0x0000000707200000, 0x0000000707400000, 0x0000000707400000|100%| O|  |TAMS 0x0000000707400000, 0x0000000707200000| Untracked 
|  35|0x0000000707400000, 0x0000000707600000, 0x0000000707600000|100%| O|  |TAMS 0x0000000707600000, 0x0000000707400000| Untracked 
|  36|0x0000000707600000, 0x0000000707800000, 0x0000000707800000|100%| O|  |TAMS 0x0000000707800000, 0x0000000707600000| Untracked 
|  37|0x0000000707800000, 0x0000000707a00000, 0x0000000707a00000|100%| O|  |TAMS 0x0000000707a00000, 0x0000000707800000| Untracked 
|  38|0x0000000707a00000, 0x0000000707a00000, 0x0000000707c00000|  0%| F|  |TAMS 0x0000000707a00000, 0x0000000707a00000| Untracked 
|  39|0x0000000707c00000, 0x0000000707c00000, 0x0000000707e00000|  0%| F|  |TAMS 0x0000000707c00000, 0x0000000707c00000| Untracked 
|  40|0x0000000707e00000, 0x0000000707e00000, 0x0000000708000000|  0%| F|  |TAMS 0x0000000707e00000, 0x0000000707e00000| Untracked 
|  41|0x0000000708000000, 0x0000000708000000, 0x0000000708200000|  0%| F|  |TAMS 0x0000000708000000, 0x0000000708000000| Untracked 
|  42|0x0000000708200000, 0x0000000708200000, 0x0000000708400000|  0%| F|  |TAMS 0x0000000708200000, 0x0000000708200000| Untracked 
|  43|0x0000000708400000, 0x0000000708600000, 0x0000000708600000|100%| O|  |TAMS 0x0000000708600000, 0x0000000708400000| Untracked 
|  44|0x0000000708600000, 0x0000000708600000, 0x0000000708800000|  0%| F|  |TAMS 0x0000000708600000, 0x0000000708600000| Untracked 
|  45|0x0000000708800000, 0x0000000708800000, 0x0000000708a00000|  0%| F|  |TAMS 0x0000000708800000, 0x0000000708800000| Untracked 
|  46|0x0000000708a00000, 0x0000000708a00000, 0x0000000708c00000|  0%| F|  |TAMS 0x0000000708a00000, 0x0000000708a00000| Untracked 
|  47|0x0000000708c00000, 0x0000000708c00000, 0x0000000708e00000|  0%| F|  |TAMS 0x0000000708c00000, 0x0000000708c00000| Untracked 
|  48|0x0000000708e00000, 0x0000000708e00000, 0x0000000709000000|  0%| F|  |TAMS 0x0000000708e00000, 0x0000000708e00000| Untracked 
|  49|0x0000000709000000, 0x0000000709000000, 0x0000000709200000|  0%| F|  |TAMS 0x0000000709000000, 0x0000000709000000| Untracked 
|  50|0x0000000709200000, 0x0000000709200000, 0x0000000709400000|  0%| F|  |TAMS 0x0000000709200000, 0x0000000709200000| Untracked 
|  51|0x0000000709400000, 0x0000000709400000, 0x0000000709600000|  0%| F|  |TAMS 0x0000000709400000, 0x0000000709400000| Untracked 
|  52|0x0000000709600000, 0x0000000709600000, 0x0000000709800000|  0%| F|  |TAMS 0x0000000709600000, 0x0000000709600000| Untracked 
|  53|0x0000000709800000, 0x0000000709800000, 0x0000000709a00000|  0%| F|  |TAMS 0x0000000709800000, 0x0000000709800000| Untracked 
|  54|0x0000000709a00000, 0x0000000709a00000, 0x0000000709c00000|  0%| F|  |TAMS 0x0000000709a00000, 0x0000000709a00000| Untracked 
|  55|0x0000000709c00000, 0x0000000709e00000, 0x0000000709e00000|100%| O|  |TAMS 0x0000000709e00000, 0x0000000709c00000| Untracked 
|  56|0x0000000709e00000, 0x000000070a000000, 0x000000070a000000|100%|HS|  |TAMS 0x000000070a000000, 0x0000000709e00000| Complete 
|  57|0x000000070a000000, 0x000000070a200000, 0x000000070a200000|100%| O|  |TAMS 0x000000070a200000, 0x000000070a000000| Untracked 
|  58|0x000000070a200000, 0x000000070a400000, 0x000000070a400000|100%| O|  |TAMS 0x000000070a400000, 0x000000070a200000| Untracked 
|  59|0x000000070a400000, 0x000000070a600000, 0x000000070a600000|100%| O|  |TAMS 0x000000070a600000, 0x000000070a400000| Untracked 
|  60|0x000000070a600000, 0x000000070a800000, 0x000000070a800000|100%| O|  |TAMS 0x000000070a800000, 0x000000070a600000| Untracked 
|  61|0x000000070a800000, 0x000000070aa00000, 0x000000070aa00000|100%| O|  |TAMS 0x000000070aa00000, 0x000000070a800000| Untracked 
|  62|0x000000070aa00000, 0x000000070ac00000, 0x000000070ac00000|100%| O|  |TAMS 0x000000070ac00000, 0x000000070aa00000| Untracked 
|  63|0x000000070ac00000, 0x000000070ae00000, 0x000000070ae00000|100%| O|  |TAMS 0x000000070ae00000, 0x000000070ac00000| Untracked 
|  64|0x000000070ae00000, 0x000000070b000000, 0x000000070b000000|100%| O|  |TAMS 0x000000070af47c00, 0x000000070ae00000| Untracked 
|  65|0x000000070b000000, 0x000000070b200000, 0x000000070b200000|100%| O|  |TAMS 0x000000070b000000, 0x000000070b000000| Untracked 
|  66|0x000000070b200000, 0x000000070b400000, 0x000000070b400000|100%| O|  |TAMS 0x000000070b200000, 0x000000070b200000| Untracked 
|  67|0x000000070b400000, 0x000000070b600000, 0x000000070b600000|100%| O|  |TAMS 0x000000070b400000, 0x000000070b400000| Untracked 
|  68|0x000000070b600000, 0x000000070b800000, 0x000000070b800000|100%| O|  |TAMS 0x000000070b600000, 0x000000070b600000| Untracked 
|  69|0x000000070b800000, 0x000000070ba00000, 0x000000070ba00000|100%| O|  |TAMS 0x000000070b800000, 0x000000070b800000| Untracked 
|  70|0x000000070ba00000, 0x000000070bc00000, 0x000000070bc00000|100%| O|  |TAMS 0x000000070ba00000, 0x000000070ba00000| Untracked 
|  71|0x000000070bc00000, 0x000000070be00000, 0x000000070be00000|100%| O|  |TAMS 0x000000070bc00000, 0x000000070bc00000| Untracked 
|  72|0x000000070be00000, 0x000000070c000000, 0x000000070c000000|100%| O|  |TAMS 0x000000070be00000, 0x000000070be00000| Untracked 
|  73|0x000000070c000000, 0x000000070c200000, 0x000000070c200000|100%| O|  |TAMS 0x000000070c000000, 0x000000070c000000| Untracked 
|  74|0x000000070c200000, 0x000000070c225e00, 0x000000070c400000|  7%| O|  |TAMS 0x000000070c200000, 0x000000070c200000| Untracked 
|  75|0x000000070c400000, 0x000000070c400000, 0x000000070c600000|  0%| F|  |TAMS 0x000000070c400000, 0x000000070c400000| Untracked 
|  76|0x000000070c600000, 0x000000070c600000, 0x000000070c800000|  0%| F|  |TAMS 0x000000070c600000, 0x000000070c600000| Untracked 
|  77|0x000000070c800000, 0x000000070c800000, 0x000000070ca00000|  0%| F|  |TAMS 0x000000070c800000, 0x000000070c800000| Untracked 
|  78|0x000000070ca00000, 0x000000070ca00000, 0x000000070cc00000|  0%| F|  |TAMS 0x000000070ca00000, 0x000000070ca00000| Untracked 
|  79|0x000000070cc00000, 0x000000070cc00000, 0x000000070ce00000|  0%| F|  |TAMS 0x000000070cc00000, 0x000000070cc00000| Untracked 
|  80|0x000000070ce00000, 0x000000070ce00000, 0x000000070d000000|  0%| F|  |TAMS 0x000000070ce00000, 0x000000070ce00000| Untracked 
|  81|0x000000070d000000, 0x000000070d000000, 0x000000070d200000|  0%| F|  |TAMS 0x000000070d000000, 0x000000070d000000| Untracked 
|  82|0x000000070d200000, 0x000000070d200000, 0x000000070d400000|  0%| F|  |TAMS 0x000000070d200000, 0x000000070d200000| Untracked 
|  83|0x000000070d400000, 0x000000070d400000, 0x000000070d600000|  0%| F|  |TAMS 0x000000070d400000, 0x000000070d400000| Untracked 
|  84|0x000000070d600000, 0x000000070d600000, 0x000000070d800000|  0%| F|  |TAMS 0x000000070d600000, 0x000000070d600000| Untracked 
|  85|0x000000070d800000, 0x000000070d800000, 0x000000070da00000|  0%| F|  |TAMS 0x000000070d800000, 0x000000070d800000| Untracked 
|  86|0x000000070da00000, 0x000000070da00000, 0x000000070dc00000|  0%| F|  |TAMS 0x000000070da00000, 0x000000070da00000| Untracked 
|  87|0x000000070dc00000, 0x000000070dd4f960, 0x000000070de00000| 65%| S|CS|TAMS 0x000000070dc00000, 0x000000070dc00000| Complete 
|  88|0x000000070de00000, 0x000000070e000000, 0x000000070e000000|100%| S|CS|TAMS 0x000000070de00000, 0x000000070de00000| Complete 
|  89|0x000000070e000000, 0x000000070e200000, 0x000000070e200000|100%| S|CS|TAMS 0x000000070e000000, 0x000000070e000000| Complete 
|  90|0x000000070e200000, 0x000000070e200000, 0x000000070e400000|  0%| F|  |TAMS 0x000000070e200000, 0x000000070e200000| Untracked 
|  91|0x000000070e400000, 0x000000070e400000, 0x000000070e600000|  0%| F|  |TAMS 0x000000070e400000, 0x000000070e400000| Untracked 
|  92|0x000000070e600000, 0x000000070e600000, 0x000000070e800000|  0%| F|  |TAMS 0x000000070e600000, 0x000000070e600000| Untracked 
|  93|0x000000070e800000, 0x000000070e800000, 0x000000070ea00000|  0%| F|  |TAMS 0x000000070e800000, 0x000000070e800000| Untracked 
|  94|0x000000070ea00000, 0x000000070ea00000, 0x000000070ec00000|  0%| F|  |TAMS 0x000000070ea00000, 0x000000070ea00000| Untracked 
|  95|0x000000070ec00000, 0x000000070ec00000, 0x000000070ee00000|  0%| F|  |TAMS 0x000000070ec00000, 0x000000070ec00000| Untracked 
|  96|0x000000070ee00000, 0x000000070ee00000, 0x000000070f000000|  0%| F|  |TAMS 0x000000070ee00000, 0x000000070ee00000| Untracked 
|  97|0x000000070f000000, 0x000000070f000000, 0x000000070f200000|  0%| F|  |TAMS 0x000000070f000000, 0x000000070f000000| Untracked 
|  98|0x000000070f200000, 0x000000070f200000, 0x000000070f400000|  0%| F|  |TAMS 0x000000070f200000, 0x000000070f200000| Untracked 
|  99|0x000000070f400000, 0x000000070f400000, 0x000000070f600000|  0%| F|  |TAMS 0x000000070f400000, 0x000000070f400000| Untracked 
| 100|0x000000070f600000, 0x000000070f600000, 0x000000070f800000|  0%| F|  |TAMS 0x000000070f600000, 0x000000070f600000| Untracked 
| 101|0x000000070f800000, 0x000000070f800000, 0x000000070fa00000|  0%| F|  |TAMS 0x000000070f800000, 0x000000070f800000| Untracked 
| 102|0x000000070fa00000, 0x000000070fa00000, 0x000000070fc00000|  0%| F|  |TAMS 0x000000070fa00000, 0x000000070fa00000| Untracked 
| 103|0x000000070fc00000, 0x000000070fc00000, 0x000000070fe00000|  0%| F|  |TAMS 0x000000070fc00000, 0x000000070fc00000| Untracked 
| 104|0x000000070fe00000, 0x000000070fe00000, 0x0000000710000000|  0%| F|  |TAMS 0x000000070fe00000, 0x000000070fe00000| Untracked 
| 105|0x0000000710000000, 0x0000000710000000, 0x0000000710200000|  0%| F|  |TAMS 0x0000000710000000, 0x0000000710000000| Untracked 
| 106|0x0000000710200000, 0x0000000710200000, 0x0000000710400000|  0%| F|  |TAMS 0x0000000710200000, 0x0000000710200000| Untracked 
| 107|0x0000000710400000, 0x0000000710400000, 0x0000000710600000|  0%| F|  |TAMS 0x0000000710400000, 0x0000000710400000| Untracked 
| 108|0x0000000710600000, 0x0000000710600000, 0x0000000710800000|  0%| F|  |TAMS 0x0000000710600000, 0x0000000710600000| Untracked 
| 109|0x0000000710800000, 0x0000000710800000, 0x0000000710a00000|  0%| F|  |TAMS 0x0000000710800000, 0x0000000710800000| Untracked 
| 110|0x0000000710a00000, 0x0000000710a00000, 0x0000000710c00000|  0%| F|  |TAMS 0x0000000710a00000, 0x0000000710a00000| Untracked 
| 111|0x0000000710c00000, 0x0000000710c00000, 0x0000000710e00000|  0%| F|  |TAMS 0x0000000710c00000, 0x0000000710c00000| Untracked 
| 112|0x0000000710e00000, 0x0000000710e00000, 0x0000000711000000|  0%| F|  |TAMS 0x0000000710e00000, 0x0000000710e00000| Untracked 
| 113|0x0000000711000000, 0x0000000711000000, 0x0000000711200000|  0%| F|  |TAMS 0x0000000711000000, 0x0000000711000000| Untracked 
| 114|0x0000000711200000, 0x0000000711200000, 0x0000000711400000|  0%| F|  |TAMS 0x0000000711200000, 0x0000000711200000| Untracked 
| 115|0x0000000711400000, 0x0000000711400000, 0x0000000711600000|  0%| F|  |TAMS 0x0000000711400000, 0x0000000711400000| Untracked 
| 116|0x0000000711600000, 0x0000000711600000, 0x0000000711800000|  0%| F|  |TAMS 0x0000000711600000, 0x0000000711600000| Untracked 
| 117|0x0000000711800000, 0x0000000711800000, 0x0000000711a00000|  0%| F|  |TAMS 0x0000000711800000, 0x0000000711800000| Untracked 
| 118|0x0000000711a00000, 0x0000000711a00000, 0x0000000711c00000|  0%| F|  |TAMS 0x0000000711a00000, 0x0000000711a00000| Untracked 
| 119|0x0000000711c00000, 0x0000000711c00000, 0x0000000711e00000|  0%| F|  |TAMS 0x0000000711c00000, 0x0000000711c00000| Untracked 
| 120|0x0000000711e00000, 0x0000000711e00000, 0x0000000712000000|  0%| F|  |TAMS 0x0000000711e00000, 0x0000000711e00000| Untracked 
| 121|0x0000000712000000, 0x0000000712000000, 0x0000000712200000|  0%| F|  |TAMS 0x0000000712000000, 0x0000000712000000| Untracked 
| 122|0x0000000712200000, 0x0000000712200000, 0x0000000712400000|  0%| F|  |TAMS 0x0000000712200000, 0x0000000712200000| Untracked 
| 123|0x0000000712400000, 0x0000000712400000, 0x0000000712600000|  0%| F|  |TAMS 0x0000000712400000, 0x0000000712400000| Untracked 
| 124|0x0000000712600000, 0x0000000712600000, 0x0000000712800000|  0%| F|  |TAMS 0x0000000712600000, 0x0000000712600000| Untracked 
| 125|0x0000000712800000, 0x0000000712800000, 0x0000000712a00000|  0%| F|  |TAMS 0x0000000712800000, 0x0000000712800000| Untracked 
| 126|0x0000000712a00000, 0x0000000712a00000, 0x0000000712c00000|  0%| F|  |TAMS 0x0000000712a00000, 0x0000000712a00000| Untracked 
| 127|0x0000000712c00000, 0x0000000712c00000, 0x0000000712e00000|  0%| F|  |TAMS 0x0000000712c00000, 0x0000000712c00000| Untracked 
| 128|0x0000000712e00000, 0x0000000712e00000, 0x0000000713000000|  0%| F|  |TAMS 0x0000000712e00000, 0x0000000712e00000| Untracked 
| 129|0x0000000713000000, 0x0000000713000000, 0x0000000713200000|  0%| F|  |TAMS 0x0000000713000000, 0x0000000713000000| Untracked 
| 130|0x0000000713200000, 0x0000000713200000, 0x0000000713400000|  0%| F|  |TAMS 0x0000000713200000, 0x0000000713200000| Untracked 
| 131|0x0000000713400000, 0x0000000713400000, 0x0000000713600000|  0%| F|  |TAMS 0x0000000713400000, 0x0000000713400000| Untracked 
| 132|0x0000000713600000, 0x0000000713600000, 0x0000000713800000|  0%| F|  |TAMS 0x0000000713600000, 0x0000000713600000| Untracked 
| 133|0x0000000713800000, 0x0000000713800000, 0x0000000713a00000|  0%| F|  |TAMS 0x0000000713800000, 0x0000000713800000| Untracked 
| 134|0x0000000713a00000, 0x0000000713a00000, 0x0000000713c00000|  0%| F|  |TAMS 0x0000000713a00000, 0x0000000713a00000| Untracked 
| 135|0x0000000713c00000, 0x0000000713c00000, 0x0000000713e00000|  0%| F|  |TAMS 0x0000000713c00000, 0x0000000713c00000| Untracked 
| 136|0x0000000713e00000, 0x0000000713e00000, 0x0000000714000000|  0%| F|  |TAMS 0x0000000713e00000, 0x0000000713e00000| Untracked 
| 137|0x0000000714000000, 0x0000000714000000, 0x0000000714200000|  0%| F|  |TAMS 0x0000000714000000, 0x0000000714000000| Untracked 
| 138|0x0000000714200000, 0x0000000714200000, 0x0000000714400000|  0%| F|  |TAMS 0x0000000714200000, 0x0000000714200000| Untracked 
| 139|0x0000000714400000, 0x0000000714400000, 0x0000000714600000|  0%| F|  |TAMS 0x0000000714400000, 0x0000000714400000| Untracked 
| 140|0x0000000714600000, 0x0000000714600000, 0x0000000714800000|  0%| F|  |TAMS 0x0000000714600000, 0x0000000714600000| Untracked 
| 141|0x0000000714800000, 0x0000000714800000, 0x0000000714a00000|  0%| F|  |TAMS 0x0000000714800000, 0x0000000714800000| Untracked 

Card table byte_map: [0x0000025318500000,0x0000025318cf0000] _byte_map_base: 0x0000025314ce9000

Marking Bits (Prev, Next): (CMBitMap*) 0x000002530366a020, (CMBitMap*) 0x0000025303669fe0
 Prev Bits: [0x000002531d430000, 0x0000025321378000)
 Next Bits: [0x00000253194e0000, 0x000002531d428000)

Polling page: 0x00000253032f0000

Metaspace:

Usage:
  Non-class:     83.69 MB used.
      Class:     12.54 MB used.
       Both:     96.23 MB used.

Virtual space:
  Non-class space:      128.00 MB reserved,      84.50 MB ( 66%) committed,  2 nodes.
      Class space:        1.00 GB reserved,      13.00 MB (  1%) committed,  1 nodes.
             Both:        1.12 GB reserved,      97.50 MB (  8%) committed. 

Chunk freelists:
   Non-Class:  11.37 MB
       Class:  3.17 MB
        Both:  14.54 MB

MaxMetaspaceSize: unlimited
CompressedClassSpaceSize: 1.00 GB
Initial GC threshold: 21.00 MB
Current GC threshold: 162.50 MB
CDS: off
MetaspaceReclaimPolicy: balanced
 - commit_granule_bytes: 65536.
 - commit_granule_words: 8192.
 - virtual_space_node_default_size: 8388608.
 - enlarge_chunks_in_place: 1.
 - new_chunks_are_fully_committed: 0.
 - uncommit_free_chunks: 1.
 - use_allocation_guard: 0.
 - handle_deallocations: 1.


Internal statistics:

num_allocs_failed_limit: 15.
num_arena_births: 934.
num_arena_deaths: 30.
num_vsnodes_births: 3.
num_vsnodes_deaths: 0.
num_space_committed: 1565.
num_space_uncommitted: 5.
num_chunks_returned_to_freelist: 108.
num_chunks_taken_from_freelist: 4652.
num_chunk_merges: 29.
num_chunk_splits: 3036.
num_chunks_enlarged: 2016.
num_inconsistent_stats: 0.

CodeHeap 'non-profiled nmethods': size=120000Kb used=10280Kb max_used=10349Kb free=109719Kb
 bounds [0x000002530fb60000, 0x0000025310590000, 0x0000025317090000]
CodeHeap 'profiled nmethods': size=120000Kb used=28756Kb max_used=30076Kb free=91244Kb
 bounds [0x0000025308090000, 0x0000025309df0000, 0x000002530f5c0000]
CodeHeap 'non-nmethods': size=5760Kb used=2389Kb max_used=2549Kb free=3370Kb
 bounds [0x000002530f5c0000, 0x000002530f860000, 0x000002530fb60000]
 total_blobs=15142 nmethods=14227 adapters=825
 compilation: enabled
              stopped_count=0, restarted_count=0
 full_count=0

Compilation events (20 events):
Event: 57.176 Thread 0x00000253241d4f00 nmethod 17841 0x000002530fee8a10 code [0x000002530fee8ba0, 0x000002530fee8c78]
Event: 57.178 Thread 0x00000253241d4f00 17842       3       com.sun.tools.javac.comp.Lower::accessClass (121 bytes)
Event: 57.178 Thread 0x00000253241d4f00 nmethod 17842 0x00000253083d5690 code [0x00000253083d58e0, 0x00000253083d6448]
Event: 57.189 Thread 0x00000253241d4f00 17843       3       com.sun.tools.javac.comp.Resolve$1::visitType (10 bytes)
Event: 57.189 Thread 0x00000253241d4f00 nmethod 17843 0x0000025308f43b90 code [0x0000025308f43d40, 0x0000025308f43fb8]
Event: 57.192 Thread 0x00000253241d4f00 17844       2       com.sun.tools.javac.comp.TransTypes::translateArgs (152 bytes)
Event: 57.193 Thread 0x00000253241d4f00 nmethod 17844 0x0000025308968990 code [0x0000025308968bc0, 0x0000025308969318]
Event: 57.193 Thread 0x00000253241d4f00 17845       3       com.sun.tools.javac.comp.Lower::accessSymbol (524 bytes)
Event: 57.196 Thread 0x00000253241d4f00 nmethod 17845 0x0000025309cb9990 code [0x0000025309cb9f00, 0x0000025309cbd5b8]
Event: 57.203 Thread 0x000002532f3f5050 nmethod 17807 0x0000025310582710 code [0x0000025310582ae0, 0x0000025310585f78]
Event: 57.204 Thread 0x000002532f3f5050 17840 %     4       com.sun.tools.javac.jvm.PoolReader::readPool @ 17 (239 bytes)
Event: 57.208 Thread 0x00000253241d4f00 17846       3       com.sun.tools.javac.comp.Check$NestedCheckContext::deferredAttrContext (10 bytes)
Event: 57.208 Thread 0x00000253241d4f00 nmethod 17846 0x0000025308960190 code [0x0000025308960340, 0x0000025308960528]
Event: 57.209 Thread 0x00000253241d4f00 17847       3       java.util.HashMap::removeNode (291 bytes)
Event: 57.210 Thread 0x00000253241d4f00 nmethod 17847 0x0000025309535090 code [0x0000025309535340, 0x00000253095367f8]
Event: 57.210 Thread 0x000002532f3f5050 nmethod 17840% 0x0000025310352f10 code [0x00000253103530c0, 0x0000025310353858]
Event: 57.210 Thread 0x000002532f3f5050 17785       4       com.sun.tools.javac.code.Type$StructuralTypeMapping::visitArrayType (43 bytes)
Event: 57.213 Thread 0x000002532f3f5050 nmethod 17785 0x000002530fbede90 code [0x000002530fbee020, 0x000002530fbee458]
Event: 57.213 Thread 0x000002532f3f5050 17779       4       com.sun.tools.javac.comp.Resolve::resolveQualifiedMethod (26 bytes)
Event: 57.214 Thread 0x00000253241d4f00 17849       3       com.sun.tools.javac.comp.Attr::condType (430 bytes)

GC Heap History (20 events):
Event: 10.476 GC heap after
{Heap after GC invocations=46 (full 0):
 garbage-first heap   total 194560K, used 109855K [0x0000000702e00000, 0x0000000800000000)
  region size 2048K, 3 young (6144K), 3 survivors (6144K)
 Metaspace       used 95428K, committed 96128K, reserved 1179648K
  class space    used 12614K, committed 12928K, reserved 1048576K
}
Event: 10.906 GC heap before
{Heap before GC invocations=46 (full 0):
 garbage-first heap   total 194560K, used 159007K [0x0000000702e00000, 0x0000000800000000)
  region size 2048K, 27 young (55296K), 3 survivors (6144K)
 Metaspace       used 95817K, committed 96512K, reserved 1179648K
  class space    used 12621K, committed 12928K, reserved 1048576K
}
Event: 10.910 GC heap after
{Heap after GC invocations=47 (full 0):
 garbage-first heap   total 194560K, used 111596K [0x0000000702e00000, 0x0000000800000000)
  region size 2048K, 3 young (6144K), 3 survivors (6144K)
 Metaspace       used 95817K, committed 96512K, reserved 1179648K
  class space    used 12621K, committed 12928K, reserved 1048576K
}
Event: 11.262 GC heap before
{Heap before GC invocations=48 (full 0):
 garbage-first heap   total 202752K, used 160748K [0x0000000702e00000, 0x0000000800000000)
  region size 2048K, 27 young (55296K), 3 survivors (6144K)
 Metaspace       used 96070K, committed 96704K, reserved 1179648K
  class space    used 12635K, committed 12928K, reserved 1048576K
}
Event: 11.267 GC heap after
{Heap after GC invocations=49 (full 0):
 garbage-first heap   total 202752K, used 113095K [0x0000000702e00000, 0x0000000800000000)
  region size 2048K, 3 young (6144K), 3 survivors (6144K)
 Metaspace       used 96070K, committed 96704K, reserved 1179648K
  class space    used 12635K, committed 12928K, reserved 1048576K
}
Event: 11.274 GC heap before
{Heap before GC invocations=49 (full 0):
 garbage-first heap   total 202752K, used 115143K [0x0000000702e00000, 0x0000000800000000)
  region size 2048K, 4 young (8192K), 3 survivors (6144K)
 Metaspace       used 96076K, committed 96704K, reserved 1179648K
  class space    used 12635K, committed 12928K, reserved 1048576K
}
Event: 11.280 GC heap after
{Heap after GC invocations=50 (full 0):
 garbage-first heap   total 266240K, used 112986K [0x0000000702e00000, 0x0000000800000000)
  region size 2048K, 1 young (2048K), 1 survivors (2048K)
 Metaspace       used 96076K, committed 96704K, reserved 1179648K
  class space    used 12635K, committed 12928K, reserved 1048576K
}
Event: 12.044 GC heap before
{Heap before GC invocations=50 (full 0):
 garbage-first heap   total 266240K, used 209242K [0x0000000702e00000, 0x0000000800000000)
  region size 2048K, 49 young (100352K), 1 survivors (2048K)
 Metaspace       used 96635K, committed 97280K, reserved 1179648K
  class space    used 12689K, committed 12992K, reserved 1048576K
}
Event: 12.048 GC heap after
{Heap after GC invocations=51 (full 0):
 garbage-first heap   total 266240K, used 115614K [0x0000000702e00000, 0x0000000800000000)
  region size 2048K, 2 young (4096K), 2 survivors (4096K)
 Metaspace       used 96635K, committed 97280K, reserved 1179648K
  class space    used 12689K, committed 12992K, reserved 1048576K
}
Event: 55.461 GC heap before
{Heap before GC invocations=51 (full 0):
 garbage-first heap   total 266240K, used 222110K [0x0000000702e00000, 0x0000000800000000)
  region size 2048K, 55 young (112640K), 2 survivors (4096K)
 Metaspace       used 98450K, committed 99200K, reserved 1179648K
  class space    used 12856K, committed 13184K, reserved 1048576K
}
Event: 55.470 GC heap after
{Heap after GC invocations=52 (full 0):
 garbage-first heap   total 266240K, used 127103K [0x0000000702e00000, 0x0000000800000000)
  region size 2048K, 7 young (14336K), 7 survivors (14336K)
 Metaspace       used 98450K, committed 99200K, reserved 1179648K
  class space    used 12856K, committed 13184K, reserved 1048576K
}
Event: 56.084 GC heap before
{Heap before GC invocations=52 (full 0):
 garbage-first heap   total 266240K, used 217215K [0x0000000702e00000, 0x0000000800000000)
  region size 2048K, 51 young (104448K), 7 survivors (14336K)
 Metaspace       used 98883K, committed 99584K, reserved 1179648K
  class space    used 12902K, committed 13248K, reserved 1048576K
}
Event: 56.098 GC heap after
{Heap after GC invocations=53 (full 0):
 garbage-first heap   total 266240K, used 146719K [0x0000000702e00000, 0x0000000800000000)
  region size 2048K, 7 young (14336K), 7 survivors (14336K)
 Metaspace       used 98883K, committed 99584K, reserved 1179648K
  class space    used 12902K, committed 13248K, reserved 1048576K
}
Event: 56.327 GC heap before
{Heap before GC invocations=53 (full 0):
 garbage-first heap   total 266240K, used 214303K [0x0000000702e00000, 0x0000000800000000)
  region size 2048K, 40 young (81920K), 7 survivors (14336K)
 Metaspace       used 99454K, committed 100160K, reserved 1179648K
  class space    used 12953K, committed 13312K, reserved 1048576K
}
Event: 56.334 GC heap after
{Heap after GC invocations=54 (full 0):
 garbage-first heap   total 266240K, used 150487K [0x0000000702e00000, 0x0000000800000000)
  region size 2048K, 2 young (4096K), 2 survivors (4096K)
 Metaspace       used 99454K, committed 100160K, reserved 1179648K
  class space    used 12953K, committed 13312K, reserved 1048576K
}
Event: 56.535 GC heap before
{Heap before GC invocations=55 (full 0):
 garbage-first heap   total 290816K, used 218071K [0x0000000702e00000, 0x0000000800000000)
  region size 2048K, 35 young (71680K), 2 survivors (4096K)
 Metaspace       used 98396K, committed 99840K, reserved 1179648K
  class space    used 12841K, committed 13312K, reserved 1048576K
}
Event: 56.539 GC heap after
{Heap after GC invocations=56 (full 0):
 garbage-first heap   total 290816K, used 150920K [0x0000000702e00000, 0x0000000800000000)
  region size 2048K, 2 young (4096K), 2 survivors (4096K)
 Metaspace       used 98396K, committed 99840K, reserved 1179648K
  class space    used 12841K, committed 13312K, reserved 1048576K
}
Event: 56.558 GC heap before
{Heap before GC invocations=56 (full 0):
 garbage-first heap   total 290816K, used 161160K [0x0000000702e00000, 0x0000000800000000)
  region size 2048K, 7 young (14336K), 2 survivors (4096K)
 Metaspace       used 98396K, committed 99840K, reserved 1179648K
  class space    used 12841K, committed 13312K, reserved 1048576K
}
Event: 56.562 GC heap after
{Heap after GC invocations=57 (full 0):
 garbage-first heap   total 290816K, used 120258K [0x0000000702e00000, 0x0000000800000000)
  region size 2048K, 1 young (2048K), 1 survivors (2048K)
 Metaspace       used 98396K, committed 99840K, reserved 1179648K
  class space    used 12841K, committed 13312K, reserved 1048576K
}
Event: 57.214 GC heap before
{Heap before GC invocations=57 (full 0):
 garbage-first heap   total 290816K, used 224706K [0x0000000702e00000, 0x0000000800000000)
  region size 2048K, 52 young (106496K), 1 survivors (2048K)
 Metaspace       used 98537K, committed 99840K, reserved 1179648K
  class space    used 12841K, committed 13312K, reserved 1048576K
}

Dll operation events (2 events):
Event: 0.008 Loaded shared library C:\Program Files\Android\Android Studio\jbr\bin\java.dll
Event: 0.290 Loaded shared library C:\Program Files\Android\Android Studio\jbr\bin\verify.dll

Deoptimization events (20 events):
Event: 56.850 Thread 0x000002532f7bdfc0 DEOPT PACKING pc=0x0000025309a55f29 sp=0x000000f9e45f7f90
Event: 56.850 Thread 0x000002532f7bdfc0 DEOPT UNPACKING pc=0x000002530f617143 sp=0x000000f9e45f7478 mode 0
Event: 56.881 Thread 0x000002532f7bdfc0 DEOPT PACKING pc=0x00000253095226c2 sp=0x000000f9e45f9600
Event: 56.881 Thread 0x000002532f7bdfc0 DEOPT UNPACKING pc=0x000002530f617143 sp=0x000000f9e45f8a68 mode 0
Event: 56.971 Thread 0x000002532f7bdfc0 DEOPT PACKING pc=0x000002530987792b sp=0x000000f9e45f67f0
Event: 56.971 Thread 0x000002532f7bdfc0 DEOPT UNPACKING pc=0x000002530f617143 sp=0x000000f9e45f5ca0 mode 0
Event: 57.076 Thread 0x000002532f7bdfc0 Uncommon trap: trap_request=0xffffff45 fr.pc=0x0000025310354048 relative=0x0000000000000128
Event: 57.076 Thread 0x000002532f7bdfc0 Uncommon trap: reason=unstable_if action=reinterpret pc=0x0000025310354048 method=com.sun.tools.javac.code.Symbol$MethodSymbol.lambda$static$0(Lcom/sun/tools/javac/code/Symbol;)Z @ 7 c2
Event: 57.076 Thread 0x000002532f7bdfc0 DEOPT PACKING pc=0x0000025310354048 sp=0x000000f9e45f8190
Event: 57.076 Thread 0x000002532f7bdfc0 DEOPT UNPACKING pc=0x000002530f6169a3 sp=0x000000f9e45f80d8 mode 2
Event: 57.109 Thread 0x000002532f7bdfc0 Uncommon trap: trap_request=0xffffff45 fr.pc=0x000002531034d770 relative=0x00000000000052f0
Event: 57.109 Thread 0x000002532f7bdfc0 Uncommon trap: reason=unstable_if action=reinterpret pc=0x000002531034d770 method=com.sun.tools.javac.code.Types$SignatureGenerator.assembleSig(Lcom/sun/tools/javac/code/Type;)V @ 11 c2
Event: 57.109 Thread 0x000002532f7bdfc0 DEOPT PACKING pc=0x000002531034d770 sp=0x000000f9e45f8d60
Event: 57.109 Thread 0x000002532f7bdfc0 DEOPT UNPACKING pc=0x000002530f6169a3 sp=0x000000f9e45f8d68 mode 2
Event: 57.192 Thread 0x000002532f7bdfc0 DEOPT PACKING pc=0x000002530970f57d sp=0x000000f9e45f8e10
Event: 57.192 Thread 0x000002532f7bdfc0 DEOPT UNPACKING pc=0x000002530f617143 sp=0x000000f9e45f8288 mode 0
Event: 57.209 Thread 0x000002532f7bdfc0 Uncommon trap: trap_request=0xffffff45 fr.pc=0x000002531038103c relative=0x0000000000000b5c
Event: 57.209 Thread 0x000002532f7bdfc0 Uncommon trap: reason=unstable_if action=reinterpret pc=0x000002531038103c method=java.util.HashMap.removeNode(ILjava/lang/Object;Ljava/lang/Object;ZZ)Ljava/util/HashMap$Node; @ 97 c2
Event: 57.209 Thread 0x000002532f7bdfc0 DEOPT PACKING pc=0x000002531038103c sp=0x000000f9e45f7e30
Event: 57.209 Thread 0x000002532f7bdfc0 DEOPT UNPACKING pc=0x000002530f6169a3 sp=0x000000f9e45f7dc0 mode 2

Classes unloaded (20 events):
Event: 56.401 Thread 0x0000025323a41cc0 Unloading class 0x0000000800b8aaa0 'butterknife/OnLongClick'
Event: 56.401 Thread 0x0000025323a41cc0 Unloading class 0x0000000800b8a880 'butterknife/OnItemSelected'
Event: 56.401 Thread 0x0000025323a41cc0 Unloading class 0x0000000800b8a660 'butterknife/OnItemLongClick'
Event: 56.401 Thread 0x0000025323a41cc0 Unloading class 0x0000000800b8a440 'butterknife/OnItemClick'
Event: 56.401 Thread 0x0000025323a41cc0 Unloading class 0x0000000800b8a220 'butterknife/OnFocusChange'
Event: 56.401 Thread 0x0000025323a41cc0 Unloading class 0x0000000800b8a000 'butterknife/OnEditorAction'
Event: 56.401 Thread 0x0000025323a41cc0 Unloading class 0x0000000800b89dd0 'butterknife/OnClick'
Event: 56.401 Thread 0x0000025323a41cc0 Unloading class 0x0000000800b89bb0 'butterknife/OnCheckedChanged'
Event: 56.401 Thread 0x0000025323a41cc0 Unloading class 0x0000000800b89980 'com/squareup/javapoet/CodeBlock$Builder'
Event: 56.401 Thread 0x0000025323a41cc0 Unloading class 0x0000000800b89750 'com/squareup/javapoet/CodeBlock'
Event: 56.401 Thread 0x0000025323a41cc0 Unloading class 0x0000000800b89528 'com/squareup/javapoet/Util'
Event: 56.401 Thread 0x0000025323a41cc0 Unloading class 0x0000000800b892b0 'com/squareup/javapoet/TypeVariableName'
Event: 56.401 Thread 0x0000025323a41cc0 Unloading class 0x0000000800b89038 'com/squareup/javapoet/ParameterizedTypeName'
Event: 56.401 Thread 0x0000025323a41cc0 Unloading class 0x0000000800b88dc0 'com/squareup/javapoet/ArrayTypeName'
Event: 56.401 Thread 0x0000025323a41cc0 Unloading class 0x0000000800b88b30 'com/squareup/javapoet/ClassName'
Event: 56.401 Thread 0x0000025323a41cc0 Unloading class 0x0000000800b888b8 'com/squareup/javapoet/TypeName'
Event: 56.401 Thread 0x0000025323a41cc0 Unloading class 0x0000000800b88688 'butterknife/compiler/Id'
Event: 56.401 Thread 0x0000025323a41cc0 Unloading class 0x0000000800b88220 'butterknife/compiler/ButterKnifeProcessor$RScanner'
Event: 56.401 Thread 0x0000025323a41cc0 Unloading class 0x0000000800b88000 'butterknife/compiler/ResourceBinding'
Event: 56.401 Thread 0x0000025323a41cc0 Unloading class 0x0000000800b85400 'butterknife/compiler/ButterKnifeProcessor'

Classes redefined (0 events):
No events

Internal exceptions (20 events):
Event: 57.068 Thread 0x000002532f7bdfc0 Exception <a 'sun/nio/fs/WindowsException'{0x000000070f8217b8}> (0x000000070f8217b8) 
thrown [s\src\hotspot\share\prims\jni.cpp, line 531]
Event: 57.082 Thread 0x000002532f7bdfc0 Exception <a 'sun/nio/fs/WindowsException'{0x000000070f72d630}> (0x000000070f72d630) 
thrown [s\src\hotspot\share\prims\jni.cpp, line 531]
Event: 57.084 Thread 0x000002532f7bdfc0 Exception <a 'sun/nio/fs/WindowsException'{0x000000070f7754a0}> (0x000000070f7754a0) 
thrown [s\src\hotspot\share\prims\jni.cpp, line 531]
Event: 57.098 Thread 0x000002532f7bdfc0 Exception <a 'sun/nio/fs/WindowsException'{0x000000070f225dd8}> (0x000000070f225dd8) 
thrown [s\src\hotspot\share\prims\jni.cpp, line 531]
Event: 57.101 Thread 0x000002532f7bdfc0 Exception <a 'sun/nio/fs/WindowsException'{0x000000070f284918}> (0x000000070f284918) 
thrown [s\src\hotspot\share\prims\jni.cpp, line 531]
Event: 57.107 Thread 0x000002532f7bdfc0 Exception <a 'sun/nio/fs/WindowsException'{0x000000070f3565e8}> (0x000000070f3565e8) 
thrown [s\src\hotspot\share\prims\jni.cpp, line 531]
Event: 57.108 Thread 0x000002532f7bdfc0 Exception <a 'sun/nio/fs/WindowsException'{0x000000070f368b28}> (0x000000070f368b28) 
thrown [s\src\hotspot\share\prims\jni.cpp, line 531]
Event: 57.115 Thread 0x000002532f7bdfc0 Exception <a 'sun/nio/fs/WindowsException'{0x000000070f098ef0}> (0x000000070f098ef0) 
thrown [s\src\hotspot\share\prims\jni.cpp, line 531]
Event: 57.125 Thread 0x000002532f7bdfc0 Exception <a 'sun/nio/fs/WindowsException'{0x000000070ee35fb8}> (0x000000070ee35fb8) 
thrown [s\src\hotspot\share\prims\jni.cpp, line 531]
Event: 57.139 Thread 0x000002532f7bdfc0 Exception <a 'sun/nio/fs/WindowsException'{0x000000070ec836a0}> (0x000000070ec836a0) 
thrown [s\src\hotspot\share\prims\jni.cpp, line 531]
Event: 57.144 Thread 0x000002532f7bdfc0 Exception <a 'sun/nio/fs/WindowsException'{0x000000070ea19080}> (0x000000070ea19080) 
thrown [s\src\hotspot\share\prims\jni.cpp, line 531]
Event: 57.154 Thread 0x000002532f7bdfc0 Exception <a 'sun/nio/fs/WindowsException'{0x000000070eb96038}> (0x000000070eb96038) 
thrown [s\src\hotspot\share\prims\jni.cpp, line 531]
Event: 57.162 Thread 0x000002532f7bdfc0 Exception <a 'sun/nio/fs/WindowsException'{0x000000070e868ab0}> (0x000000070e868ab0) 
thrown [s\src\hotspot\share\prims\jni.cpp, line 531]
Event: 57.178 Thread 0x000002532f7bdfc0 Exception <a 'sun/nio/fs/WindowsException'{0x000000070e6e7d30}> (0x000000070e6e7d30) 
thrown [s\src\hotspot\share\prims\jni.cpp, line 531]
Event: 57.180 Thread 0x000002532f7bdfc0 Exception <a 'sun/nio/fs/WindowsException'{0x000000070e6f1538}> (0x000000070e6f1538) 
thrown [s\src\hotspot\share\prims\jni.cpp, line 531]
Event: 57.183 Thread 0x000002532f7bdfc0 Exception <a 'sun/nio/fs/WindowsException'{0x000000070e72b1c0}> (0x000000070e72b1c0) 
thrown [s\src\hotspot\share\prims\jni.cpp, line 531]
Event: 57.194 Thread 0x000002532f7bdfc0 Exception <a 'sun/nio/fs/WindowsException'{0x000000070e4db210}> (0x000000070e4db210) 
thrown [s\src\hotspot\share\prims\jni.cpp, line 531]
Event: 57.196 Thread 0x000002532f7bdfc0 Exception <a 'sun/nio/fs/WindowsException'{0x000000070e4e8b50}> (0x000000070e4e8b50) 
thrown [s\src\hotspot\share\prims\jni.cpp, line 531]
Event: 57.198 Thread 0x000002532f7bdfc0 Exception <a 'sun/nio/fs/WindowsException'{0x000000070e4ed628}> (0x000000070e4ed628) 
thrown [s\src\hotspot\share\prims\jni.cpp, line 531]
Event: 57.199 Thread 0x000002532f7bdfc0 Exception <a 'sun/nio/fs/WindowsException'{0x000000070e510f08}> (0x000000070e510f08) 
thrown [s\src\hotspot\share\prims\jni.cpp, line 531]

VM Operations (20 events):
Event: 56.334 Executing VM operation: G1CollectForAllocation done
Event: 56.400 Executing VM operation: G1PauseRemark
Event: 56.409 Executing VM operation: G1PauseRemark done
Event: 56.448 Executing VM operation: G1PauseCleanup
Event: 56.448 Executing VM operation: G1PauseCleanup done
Event: 56.535 Executing VM operation: G1CollectForAllocation
Event: 56.539 Executing VM operation: G1CollectForAllocation done
Event: 56.558 Executing VM operation: G1CollectForAllocation
Event: 56.562 Executing VM operation: G1CollectForAllocation done
Event: 56.695 Executing VM operation: ICBufferFull
Event: 56.695 Executing VM operation: ICBufferFull done
Event: 56.839 Executing VM operation: ICBufferFull
Event: 56.839 Executing VM operation: ICBufferFull done
Event: 56.865 Executing VM operation: HandshakeAllThreads
Event: 56.866 Executing VM operation: HandshakeAllThreads done
Event: 56.933 Executing VM operation: HandshakeAllThreads
Event: 56.933 Executing VM operation: HandshakeAllThreads done
Event: 57.061 Executing VM operation: ICBufferFull
Event: 57.061 Executing VM operation: ICBufferFull done
Event: 57.214 Executing VM operation: G1CollectForAllocation

Events (20 events):
Event: 56.954 Thread 0x00000253241d9c30 flushing nmethod 0x0000025309c90e10
Event: 56.954 Thread 0x00000253241d9c30 flushing nmethod 0x0000025309c9b890
Event: 56.954 Thread 0x00000253241d9c30 flushing nmethod 0x0000025309cb5d10
Event: 56.954 Thread 0x00000253241d9c30 flushing nmethod 0x0000025309cb6090
Event: 56.954 Thread 0x00000253241d9c30 flushing nmethod 0x0000025309cb6e90
Event: 56.954 Thread 0x00000253241d9c30 flushing nmethod 0x0000025309cb8190
Event: 56.954 Thread 0x00000253241d9c30 flushing nmethod 0x0000025309cb8690
Event: 56.954 Thread 0x00000253241d9c30 flushing nmethod 0x0000025309cb9410
Event: 56.954 Thread 0x00000253241d9c30 flushing nmethod 0x0000025309cba190
Event: 56.954 Thread 0x00000253241d9c30 flushing nmethod 0x0000025309cba610
Event: 56.954 Thread 0x00000253241d9c30 flushing nmethod 0x0000025309cbc890
Event: 56.954 Thread 0x00000253241d9c30 flushing nmethod 0x0000025309cc1f10
Event: 56.954 Thread 0x00000253241d9c30 flushing nmethod 0x0000025309cc3810
Event: 56.954 Thread 0x00000253241d9c30 flushing nmethod 0x0000025309cc8510
Event: 56.954 Thread 0x00000253241d9c30 flushing nmethod 0x0000025309cc8890
Event: 56.954 Thread 0x00000253241d9c30 flushing nmethod 0x0000025309ccd710
Event: 56.954 Thread 0x00000253241d9c30 flushing nmethod 0x0000025309ccde90
Event: 56.954 Thread 0x00000253241d9c30 flushing nmethod 0x0000025309cd0490
Event: 56.954 Thread 0x00000253241d9c30 flushing nmethod 0x0000025309cd0b90
Event: 56.954 Thread 0x00000253241d9c30 flushing nmethod 0x0000025309cd1210


Dynamic libraries:
0x00007ff706350000 - 0x00007ff70635a000 	C:\Program Files\Android\Android Studio\jbr\bin\java.exe
0x00007ffb8bcc0000 - 0x00007ffb8bf26000 	C:\WINDOWS\SYSTEM32\ntdll.dll
0x00007ffb8afa0000 - 0x00007ffb8b069000 	C:\WINDOWS\System32\KERNEL32.DLL
0x00007ffb89570000 - 0x00007ffb8996a000 	C:\WINDOWS\System32\KERNELBASE.dll
0x00007ffb891c0000 - 0x00007ffb8930c000 	C:\WINDOWS\System32\ucrtbase.dll
0x00007ffb47940000 - 0x00007ffb47957000 	C:\Program Files\Android\Android Studio\jbr\bin\jli.dll
0x00007ffb32780000 - 0x00007ffb3279b000 	C:\Program Files\Android\Android Studio\jbr\bin\VCRUNTIME140.dll
0x00007ffb8a170000 - 0x00007ffb8a337000 	C:\WINDOWS\System32\USER32.dll
0x00007ffb89540000 - 0x00007ffb89567000 	C:\WINDOWS\System32\win32u.dll
0x00007ffb5f9f0000 - 0x00007ffb5fc82000 	C:\WINDOWS\WinSxS\amd64_microsoft.windows.common-controls_6595b64144ccf1df_6.0.26100.8521_none_3e08b75ce33403b3\COMCTL32.dll
0x00007ffb8b0a0000 - 0x00007ffb8b0cb000 	C:\WINDOWS\System32\GDI32.dll
0x00007ffb89ec0000 - 0x00007ffb89f69000 	C:\WINDOWS\System32\msvcrt.dll
0x00007ffb89000000 - 0x00007ffb8912b000 	C:\WINDOWS\System32\gdi32full.dll
0x00007ffb88f50000 - 0x00007ffb88ff3000 	C:\WINDOWS\System32\msvcp_win.dll
0x00007ffb89cf0000 - 0x00007ffb89d22000 	C:\WINDOWS\System32\IMM32.DLL
0x00007ffb7f8b0000 - 0x00007ffb7f8bc000 	C:\Program Files\Android\Android Studio\jbr\bin\vcruntime140_1.dll
0x00007ffb021a0000 - 0x00007ffb0222d000 	C:\Program Files\Android\Android Studio\jbr\bin\msvcp140.dll
0x00007ffb24aa0000 - 0x00007ffb25723000 	C:\Program Files\Android\Android Studio\jbr\bin\server\jvm.dll
0x00007ffb89df0000 - 0x00007ffb89ea6000 	C:\WINDOWS\System32\ADVAPI32.dll
0x00007ffb89ab0000 - 0x00007ffb89b5a000 	C:\WINDOWS\System32\sechost.dll
0x00007ffb8bb60000 - 0x00007ffb8bc78000 	C:\WINDOWS\System32\RPCRT4.dll
0x00007ffb88db0000 - 0x00007ffb88e0e000 	C:\WINDOWS\SYSTEM32\POWRPROF.dll
0x00007ffb80310000 - 0x00007ffb8031a000 	C:\WINDOWS\SYSTEM32\WSOCK32.dll
0x00007ffb7fce0000 - 0x00007ffb7fceb000 	C:\WINDOWS\SYSTEM32\VERSION.dll
0x00007ffb5fc90000 - 0x00007ffb5fcc6000 	C:\WINDOWS\SYSTEM32\WINMM.dll
0x00007ffb8a0e0000 - 0x00007ffb8a160000 	C:\WINDOWS\System32\WS2_32.dll
0x00007ffb88d90000 - 0x00007ffb88da4000 	C:\WINDOWS\SYSTEM32\UMPDC.dll
0x00007ffb87ce0000 - 0x00007ffb87cfb000 	C:\WINDOWS\SYSTEM32\kernel.appcore.dll
0x00007ffb61d90000 - 0x00007ffb61d9a000 	C:\Program Files\Android\Android Studio\jbr\bin\jimage.dll
0x00007ffb866b0000 - 0x00007ffb868f2000 	C:\WINDOWS\SYSTEM32\DBGHELP.DLL
0x00007ffb8b1e0000 - 0x00007ffb8b563000 	C:\WINDOWS\System32\combase.dll
0x00007ffb8a000000 - 0x00007ffb8a0d9000 	C:\WINDOWS\System32\OLEAUT32.dll
0x00007ffb75040000 - 0x00007ffb7507b000 	C:\WINDOWS\SYSTEM32\dbgcore.DLL
0x00007ffb89490000 - 0x00007ffb89538000 	C:\WINDOWS\System32\bcryptPrimitives.dll
0x00007ffb61b10000 - 0x00007ffb61b35000 	C:\Program Files\Android\Android Studio\jbr\bin\java.dll
0x00007ffb61af0000 - 0x00007ffb61b08000 	C:\Program Files\Android\Android Studio\jbr\bin\zip.dll
0x00007ffb8a340000 - 0x00007ffb8aac4000 	C:\WINDOWS\System32\SHELL32.dll
0x00007ffb86b30000 - 0x00007ffb873b0000 	C:\WINDOWS\SYSTEM32\windows.storage.dll
0x00007ffb89bf0000 - 0x00007ffb89ce6000 	C:\WINDOWS\System32\SHCORE.dll
0x00007ffb8ab20000 - 0x00007ffb8ab87000 	C:\WINDOWS\System32\shlwapi.dll
0x00007ffb88e70000 - 0x00007ffb88e99000 	C:\WINDOWS\SYSTEM32\profapi.dll
0x00007ffb61ad0000 - 0x00007ffb61ae9000 	C:\Program Files\Android\Android Studio\jbr\bin\net.dll
0x00007ffb817c0000 - 0x00007ffb818e9000 	C:\WINDOWS\SYSTEM32\WINHTTP.dll
0x00007ffb88250000 - 0x00007ffb882bc000 	C:\WINDOWS\system32\mswsock.dll
0x00007ffb61ab0000 - 0x00007ffb61ac6000 	C:\Program Files\Android\Android Studio\jbr\bin\nio.dll
0x00007ffb4e350000 - 0x00007ffb4e360000 	C:\Program Files\Android\Android Studio\jbr\bin\verify.dll
0x00007ffb4f440000 - 0x00007ffb4f467000 	C:\Users\crepo\.gradle\native\e1d6ef7f7dcc3fd88c89a11ec53ec762bb8ba0a96d01ffa2cd45eb1d1d8dd5c5\windows-amd64\native-platform.dll
0x00007ffae9f20000 - 0x00007ffaea064000 	C:\Users\crepo\.gradle\native\5664cfc778a61ccfe75a443a1ab52a65af34e5dc3c78e0209fed803814484fcb\windows-amd64\native-platform-file-events.dll
0x00007ffb53730000 - 0x00007ffb53739000 	C:\Program Files\Android\Android Studio\jbr\bin\management.dll
0x00007ffb53270000 - 0x00007ffb5327b000 	C:\Program Files\Android\Android Studio\jbr\bin\management_ext.dll
0x00007ffb8b0d0000 - 0x00007ffb8b0d8000 	C:\WINDOWS\System32\PSAPI.DLL
0x00007ffb88530000 - 0x00007ffb8854b000 	C:\WINDOWS\SYSTEM32\CRYPTSP.dll
0x00007ffb87c40000 - 0x00007ffb87c79000 	C:\WINDOWS\system32\rsaenh.dll
0x00007ffb88300000 - 0x00007ffb88333000 	C:\WINDOWS\SYSTEM32\USERENV.dll
0x00007ffb88e40000 - 0x00007ffb88e6a000 	C:\WINDOWS\SYSTEM32\bcrypt.dll
0x00007ffb88550000 - 0x00007ffb8855c000 	C:\WINDOWS\SYSTEM32\CRYPTBASE.dll
0x00007ffb876e0000 - 0x00007ffb87713000 	C:\WINDOWS\SYSTEM32\IPHLPAPI.DLL
0x00007ffb8ab90000 - 0x00007ffb8ab9a000 	C:\WINDOWS\System32\NSI.dll
0x00007ffb82090000 - 0x00007ffb820ad000 	C:\WINDOWS\SYSTEM32\dhcpcsvc6.DLL
0x00007ffb82060000 - 0x00007ffb82085000 	C:\WINDOWS\SYSTEM32\dhcpcsvc.DLL
0x00007ffb87720000 - 0x00007ffb8786a000 	C:\WINDOWS\SYSTEM32\DNSAPI.dll
0x00007ffb88070000 - 0x00007ffb8807d000 	C:\WINDOWS\SYSTEM32\DSPARSE.dll
0x00007ffb61190000 - 0x00007ffb61199000 	C:\Program Files\Android\Android Studio\jbr\bin\extnet.dll
0x00007ffb40cf0000 - 0x00007ffb40cf8000 	C:\WINDOWS\system32\wshunix.dll

dbghelp: loaded successfully - version: 4.0.5 - missing functions: none
symbol engine: initialized successfully - sym options: 0x614 - pdb path: .;C:\Program Files\Android\Android Studio\jbr\bin;C:\WINDOWS\SYSTEM32;C:\WINDOWS\WinSxS\amd64_microsoft.windows.common-controls_6595b64144ccf1df_6.0.26100.8521_none_3e08b75ce33403b3;C:\Program Files\Android\Android Studio\jbr\bin\server;C:\Users\crepo\.gradle\native\e1d6ef7f7dcc3fd88c89a11ec53ec762bb8ba0a96d01ffa2cd45eb1d1d8dd5c5\windows-amd64;C:\Users\crepo\.gradle\native\5664cfc778a61ccfe75a443a1ab52a65af34e5dc3c78e0209fed803814484fcb\windows-amd64

VM Arguments:
jvm_args: --add-opens=java.base/java.io=ALL-UNNAMED --add-exports=jdk.compiler/com.sun.tools.javac.tree=ALL-UNNAMED --add-exports=jdk.compiler/com.sun.tools.javac.code=ALL-UNNAMED --add-exports=jdk.compiler/com.sun.tools.javac.util=ALL-UNNAMED --add-opens=java.base/java.util=ALL-UNNAMED --add-opens=java.base/java.lang=ALL-UNNAMED --add-opens=java.base/java.lang.invoke=ALL-UNNAMED --add-opens=java.base/java.util=ALL-UNNAMED --add-opens=java.prefs/java.util.prefs=ALL-UNNAMED --add-opens=java.prefs/java.util.prefs=ALL-UNNAMED --add-opens=java.base/java.nio.charset=ALL-UNNAMED --add-opens=java.base/java.net=ALL-UNNAMED --add-opens=java.base/java.util.concurrent.atomic=ALL-UNNAMED -Dfile.encoding=windows-1252 -Duser.country=US -Duser.language=en -Duser.variant 
java_command: org.gradle.launcher.daemon.bootstrap.GradleDaemon 7.2
java_class_path (initial): C:\Users\crepo\.gradle\wrapper\dists\gradle-7.2-bin\2dnblmf4td7x66yl1d74lt32g\gradle-7.2\lib\gradle-launcher-7.2.jar
Launcher Type: SUN_STANDARD

[Global flags]
     intx CICompilerCount                          = 4                                         {product} {ergonomic}
     uint ConcGCThreads                            = 3                                         {product} {ergonomic}
     uint G1ConcRefinementThreads                  = 10                                        {product} {ergonomic}
   size_t G1HeapRegionSize                         = 2097152                                   {product} {ergonomic}
    uintx GCDrainStackTargetSize                   = 64                                        {product} {ergonomic}
   size_t InitialHeapSize                          = 266338304                                 {product} {ergonomic}
   size_t MarkStackSize                            = 4194304                                   {product} {ergonomic}
   size_t MaxHeapSize                              = 4246732800                                {product} {ergonomic}
   size_t MaxNewSize                               = 2548039680                                {product} {ergonomic}
   size_t MinHeapDeltaBytes                        = 2097152                                   {product} {ergonomic}
   size_t MinHeapSize                              = 8388608                                   {product} {ergonomic}
    uintx NonNMethodCodeHeapSize                   = 5839372                                {pd product} {ergonomic}
    uintx NonProfiledCodeHeapSize                  = 122909434                              {pd product} {ergonomic}
    uintx ProfiledCodeHeapSize                     = 122909434                              {pd product} {ergonomic}
    uintx ReservedCodeCacheSize                    = 251658240                              {pd product} {ergonomic}
     bool SegmentedCodeCache                       = true                                      {product} {ergonomic}
   size_t SoftMaxHeapSize                          = 4246732800                             {manageable} {ergonomic}
     bool UseCompressedClassPointers               = true                           {product lp64_product} {ergonomic}
     bool UseCompressedOops                        = true                           {product lp64_product} {ergonomic}
     bool UseG1GC                                  = true                                      {product} {ergonomic}
     bool UseLargePagesIndividualAllocation        = false                                  {pd product} {ergonomic}

Logging:
Log output configuration:
 #0: stdout all=warning uptime,level,tags
 #1: stderr all=off uptime,level,tags

Environment Variables:
PATH=C:\Program Files\Common Files\Oracle\Java\javapath;C:\Windows\system32;C:\Windows;C:\Windows\System32\Wbem;C:\Windows\System32\WindowsPowerShell\v1.0\;C:\Windows\System32\OpenSSH\;C:\Program Files (x86)\NVIDIA Corporation\PhysX\Common;C:\Program Files\NVIDIA Corporation\NVIDIA NvDLISR;C:\WINDOWS\system32;C:\WINDOWS;C:\WINDOWS\System32\Wbem;C:\WINDOWS\System32\WindowsPowerShell\v1.0\;C:\WINDOWS\System32\OpenSSH\;C:\Program Files\Git\cmd;C:\Program Files\Microsoft SQL Server\150\Tools\Binn\;C:\Program Files\Microsoft SQL Server\Client SDK\ODBC\170\Tools\Binn\;C:\Program Files\dotnet\;C:\Users\crepo\AppData\Local\Microsoft\WindowsApps;C:\Users\crepo\AppData\Local\Programs\Microsoft VS Code\bin;C:\Users\crepo\.dotnet\tools
USERNAME=crepo
OS=Windows_NT
PROCESSOR_IDENTIFIER=Intel64 Family 6 Model 158 Stepping 10, GenuineIntel
TMP=C:\Users\crepo\AppData\Local\Temp
TEMP=C:\Users\crepo\AppData\Local\Temp



Periodic native trim disabled

JNI global refs:
JNI global refs: 29, weak refs: 9

JNI global refs memory usage: 843, weak refs: 841

Process memory usage:
Resident Set Size: 611628K (3% of 16585048K total physical memory with 1448320K free physical memory)

OOME stack traces (most recent first):
Classloader memory used:
Loader org.gradle.internal.classloader.VisitableURLClassLoader                         : 3707K
Loader bootstrap                                                                       : 3064K
Loader org.gradle.internal.classloader.VisitableURLClassLoader                         : 2620K
Loader jdk.internal.loader.ClassLoaders$AppClassLoader                                 : 1388K
Loader org.gradle.initialization.MixInLegacyTypesClassLoader                           : 1194K
Loader java.net.URLClassLoader                                                         : 131K
Loader jdk.internal.loader.ClassLoaders$PlatformClassLoader                            : 104K
Loader jdk.internal.reflect.DelegatingClassLoader                                      : 83084B
Loader org.gradle.groovy.scripts.internal.DefaultScriptCompilationHandler$ScriptClassLoader: 23879B
Loader org.codehaus.groovy.runtime.callsite.CallSiteClassLoader                        : 1423B
Loader sun.reflect.misc.MethodUtil                                                     : 373B

Classes loaded by more than one classloader:
Class com.google.common.collect.ImmutableMapEntry$NonTerminalImmutableMapEntry        : loaded 3 times (x 83B)
Class com.google.common.collect.ImmutableAsList                                       : loaded 3 times (x 166B)
Class com.google.common.collect.Iterators$MergingIterator                             : loaded 3 times (x 79B)
Class com.google.common.collect.ImmutableMapEntry                                     : loaded 3 times (x 83B)
Class com.google.common.collect.ImmutableSet                                          : loaded 3 times (x 142B)
Class com.google.common.collect.ImmutableBiMap                                        : loaded 3 times (x 142B)
Class com.google.common.collect.SingletonImmutableList                                : loaded 3 times (x 164B)
Class com.google.common.collect.ImmutableMap$MapViewOfValuesAsSingletonSets           : loaded 3 times (x 123B)
Class com.google.common.collect.ImmutableSet$Builder                                  : loaded 3 times (x 85B)
Class com.google.common.collect.ImmutableList$Builder                                 : loaded 3 times (x 77B)
Class com.google.common.collect.AbstractMapEntry                                      : loaded 3 times (x 79B)
Class com.google.common.collect.AbstractIterator                                      : loaded 3 times (x 80B)
Class com.google.common.collect.ImmutableCollection$Builder                           : loaded 3 times (x 74B)
Class com.google.common.collect.Iterables                                             : loaded 3 times (x 69B)
Class com.google.common.collect.ImmutableMap$1                                        : loaded 3 times (x 79B)
Class com.google.common.collect.ImmutableList$SubList                                 : loaded 3 times (x 165B)
Class com.google.common.collect.Iterators                                             : loaded 3 times (x 69B)
Class com.google.common.collect.SingletonImmutableSet                                 : loaded 3 times (x 143B)
Class com.google.common.collect.ImmutableBiMapFauxverideShim                          : loaded 3 times (x 118B)
Class com.google.common.collect.ImmutableEntry                                        : loaded 3 times (x 80B)
Class com.google.common.collect.ImmutableMapEntrySet                                  : loaded 3 times (x 146B)
Class com.google.common.collect.PeekingIterator                                       : loaded 3 times (x 68B)
Class com.google.common.collect.RegularImmutableAsList                                : loaded 3 times (x 170B)
Class com.google.common.collect.RegularImmutableList                                  : loaded 3 times (x 166B)
Class com.google.common.collect.ImmutableMapEntrySet$RegularEntrySet                  : loaded 3 times (x 146B)
Class com.google.common.collect.ImmutableList$1                                       : loaded 3 times (x 95B)
Class com.google.common.collect.UnmodifiableListIterator                              : loaded 3 times (x 93B)
Class com.google.common.collect.AbstractIndexedListIterator                           : loaded 3 times (x 94B)
Class com.google.common.collect.RegularImmutableMap                                   : loaded 3 times (x 119B)
Class com.google.common.collect.Iterators$ArrayItr                                    : loaded 3 times (x 95B)
Class com.google.common.collect.CollectPreconditions                                  : loaded 3 times (x 69B)
Class com.google.common.collect.RegularImmutableMap$KeySet                            : loaded 3 times (x 145B)
Class com.google.common.collect.Iterators$9                                           : loaded 3 times (x 79B)
Class com.google.common.base.Function                                                 : loaded 3 times (x 68B)
Class com.google.common.base.Preconditions                                            : loaded 3 times (x 69B)
Class com.google.common.collect.Iterators$5                                           : loaded 3 times (x 80B)
Class com.google.common.collect.Iterators$4                                           : loaded 3 times (x 79B)
Class com.google.common.collect.ImmutableMap$IteratorBasedImmutableMap                : loaded 3 times (x 123B)
Class com.google.common.collect.Iterators$1                                           : loaded 3 times (x 79B)
Class com.google.common.collect.ImmutableMap                                          : loaded 3 times (x 118B)
Class com.google.common.collect.ImmutableList                                         : loaded 3 times (x 163B)
Class com.google.common.collect.Iterators$10                                          : loaded 3 times (x 79B)
Class com.google.common.base.Equivalence                                              : loaded 3 times (x 80B)
Class com.google.common.collect.ObjectArrays                                          : loaded 3 times (x 69B)
Class com.google.common.collect.ImmutableList$ReverseImmutableList                    : loaded 3 times (x 165B)
Class com.google.common.collect.RegularImmutableMap$Values                            : loaded 3 times (x 164B)
Class com.google.common.collect.ImmutableCollection                                   : loaded 3 times (x 120B)
Class com.google.common.collect.Multimap                                              : loaded 3 times (x 68B)
Class com.google.common.collect.Hashing                                               : loaded 3 times (x 69B)
Class com.google.common.collect.UnmodifiableIterator                                  : loaded 3 times (x 78B)
Class com.google.common.collect.BiMap                                                 : loaded 3 times (x 68B)
Class com.google.common.collect.RegularImmutableSet                                   : loaded 3 times (x 143B)
Class com.google.common.base.Predicate                                                : loaded 3 times (x 68B)
Class com.google.common.cache.LocalCache$EntryFactory$8                               : loaded 2 times (x 81B)
Class com.google.common.cache.LocalCache$StrongValueReference                         : loaded 2 times (x 88B)
Class org.gradle.internal.classloader.FilteringClassLoader                            : loaded 2 times (x 103B)
Class com.google.common.reflect.TypeResolver$TypeTable                                : loaded 2 times (x 71B)
Class com.google.common.cache.LocalCache$EntryFactory$7                               : loaded 2 times (x 81B)
Class com.google.common.reflect.Invokable$MethodInvokable                             : loaded 2 times (x 120B)
Class [Lcom.google.common.cache.LocalCache$Strength;                                  : loaded 2 times (x 67B)
Class com.google.common.collect.AbstractRangeSet                                      : loaded 2 times (x 112B)
Class com.google.common.collect.ExplicitOrdering                                      : loaded 2 times (x 113B)
Class com.google.common.collect.Maps$8                                                : loaded 2 times (x 80B)
Class com.google.common.base.PatternCompiler                                          : loaded 2 times (x 68B)
Class [Lcom.google.common.cache.CacheBuilder$NullListener;                            : loaded 2 times (x 67B)
Class com.google.common.base.CharMatcher$InRange                                      : loaded 2 times (x 109B)
Class com.google.common.collect.Maps$KeySet                                           : loaded 2 times (x 135B)
Class com.google.common.collect.Sets$SetView                                          : loaded 2 times (x 136B)
Class com.google.common.reflect.TypeResolver$TypeVariableKey                          : loaded 2 times (x 70B)
Class com.google.common.collect.Lists                                                 : loaded 2 times (x 69B)
Class org.objectweb.asm.AnnotationWriter                                              : loaded 2 times (x 76B)
Class com.google.common.math.IntMath$1                                                : loaded 2 times (x 69B)
Class org.gradle.internal.classloader.ClassLoaderVisitor                              : loaded 2 times (x 74B)
Class org.objectweb.asm.Label                                                         : loaded 2 times (x 71B)
Class com.google.common.cache.CacheBuilder$NullListener                               : loaded 2 times (x 80B)
Class com.google.common.math.MathPreconditions                                        : loaded 2 times (x 69B)
Class org.gradle.internal.service.DefaultServiceLocator                               : loaded 2 times (x 81B)
Class org.gradle.internal.service.UnknownServiceException                             : loaded 2 times (x 81B)
Class com.google.common.util.concurrent.AbstractFuture$SynchronizedHelper             : loaded 2 times (x 74B)
Class com.google.common.collect.ArrayListMultimap                                     : loaded 2 times (x 170B)
Class com.google.common.base.Strings                                                  : loaded 2 times (x 69B)
Class com.google.common.cache.CacheLoader$InvalidCacheLoadException                   : loaded 2 times (x 80B)
Class org.gradle.internal.classloader.DefaultClassLoaderFactory                       : loaded 2 times (x 80B)
Class com.google.common.cache.LocalCache$EntryFactory$6                               : loaded 2 times (x 81B)
Class com.google.common.base.Stopwatch                                                : loaded 2 times (x 70B)
Class com.google.common.reflect.Types                                                 : loaded 2 times (x 69B)
Class com.google.common.base.Platform$JdkPatternCompiler                              : loaded 2 times (x 73B)
Class com.google.common.cache.LocalCache$LoadingValueReference                        : loaded 2 times (x 94B)
Class com.google.common.base.CharMatcher$SingleWidth                                  : loaded 2 times (x 110B)
Class com.google.common.cache.LocalCache$EntryFactory$5                               : loaded 2 times (x 81B)
Class com.google.common.collect.NullsFirstOrdering                                    : loaded 2 times (x 113B)
Class com.google.common.collect.ImmutableRangeSet$ComplementRanges                    : loaded 2 times (x 167B)
Class [Lcom.google.common.reflect.Types$ClassOwnership;                               : loaded 2 times (x 67B)
Class com.google.common.collect.NaturalOrdering                                       : loaded 2 times (x 113B)
Class com.google.common.base.JdkPattern                                               : loaded 2 times (x 73B)
Class com.google.common.cache.LocalCache$EntryFactory$4                               : loaded 2 times (x 81B)
Class com.google.common.collect.ByFunctionOrdering                                    : loaded 2 times (x 113B)
Class com.google.common.base.FunctionalEquivalence                                    : loaded 2 times (x 81B)
Class org.objectweb.asm.AnnotationVisitor                                             : loaded 2 times (x 75B)
Class org.objectweb.asm.RecordComponentWriter                                         : loaded 2 times (x 76B)
Class com.google.common.cache.LocalCache$1                                            : loaded 2 times (x 87B)
Class com.google.common.cache.LocalCache$2                                            : loaded 2 times (x 140B)
Class com.google.common.collect.RegularImmutableBiMap                                 : loaded 2 times (x 147B)
Class org.gradle.internal.classloader.VisitableURLClassLoader$Spec                    : loaded 2 times (x 72B)
Class org.gradle.api.GradleException                                                  : loaded 2 times (x 80B)
Class com.google.common.base.CharMatcher$JavaLetterOrDigit                            : loaded 2 times (x 109B)
Class org.gradle.api.internal.classpath.ModuleRegistry                                : loaded 2 times (x 68B)
Class com.google.common.collect.ForwardingObject                                      : loaded 2 times (x 70B)
Class com.google.common.collect.CompoundOrdering                                      : loaded 2 times (x 113B)
Class com.google.common.reflect.TypeToken$1                                           : loaded 2 times (x 123B)
Class com.google.common.cache.CacheBuilder                                            : loaded 2 times (x 70B)
Class com.google.common.cache.LocalCache$EntryFactory$3                               : loaded 2 times (x 81B)
Class com.google.common.reflect.TypeToken$2                                           : loaded 2 times (x 123B)
Class org.objectweb.asm.ByteVector                                                    : loaded 2 times (x 76B)
Class com.google.common.collect.ImmutableRangeSet                                     : loaded 2 times (x 113B)
Class com.google.common.base.PairwiseEquivalence                                      : loaded 2 times (x 81B)
Class com.google.common.base.Ticker                                                   : loaded 2 times (x 70B)
Class org.gradle.api.internal.ClassPathProvider                                       : loaded 2 times (x 68B)
Class com.google.common.cache.LocalCache$EntryFactory$2                               : loaded 2 times (x 81B)
Class org.objectweb.asm.ModuleWriter                                                  : loaded 2 times (x 79B)
Class org.gradle.internal.classloader.ClasspathUtil$1                                 : loaded 2 times (x 74B)
Class com.google.common.collect.ImmutableEnumMap                                      : loaded 2 times (x 123B)
Class com.google.common.primitives.Ints                                               : loaded 2 times (x 69B)
Class com.google.common.cache.AbstractCache$StatsCounter                              : loaded 2 times (x 68B)
Class org.objectweb.asm.FieldVisitor                                                  : loaded 2 times (x 74B)
Class org.objectweb.asm.Symbol                                                        : loaded 2 times (x 71B)
Class com.google.common.reflect.TypeToken                                             : loaded 2 times (x 71B)
Class com.google.common.collect.Ordering                                              : loaded 2 times (x 112B)
Class com.google.common.cache.LocalCache$Strength$1                                   : loaded 2 times (x 79B)
Class com.google.common.cache.LocalCache$Strength$2                                   : loaded 2 times (x 79B)
Class com.google.common.cache.LocalCache$Strength$3                                   : loaded 2 times (x 79B)
Class org.gradle.internal.classloader.ClassLoaderFactory                              : loaded 2 times (x 68B)
Class com.google.common.cache.LocalCache$EntryFactory$1                               : loaded 2 times (x 81B)
Class com.google.common.util.concurrent.AbstractFuture$Waiter                         : loaded 2 times (x 70B)
Class com.google.common.collect.ImmutableSortedSetFauxverideShim                      : loaded 2 times (x 145B)
Class com.google.common.util.concurrent.Uninterruptibles                              : loaded 2 times (x 69B)
Class com.google.common.base.Converter                                                : loaded 2 times (x 88B)
Class org.gradle.api.internal.classpath.ManifestUtil                                  : loaded 2 times (x 69B)
Class org.gradle.api.specs.Spec                                                       : loaded 2 times (x 68B)
Class com.google.common.collect.RangeSet                                              : loaded 2 times (x 68B)
Class com.google.common.cache.CacheLoader$UnsupportedLoadingOperationException        : loaded 2 times (x 80B)
Class build_cncnmb7uih3o01f70fekhngkt                                                 : loaded 2 times (x 178B)
Class com.google.common.base.CharMatcher$Whitespace                                   : loaded 2 times (x 110B)
Class com.google.common.util.concurrent.ListenableFuture                              : loaded 2 times (x 68B)
Class com.google.common.reflect.Reflection                                            : loaded 2 times (x 69B)
Class com.google.common.base.CharMatcher$BitSetMatcher                                : loaded 2 times (x 110B)
Class com.google.common.util.concurrent.AbstractFuture$Failure                        : loaded 2 times (x 70B)
Class com.google.common.util.concurrent.AbstractFuture$UnsafeAtomicHelper             : loaded 2 times (x 74B)
Class org.objectweb.asm.Type                                                          : loaded 2 times (x 70B)
Class com.google.common.base.Joiner                                                   : loaded 2 times (x 77B)
Class com.google.common.base.Equivalence$Equals                                       : loaded 2 times (x 80B)
Class com.google.common.cache.LocalCache$AbstractReferenceEntry                       : loaded 2 times (x 105B)
Class org.gradle.internal.installation.GradleInstallation$1                           : loaded 2 times (x 73B)
Class org.gradle.internal.IoActions                                                   : loaded 2 times (x 69B)
Class com.google.common.collect.AllEqualOrdering                                      : loaded 2 times (x 112B)
Class com.google.common.collect.ComparatorOrdering                                    : loaded 2 times (x 113B)
Class com.google.common.cache.ReferenceEntry                                          : loaded 2 times (x 68B)
Class org.gradle.api.internal.DefaultClassPathProvider                                : loaded 2 times (x 74B)
Class com.google.common.cache.LocalCache$Segment                                      : loaded 2 times (x 152B)
Class com.google.common.primitives.IntsMethodsForWeb                                  : loaded 2 times (x 69B)
Class com.google.common.collect.LexicographicalOrdering                               : loaded 2 times (x 113B)
Class com.google.common.collect.RangeGwtSerializationDependencies                     : loaded 2 times (x 69B)
Class com.google.common.collect.Maps                                                  : loaded 2 times (x 69B)
Class [Lcom.google.common.cache.Weigher;                                              : loaded 2 times (x 67B)
Class com.google.common.base.Splitter                                                 : loaded 2 times (x 70B)
Class com.google.common.base.CharMatcher$None                                         : loaded 2 times (x 110B)
Class org.gradle.api.internal.classpath.EffectiveClassPath                            : loaded 2 times (x 88B)
Class com.google.common.collect.SetMultimap                                           : loaded 2 times (x 68B)
Class com.google.common.cache.CacheLoader$FunctionToCacheLoader                       : loaded 2 times (x 73B)
Class com.google.common.cache.CacheBuilder$1                                          : loaded 2 times (x 83B)
Class com.google.common.collect.RegularImmutableSortedSet                             : loaded 2 times (x 233B)
Class com.google.common.cache.CacheBuilder$2                                          : loaded 2 times (x 77B)
Class com.google.common.base.Splitter$Strategy                                        : loaded 2 times (x 68B)
Class com.google.common.cache.CacheBuilder$3                                          : loaded 2 times (x 70B)
Class com.google.common.base.CharMatcher$IsNot                                        : loaded 2 times (x 109B)
Class [Lcom.google.common.cache.RemovalListener;                                      : loaded 2 times (x 67B)
Class [Lcom.google.common.collect.ImmutableMapEntry;                                  : loaded 2 times (x 67B)
Class org.gradle.internal.installation.CurrentGradleInstallation                      : loaded 2 times (x 71B)
Class org.gradle.internal.installation.CurrentGradleInstallationLocator               : loaded 2 times (x 69B)
Class com.google.common.base.CharMatcher                                              : loaded 2 times (x 109B)
Class org.gradle.api.internal.classpath.Module                                        : loaded 2 times (x 68B)
Class com.google.common.collect.ImmutableSortedSet                                    : loaded 2 times (x 233B)
Class com.google.common.base.Splitter$1$1                                             : loaded 2 times (x 84B)
Class com.google.common.collect.ImmutableSet$JdkBackedSetBuilderImpl                  : loaded 2 times (x 74B)
Class com.google.common.reflect.Types$TypeVariableInvocationHandler                   : loaded 2 times (x 73B)
Class com.google.common.reflect.Types$ClassOwnership                                  : loaded 2 times (x 78B)
Class com.google.common.collect.ImmutableSet$RegularSetBuilderImpl                    : loaded 2 times (x 75B)
Class org.gradle.internal.service.CachingServiceLocator                               : loaded 2 times (x 80B)
Class [Lcom.google.common.collect.ImmutableEntry;                                     : loaded 2 times (x 67B)
Class com.google.common.collect.Sets$ImprovedAbstractSet                              : loaded 2 times (x 133B)
Class org.gradle.internal.classpath.DefaultClassPath                                  : loaded 2 times (x 88B)
Class org.gradle.api.Transformer                                                      : loaded 2 times (x 68B)
Class build_cncnmb7uih3o01f70fekhngkt$_run_closure1                                   : loaded 2 times (x 134B)
Class com.google.common.util.concurrent.AbstractFuture$SetFuture                      : loaded 2 times (x 73B)
Class com.google.common.collect.CollectCollectors                                     : loaded 2 times (x 69B)
Class com.google.common.base.Splitter$SplittingIterator                               : loaded 2 times (x 82B)
Class com.google.common.reflect.TypeParameter                                         : loaded 2 times (x 70B)
Class com.google.common.cache.LocalCache$LocalManualCache$1                           : loaded 2 times (x 73B)
Class com.google.common.reflect.Types$ClassOwnership$1LocalClass                      : loaded 2 times (x 69B)
Class org.objectweb.asm.SymbolTable$Entry                                             : loaded 2 times (x 72B)
Class [Lcom.google.common.cache.LocalCache$EntryFactory;                              : loaded 2 times (x 67B)
Class com.google.common.base.CharMatcher$Is                                           : loaded 2 times (x 109B)
Class org.objectweb.asm.FieldWriter                                                   : loaded 2 times (x 75B)
Class com.google.common.base.Platform                                                 : loaded 2 times (x 69B)
Class com.google.common.cache.LocalCache$StrongEntry                                  : loaded 2 times (x 106B)
Class build_ahg71ypmxuavhil6pdsjaeo8g$_run_closure1$_closure3                         : loaded 2 times (x 134B)
Class com.google.common.collect.Lists$StringAsImmutableList                           : loaded 2 times (x 167B)
Class com.google.common.reflect.TypeResolver$TypeTable$1                              : loaded 2 times (x 71B)
Class com.google.common.cache.CacheLoader                                             : loaded 2 times (x 72B)
Class org.gradle.api.Action                                                           : loaded 2 times (x 68B)
Class org.objectweb.asm.MethodTooLargeException                                       : loaded 2 times (x 81B)
Class com.google.common.reflect.Types$1                                               : loaded 2 times (x 82B)
Class com.google.common.cache.Cache                                                   : loaded 2 times (x 68B)
Class org.gradle.internal.classloader.SystemClassLoaderSpec                           : loaded 2 times (x 69B)
Class com.google.common.util.concurrent.internal.InternalFutureFailureAccess          : loaded 2 times (x 70B)
Class com.google.common.base.Charsets                                                 : loaded 2 times (x 69B)
Class com.google.common.primitives.Ints$IntConverter                                  : loaded 2 times (x 88B)
Class com.google.common.cache.CacheBuilder$OneWeigher                                 : loaded 2 times (x 80B)
Class com.google.common.reflect.Types$TypeVariableImpl                                : loaded 2 times (x 70B)
Class [Lcom.google.common.base.AbstractIterator$State;                                : loaded 2 times (x 67B)
Class com.google.common.collect.ImmutableMap$Builder                                  : loaded 2 times (x 78B)
Class com.google.common.base.AbstractIterator                                         : loaded 2 times (x 78B)
Class org.objectweb.asm.ClassWriter                                                   : loaded 2 times (x 102B)
Class com.google.common.collect.Range                                                 : loaded 2 times (x 85B)
Class com.google.common.base.AbstractIterator$1                                       : loaded 2 times (x 69B)
Class [Lcom.google.common.cache.CacheBuilder$OneWeigher;                              : loaded 2 times (x 67B)
Class com.google.common.collect.AbstractMultimap                                      : loaded 2 times (x 121B)
Class com.google.common.base.CharMatcher$1                                            : loaded 2 times (x 111B)
Class com.google.common.base.CharMatcher$Ascii                                        : loaded 2 times (x 110B)
Class org.gradle.api.UncheckedIOException                                             : loaded 2 times (x 80B)
Class com.google.common.base.CharMatcher$And                                          : loaded 2 times (x 110B)
Class com.google.common.reflect.Element                                               : loaded 2 times (x 100B)
Class com.google.common.collect.IndexedImmutableSet                                   : loaded 2 times (x 148B)
Class com.google.common.collect.IndexedImmutableSet$1                                 : loaded 2 times (x 172B)
Class com.google.common.collect.AbstractListMultimap                                  : loaded 2 times (x 170B)
Class com.google.common.base.CharMatcher$Any                                          : loaded 2 times (x 110B)
Class com.google.common.cache.LocalCache$Strength                                     : loaded 2 times (x 79B)
Class com.google.common.collect.AbstractMapBasedMultimap$KeySet                       : loaded 2 times (x 135B)
Class com.google.common.collect.SortedIterable                                        : loaded 2 times (x 68B)
Class com.google.common.collect.ArrayListMultimapGwtSerializationDependencies         : loaded 2 times (x 170B)
Class com.google.common.base.CharMatcher$RangesMatcher                                : loaded 2 times (x 110B)
Class org.objectweb.asm.Handler                                                       : loaded 2 times (x 70B)
Class com.google.common.base.CharMatcher$Digit                                        : loaded 2 times (x 110B)
Class com.google.common.cache.LocalCache$ValueReference                               : loaded 2 times (x 68B)
Class org.gradle.internal.classloader.ClasspathUtil                                   : loaded 2 times (x 69B)
Class org.objectweb.asm.CurrentFrame                                                  : loaded 2 times (x 71B)
Class com.google.common.util.concurrent.AbstractFuture                                : loaded 2 times (x 93B)
Class com.google.common.reflect.TypeResolver                                          : loaded 2 times (x 70B)
Class com.google.common.base.Splitter$1                                               : loaded 2 times (x 75B)
Class com.google.common.collect.ReverseOrdering                                       : loaded 2 times (x 113B)
Class com.google.common.base.Ticker$1                                                 : loaded 2 times (x 70B)
Class com.google.common.collect.Maps$BiMapConverter                                   : loaded 2 times (x 88B)
Class org.gradle.api.internal.DefaultClassPathRegistry                                : loaded 2 times (x 74B)
Class com.google.common.util.concurrent.AbstractFuture$Cancellation                   : loaded 2 times (x 70B)
Class [Lorg.objectweb.asm.Symbol;                                                     : loaded 2 times (x 67B)
Class com.google.common.collect.ImmutableSet$SetBuilderImpl                           : loaded 2 times (x 74B)
Class org.gradle.api.internal.classpath.DefaultModuleRegistry$DefaultModule           : loaded 2 times (x 84B)
Class com.google.common.base.CharMatcher$JavaIsoControl                               : loaded 2 times (x 110B)
Class com.google.common.base.CharMatcher$JavaDigit                                    : loaded 2 times (x 109B)
Class com.google.common.base.CharMatcher$Or                                           : loaded 2 times (x 110B)
Class com.google.common.base.Suppliers$SupplierOfInstance                             : loaded 2 times (x 77B)
Class org.objectweb.asm.RecordComponentVisitor                                        : loaded 2 times (x 75B)
Class com.google.common.reflect.Types$ClassOwnership$1                                : loaded 2 times (x 78B)
Class com.google.common.reflect.Invokable                                             : loaded 2 times (x 116B)
Class com.google.common.reflect.Types$ClassOwnership$2                                : loaded 2 times (x 78B)
Class com.google.common.reflect.Types$ClassOwnership$3                                : loaded 2 times (x 69B)
Class com.google.common.collect.ListMultimap                                          : loaded 2 times (x 68B)
Class com.google.common.base.CharMatcher$JavaLowerCase                                : loaded 2 times (x 109B)
Class org.objectweb.asm.ClassTooLargeException                                        : loaded 2 times (x 81B)
Class org.gradle.api.internal.classpath.UnknownModuleException                        : loaded 2 times (x 80B)
Class com.google.common.util.concurrent.AbstractFuture$Listener                       : loaded 2 times (x 70B)
Class org.objectweb.asm.Edge                                                          : loaded 2 times (x 70B)
Class com.google.common.collect.Maps$EntryTransformer                                 : loaded 2 times (x 68B)
Class com.google.common.collect.ImmutableEnumSet                                      : loaded 2 times (x 146B)
Class [Lorg.objectweb.asm.SymbolTable$Entry;                                          : loaded 2 times (x 67B)
Class com.google.common.reflect.Types$JavaVersion                                     : loaded 2 times (x 81B)
Class com.google.common.collect.SingletonImmutableBiMap                               : loaded 2 times (x 142B)
Class com.google.common.base.CommonPattern                                            : loaded 2 times (x 72B)
Class com.google.common.base.Suppliers                                                : loaded 2 times (x 69B)
Class org.objectweb.asm.ClassVisitor                                                  : loaded 2 times (x 85B)
Class com.google.common.cache.LoadingCache                                            : loaded 2 times (x 68B)
Class org.gradle.internal.service.ServiceLookupException                              : loaded 2 times (x 80B)
Class org.gradle.cache.GlobalCache                                                    : loaded 2 times (x 68B)
Class com.google.common.base.CharMatcher$NegatedFastMatcher                           : loaded 2 times (x 111B)
Class [Lorg.gradle.api.internal.ClassPathProvider;                                    : loaded 2 times (x 67B)
Class com.google.common.util.concurrent.AbstractFuture$SafeAtomicHelper               : loaded 2 times (x 75B)
Class org.gradle.util.internal.GUtil                                                  : loaded 2 times (x 69B)
Class com.google.common.math.IntMath                                                  : loaded 2 times (x 69B)
Class [Lcom.google.common.reflect.Types$JavaVersion;                                  : loaded 2 times (x 67B)
Class org.gradle.api.internal.classpath.DefaultModuleRegistry                         : loaded 2 times (x 84B)
Class org.gradle.internal.classloader.ClassLoaderSpec                                 : loaded 2 times (x 69B)
Class com.google.common.cache.RemovalListener                                         : loaded 2 times (x 68B)
Class org.objectweb.asm.Frame                                                         : loaded 2 times (x 71B)
Class com.google.common.cache.LocalCache$LocalManualCache                             : loaded 2 times (x 97B)
Class org.gradle.internal.classpath.ClassPath                                         : loaded 2 times (x 68B)
Class com.google.common.base.CharMatcher$Negated                                      : loaded 2 times (x 111B)
Class com.google.common.cache.CacheLoader$1                                           : loaded 2 times (x 73B)
Class com.google.common.util.concurrent.AbstractFuture$TrustedFuture                  : loaded 2 times (x 95B)
Class com.google.common.collect.Sets                                                  : loaded 2 times (x 69B)
Class com.google.common.cache.CacheLoader$SupplierToCacheLoader                       : loaded 2 times (x 73B)
Class com.google.common.base.CharMatcher$ForPredicate                                 : loaded 2 times (x 110B)
Class com.google.common.collect.ImmutableRangeSet$AsSet                               : loaded 2 times (x 233B)
Class com.google.common.base.MoreObjects                                              : loaded 2 times (x 69B)
Class com.google.common.collect.SortedMapDifference                                   : loaded 2 times (x 68B)
Class org.objectweb.asm.SymbolTable                                                   : loaded 2 times (x 70B)
Class com.google.common.cache.CacheStats                                              : loaded 2 times (x 69B)
Class org.objectweb.asm.Attribute                                                     : loaded 2 times (x 75B)
Class org.gradle.internal.classloader.VisitableURLClassLoader                         : loaded 2 times (x 115B)
Class com.google.common.cache.LocalCache$LocalLoadingCache                            : loaded 2 times (x 132B)
Class com.google.common.base.Supplier                                                 : loaded 2 times (x 68B)
Class [Lcom.google.common.collect.AbstractMapEntry;                                   : loaded 2 times (x 67B)
Class com.google.common.util.concurrent.AbstractFuture$AtomicHelper                   : loaded 2 times (x 74B)
Class org.gradle.internal.Cast                                                        : loaded 2 times (x 69B)
Class org.gradle.api.internal.ClassPathRegistry                                       : loaded 2 times (x 68B)
Class com.google.common.cache.LocalCache$EntryFactory                                 : loaded 2 times (x 81B)
Class org.objectweb.asm.ModuleVisitor                                                 : loaded 2 times (x 78B)
Class com.google.common.util.concurrent.UncheckedExecutionException                   : loaded 2 times (x 80B)
Class org.gradle.internal.classloader.ClassLoaderHierarchy                            : loaded 2 times (x 68B)
Class build_ahg71ypmxuavhil6pdsjaeo8g                                                 : loaded 2 times (x 178B)
Class build_ahg71ypmxuavhil6pdsjaeo8g$_run_closure1                                   : loaded 2 times (x 134B)
Class [Lorg.objectweb.asm.Type;                                                       : loaded 2 times (x 67B)
Class com.google.common.base.AbstractIterator$State                                   : loaded 2 times (x 77B)
Class com.google.common.cache.Weigher                                                 : loaded 2 times (x 68B)
Class com.google.common.base.CharMatcher$NamedFastMatcher                             : loaded 2 times (x 110B)
Class org.gradle.internal.service.ServiceLocator                                      : loaded 2 times (x 68B)
Class com.google.common.collect.ImmutableRangeSet$1                                   : loaded 2 times (x 169B)
Class com.google.common.util.concurrent.SettableFuture                                : loaded 2 times (x 95B)
Class com.google.common.collect.UsingToStringOrdering                                 : loaded 2 times (x 112B)
Class com.google.common.reflect.Types$ParameterizedTypeImpl                           : loaded 2 times (x 79B)
Class com.google.common.base.CharMatcher$Invisible                                    : loaded 2 times (x 110B)
Class com.google.common.base.Joiner$1                                                 : loaded 2 times (x 78B)
Class com.google.common.base.Joiner$2                                                 : loaded 2 times (x 77B)
Class com.google.common.reflect.Types$JavaVersion$1                                   : loaded 2 times (x 81B)
Class com.google.common.base.CharMatcher$FastMatcher                                  : loaded 2 times (x 109B)
Class com.google.common.reflect.Types$JavaVersion$2                                   : loaded 2 times (x 81B)
Class com.google.common.reflect.Types$JavaVersion$3                                   : loaded 2 times (x 81B)
Class org.gradle.internal.classpath.DefaultClassPath$ImmutableUniqueList              : loaded 2 times (x 159B)
Class com.google.common.reflect.Types$JavaVersion$4                                   : loaded 2 times (x 81B)
Class com.google.common.reflect.Types$JavaVersion$5                                   : loaded 2 times (x 69B)
Class com.google.common.base.CharMatcher$JavaLetter                                   : loaded 2 times (x 109B)
Class com.google.common.collect.MapDifference                                         : loaded 2 times (x 68B)
Class com.google.common.reflect.TypeToken$SimpleTypeToken                             : loaded 2 times (x 71B)
Class com.google.common.collect.Sets$1                                                : loaded 2 times (x 137B)
Class com.google.common.collect.Sets$2                                                : loaded 2 times (x 137B)
Class com.google.common.util.concurrent.AbstractFuture$Trusted                        : loaded 2 times (x 68B)
Class com.google.common.collect.Sets$3                                                : loaded 2 times (x 137B)
Class com.google.common.collect.Sets$4                                                : loaded 2 times (x 137B)
Class com.google.common.reflect.Types$NativeTypeVariableEquals                        : loaded 2 times (x 69B)
Class org.objectweb.asm.MethodWriter                                                  : loaded 2 times (x 103B)
Class com.google.common.collect.Platform                                              : loaded 2 times (x 69B)
Class org.gradle.internal.installation.GradleInstallation                             : loaded 2 times (x 73B)
Class com.google.common.util.concurrent.ExecutionError                                : loaded 2 times (x 80B)
Class com.google.common.base.Equivalence$Identity                                     : loaded 2 times (x 80B)
Class com.google.common.base.CharMatcher$AnyOf                                        : loaded 2 times (x 110B)
Class com.google.common.base.CharMatcher$IsEither                                     : loaded 2 times (x 109B)
Class com.google.common.cache.LocalCache                                              : loaded 2 times (x 185B)
Class com.google.common.collect.ImmutableRangeSet$Builder                             : loaded 2 times (x 75B)
Class [Lcom.google.common.cache.LocalCache$Segment;                                   : loaded 2 times (x 67B)
Class com.google.common.util.concurrent.AbstractFuture$UnsafeAtomicHelper$1           : loaded 2 times (x 74B)
Class com.google.common.base.CharMatcher$JavaUpperCase                                : loaded 2 times (x 109B)
Class com.google.common.collect.Multiset                                              : loaded 2 times (x 68B)
Class com.google.common.reflect.Invokable$ConstructorInvokable                        : loaded 2 times (x 120B)
Class org.objectweb.asm.MethodVisitor                                                 : loaded 2 times (x 102B)
Class com.google.common.collect.NullsLastOrdering                                     : loaded 2 times (x 113B)
Class com.google.common.collect.AbstractMapBasedMultimap$KeySet$1                     : loaded 2 times (x 80B)
Class com.google.common.reflect.TypeCapture                                           : loaded 2 times (x 69B)
Class com.google.common.collect.AbstractMapBasedMultimap                              : loaded 2 times (x 137B)


---------------  S Y S T E M  ---------------

OS:
 Windows 11 , 64 bit Build 26100 (10.0.26100.8521)
OS uptime: 32 days 21:14 hours

CPU: total 12 (initial active 12) (6 cores per cpu, 2 threads per core) family 6 model 158 stepping 10 microcode 0xf4, cx8, cmov, fxsr, ht, mmx, 3dnowpref, sse, sse2, sse3, ssse3, sse4.1, sse4.2, popcnt, lzcnt, tsc, tscinvbit, avx, avx2, aes, erms, clmul, bmi1, bmi2, adx, fma, vzeroupper, clflush, clflushopt
Processor Information for all 12 processors :
  Max Mhz: 2592, Current Mhz: 2592, Mhz Limit: 2592

Memory: 4k page, system-wide physical 16196M (1402M free)
TotalPageFile size 42443M (AvailPageFile size 265M)
current process WorkingSet (physical memory assigned to process): 597M, peak: 601M
current process commit charge ("private bytes"): 634M, peak: 971M

vm_info: OpenJDK 64-Bit Server VM (17.0.11+0--11852314) for windows-amd64 JRE (17.0.11+0--11852314), built on May 16 2024 21:29:20 by "androidbuild" with MS VC++ 16.10 / 16.11 (VS2019)

END.
