#
# There is insufficient memory for the Java Runtime Environment to continue.
# Native memory allocation (mmap) failed to map 289406976 bytes. Error detail: G1 virtual space
# Possible reasons:
#   The system is out of physical RAM or swap space
#   This process is running with CompressedOops enabled, and the Java Heap may be blocking the growth of the native heap
# Possible solutions:
#   Reduce memory load on the system
#   Increase physical memory or swap space
#   Check if swap backing store is full
#   Decrease Java heap size (-Xmx/-Xms)
#   Decrease number of Java threads
#   Decrease Java thread stack sizes (-Xss)
#   Set larger code cache with -XX:ReservedCodeCacheSize=
#   JVM is running with Zero Based Compressed Oops mode in which the Java heap is
#     placed in the first 32GB address space. The Java Heap base address is the
#     maximum limit for the native heap growth. Please use -XX:HeapBaseMinAddress
#     to set the Java Heap base and to place the Java Heap above 32GB virtual address.
# This output file may be truncated or incomplete.
#
#  Out of Memory Error (os_windows.cpp:3825), pid=36860, tid=14252
#
# JRE version: OpenJDK Runtime Environment (17.0.11) (build 17.0.11+0--11852314)
# Java VM: OpenJDK 64-Bit Server VM (17.0.11+0--11852314, mixed mode, tiered, compressed oops, compressed class ptrs, g1 gc, windows-amd64)
# No core dump will be written. Minidumps are not enabled by default on client versions of Windows
#

---------------  S U M M A R Y ------------

Command Line: --add-opens=java.base/java.io=ALL-UNNAMED --add-exports=jdk.compiler/com.sun.tools.javac.tree=ALL-UNNAMED --add-exports=jdk.compiler/com.sun.tools.javac.code=ALL-UNNAMED --add-exports=jdk.compiler/com.sun.tools.javac.util=ALL-UNNAMED --add-opens=java.base/java.util=ALL-UNNAMED --add-opens=java.base/java.lang=ALL-UNNAMED --add-opens=java.base/java.lang.invoke=ALL-UNNAMED --add-opens=java.base/java.util=ALL-UNNAMED --add-opens=java.prefs/java.util.prefs=ALL-UNNAMED --add-opens=java.prefs/java.util.prefs=ALL-UNNAMED --add-opens=java.base/java.nio.charset=ALL-UNNAMED --add-opens=java.base/java.net=ALL-UNNAMED --add-opens=java.base/java.util.concurrent.atomic=ALL-UNNAMED -Dfile.encoding=windows-1252 -Duser.country=US -Duser.language=en -Duser.variant org.gradle.launcher.daemon.bootstrap.GradleDaemon 7.2

Host: Intel(R) Core(TM) i7-9750H CPU @ 2.60GHz, 12 cores, 15G,  Windows 11 , 64 bit Build 26100 (10.0.26100.8521)
Time: Tue Jul 14 13:19:59 2026 SA Western Standard Time elapsed time: 9150.955673 seconds (0d 2h 32m 30s)

---------------  T H R E A D  ---------------

Current thread (0x000001d1d76aea00):  VMThread "VM Thread" [stack: 0x00000060cba00000,0x00000060cbb00000] [id=14252]

Stack: [0x00000060cba00000,0x00000060cbb00000]
Native frames: (J=compiled Java code, j=interpreted, Vv=VM code, C=native code)
V  [jvm.dll+0x687bb9]
V  [jvm.dll+0x84142a]
V  [jvm.dll+0x8430ae]
V  [jvm.dll+0x843713]
V  [jvm.dll+0x24a35f]
V  [jvm.dll+0x684989]
V  [jvm.dll+0x67923a]
V  [jvm.dll+0x30af0b]
V  [jvm.dll+0x3123b6]
V  [jvm.dll+0x361dfe]
V  [jvm.dll+0x36202f]
V  [jvm.dll+0x2e0d38]
V  [jvm.dll+0x2df144]
V  [jvm.dll+0x2de74c]
V  [jvm.dll+0x323381]
V  [jvm.dll+0x847e0b]
V  [jvm.dll+0x848b42]
V  [jvm.dll+0x84905d]
V  [jvm.dll+0x849434]
V  [jvm.dll+0x849500]
V  [jvm.dll+0x7efa4a]
V  [jvm.dll+0x686a35]
C  [ucrtbase.dll+0x2cd30]
C  [KERNEL32.DLL+0x2e957]
C  [ntdll.dll+0x87c1c]

VM_Operation (0x00000060d73f87c0): G1TryInitiateConcMark, mode: safepoint, requested by thread 0x000001d1e2337e30


---------------  P R O C E S S  ---------------

Threads class SMR info:
_java_thread_list=0x000001d1e96acb60, length=182, elements={
0x000001d1b87eab40, 0x000001d1d76b2ad0, 0x000001d1d76b5120, 0x000001d1d751e700,
0x000001d1d7707020, 0x000001d1d7708460, 0x000001d1d77098a0, 0x000001d1d772f3d0,
0x000001d1d7730850, 0x000001d1d7731160, 0x000001d1d789e010, 0x000001d1d78a6500,
0x000001d1dd0a7c50, 0x000001d1de066150, 0x000001d1dd7cea80, 0x000001d1dd93bc70,
0x000001d1dd93cba0, 0x000001d1dd93d0b0, 0x000001d1e04411a0, 0x000001d1e04425e0,
0x000001d1e0443000, 0x000001d1e0443510, 0x000001d1e043fd60, 0x000001d1e0445370,
0x000001d1e0444e60, 0x000001d1dc50dc30, 0x000001d1dc50d210, 0x000001d1dc50a990,
0x000001d1dc50e140, 0x000001d1dc50e650, 0x000001d1dc50eb60, 0x000001d1dc50b3b0,
0x000001d1dc50f070, 0x000001d1dc50b8c0, 0x000001d1dc50f580, 0x000001d1e1a99f10,
0x000001d1e1fd3710, 0x000001d1e1fd22d0, 0x000001d1e1dd94a0, 0x000001d1e1ddcc50,
0x000001d1e1ddb810, 0x000001d1e1dda3d0, 0x000001d1e1ddb300, 0x000001d1e1ddbd20,
0x000001d1e1ddc230, 0x000001d1e1ddc740, 0x000001d1e1dd99b0, 0x000001d1e1de0400,
0x000001d1e1dde5a0, 0x000001d1e1ddfef0, 0x000001d1e1ddeab0, 0x000001d1e1de0910,
0x000001d1e1ddf4d0, 0x000001d1e1ddd670, 0x000001d1dc627540, 0x000001d1dc627f60,
0x000001d1dc628980, 0x000001d1dc629dc0, 0x000001d1dc62a2d0, 0x000001d1dc626b20,
0x000001d1dc62a7e0, 0x000001d1dc6298b0, 0x000001d1dc627030, 0x000001d1dc62b710,
0x000001d1dc62b200, 0x000001d1dc62c640, 0x000001d1dc62bc20, 0x000001d1dc62c130,
0x000001d1dc628e90, 0x000001d1dc62e4a0, 0x000001d1dc62cb50, 0x000001d1dc62d060,
0x000001d1dc62fdf0, 0x000001d1dc62da80, 0x000001d1dc62f8e0, 0x000001d1dc62df90,
0x000001d1dc62eec0, 0x000001d1dc62d570, 0x000001d1dc630300, 0x000001d1dc630810,
0x000001d1dc630d20, 0x000001d1dc631230, 0x000001d1dc62e9b0, 0x000001d1dc631740,
0x000001d1dc631c50, 0x000001d1dc632160, 0x000001d1dc632670, 0x000001d1dc62f3d0,
0x000001d1dc635400, 0x000001d1dc636330, 0x000001d1dc633090, 0x000001d1dc635e20,
0x000001d1dc6349e0, 0x000001d1dc634ef0, 0x000001d1dc6335a0, 0x000001d1dc635910,
0x000001d1dc6344d0, 0x000001d1dc632b80, 0x000001d1dc633ab0, 0x000001d1dc633fc0,
0x000001d1e0022f90, 0x000001d1e0024df0, 0x000001d1e00234a0, 0x000001d1e0022570,
0x000001d1e0022060, 0x000001d1e00239b0, 0x000001d1e0025300, 0x000001d1e0025d20,
0x000001d1e0023ec0, 0x000001d1e00243d0, 0x000001d1e0026230, 0x000001d1e00248e0,
0x000001d1e0022a80, 0x000001d1e00299e0, 0x000001d1e0027670, 0x000001d1e0027b80,
0x000001d1e0026c50, 0x000001d1e0027160, 0x000001d1e0028090, 0x000001d1e00285a0,
0x000001d1e0028ab0, 0x000001d1e0028fc0, 0x000001d1e0026740, 0x000001d1e00294d0,
0x000001d1e0a6d1c0, 0x000001d1e0a6a430, 0x000001d1e0a6c7a0, 0x000001d1e0a6b870,
0x000001d1e0a6ccb0, 0x000001d1e0a69f20, 0x000001d1e0a6a940, 0x000001d1e0a6ae50,
0x000001d1e0a6bd80, 0x000001d1e0a69a10, 0x000001d1e0a6c290, 0x000001d1e0a6b360,
0x000001d1e0a70460, 0x000001d1e0a6eb10, 0x000001d1e0a6fa40, 0x000001d1e0a6d6d0,
0x000001d1e0a6dbe0, 0x000001d1e0a6e600, 0x000001d1e0a6f020, 0x000001d1e0a6e0f0,
0x000001d1e0a6f530, 0x000001d1e0a6ff50, 0x000001d1e0a70970, 0x000001d1e0a70e80,
0x000001d1de7d89a0, 0x000001d1de7dad10, 0x000001d1de7d8490, 0x000001d1de7db220,
0x000001d1de7d7a70, 0x000001d1de7d8eb0, 0x000001d1de7d7f80, 0x000001d1de7dc150,
0x000001d1de7dc660, 0x000001d1de7db730, 0x000001d1de7d93c0, 0x000001d1de7dbc40,
0x000001d1de7dd080, 0x000001d1de7dcb70, 0x000001d1de7d98d0, 0x000001d1de7dd590,
0x000001d1de7d9de0, 0x000001d1de7ddaa0, 0x000001d1de7da2f0, 0x000001d1de7de9d0,
0x000001d1de7deee0, 0x000001d1de7ddfb0, 0x000001d1de7df3f0, 0x000001d1e2335fd0,
0x000001d1e23369f0, 0x000001d1e23364e0, 0x000001d1e2336f00, 0x000001d1e2337410,
0x000001d1e2337920, 0x000001d1e2337e30, 0x000001d1e23350a0, 0x000001d1e2334680,
0x000001d1e2338340, 0x000001d1e2338850
}

Java Threads: ( => current thread )
  0x000001d1b87eab40 JavaThread "main" [_thread_blocked, id=16956, stack(0x00000060cb400000,0x00000060cb500000)]
  0x000001d1d76b2ad0 JavaThread "Reference Handler" daemon [_thread_blocked, id=49800, stack(0x00000060cbb00000,0x00000060cbc00000)]
  0x000001d1d76b5120 JavaThread "Finalizer" daemon [_thread_blocked, id=58048, stack(0x00000060cbc00000,0x00000060cbd00000)]
  0x000001d1d751e700 JavaThread "Signal Dispatcher" daemon [_thread_blocked, id=7488, stack(0x00000060cbd00000,0x00000060cbe00000)]
  0x000001d1d7707020 JavaThread "Attach Listener" daemon [_thread_blocked, id=25988, stack(0x00000060cbe00000,0x00000060cbf00000)]
  0x000001d1d7708460 JavaThread "Service Thread" daemon [_thread_blocked, id=32436, stack(0x00000060cbf00000,0x00000060cc000000)]
  0x000001d1d77098a0 JavaThread "Monitor Deflation Thread" daemon [_thread_blocked, id=26268, stack(0x00000060cc000000,0x00000060cc100000)]
  0x000001d1d772f3d0 JavaThread "C2 CompilerThread0" daemon [_thread_blocked, id=41240, stack(0x00000060cc100000,0x00000060cc200000)]
  0x000001d1d7730850 JavaThread "C1 CompilerThread0" daemon [_thread_blocked, id=42196, stack(0x00000060cc200000,0x00000060cc300000)]
  0x000001d1d7731160 JavaThread "Sweeper thread" daemon [_thread_blocked, id=48856, stack(0x00000060cc300000,0x00000060cc400000)]
  0x000001d1d789e010 JavaThread "Common-Cleaner" daemon [_thread_blocked, id=14572, stack(0x00000060cc400000,0x00000060cc500000)]
  0x000001d1d78a6500 JavaThread "Notification Thread" daemon [_thread_blocked, id=20624, stack(0x00000060cc500000,0x00000060cc600000)]
  0x000001d1dd0a7c50 JavaThread "Daemon health stats" [_thread_blocked, id=18312, stack(0x00000060cce00000,0x00000060ccf00000)]
  0x000001d1de066150 JavaThread "Incoming local TCP Connector on port 59904" [_thread_in_native, id=13580, stack(0x00000060ccf00000,0x00000060cd000000)]
  0x000001d1dd7cea80 JavaThread "Daemon periodic checks" [_thread_blocked, id=22508, stack(0x00000060cd000000,0x00000060cd100000)]
  0x000001d1dd93bc70 JavaThread "Cache worker for journal cache (C:\Users\crepo\.gradle\caches\journal-1)" [_thread_blocked, id=30432, stack(0x00000060cde00000,0x00000060cdf00000)]
  0x000001d1dd93cba0 JavaThread "File lock request listener" [_thread_in_native, id=43176, stack(0x00000060cdf00000,0x00000060ce000000)]
  0x000001d1dd93d0b0 JavaThread "Cache worker for file hash cache (C:\Users\crepo\.gradle\caches\7.2\fileHashes)" [_thread_blocked, id=23460, stack(0x00000060ce000000,0x00000060ce100000)]
  0x000001d1e04411a0 JavaThread "File watcher server" daemon [_thread_blocked, id=33808, stack(0x00000060ce200000,0x00000060ce300000)]
  0x000001d1e04425e0 JavaThread "File watcher consumer" daemon [_thread_blocked, id=47844, stack(0x00000060ce300000,0x00000060ce400000)]
  0x000001d1e0443000 JavaThread "Cache worker for execution history cache (C:\Users\crepo\.gradle\caches\7.2\executionHistory)" [_thread_blocked, id=44208, stack(0x00000060ce600000,0x00000060ce700000)]
  0x000001d1e0443510 JavaThread "jar transforms" [_thread_blocked, id=21124, stack(0x00000060ce800000,0x00000060ce900000)]
  0x000001d1e043fd60 JavaThread "jar transforms Thread 2" [_thread_blocked, id=54120, stack(0x00000060ce900000,0x00000060cea00000)]
  0x000001d1e0445370 JavaThread "Cache worker for file content cache (C:\Users\crepo\.gradle\caches\7.2\fileContent)" [_thread_blocked, id=15144, stack(0x00000060cea00000,0x00000060ceb00000)]
  0x000001d1e0444e60 JavaThread "jar transforms Thread 3" [_thread_blocked, id=8648, stack(0x00000060cec00000,0x00000060ced00000)]
  0x000001d1dc50dc30 JavaThread "jar transforms Thread 4" [_thread_blocked, id=53652, stack(0x00000060d6600000,0x00000060d6700000)]
  0x000001d1dc50d210 JavaThread "jar transforms Thread 5" [_thread_blocked, id=53356, stack(0x00000060d6700000,0x00000060d6800000)]
  0x000001d1dc50a990 JavaThread "jar transforms Thread 6" [_thread_blocked, id=49080, stack(0x00000060d6800000,0x00000060d6900000)]
  0x000001d1dc50e140 JavaThread "jar transforms Thread 7" [_thread_blocked, id=4036, stack(0x00000060d6900000,0x00000060d6a00000)]
  0x000001d1dc50e650 JavaThread "jar transforms Thread 8" [_thread_blocked, id=45984, stack(0x00000060d6a00000,0x00000060d6b00000)]
  0x000001d1dc50eb60 JavaThread "jar transforms Thread 9" [_thread_blocked, id=44592, stack(0x00000060d6b00000,0x00000060d6c00000)]
  0x000001d1dc50b3b0 JavaThread "jar transforms Thread 10" [_thread_blocked, id=3788, stack(0x00000060d6c00000,0x00000060d6d00000)]
  0x000001d1dc50f070 JavaThread "jar transforms Thread 11" [_thread_blocked, id=18116, stack(0x00000060d6d00000,0x00000060d6e00000)]
  0x000001d1dc50b8c0 JavaThread "jar transforms Thread 12" [_thread_blocked, id=5156, stack(0x00000060d6e00000,0x00000060d6f00000)]
  0x000001d1dc50f580 JavaThread "Memory manager" [_thread_blocked, id=26136, stack(0x00000060d6f00000,0x00000060d7000000)]
  0x000001d1e1a99f10 JavaThread "Cache worker for Java compile cache (C:\Users\crepo\.gradle\caches\7.2\javaCompile)" [_thread_blocked, id=34228, stack(0x00000060d8000000,0x00000060d8100000)]
  0x000001d1e1fd3710 JavaThread "Daemon Thread 33" [_thread_blocked, id=46284, stack(0x00000060cb100000,0x00000060cb200000)]
  0x000001d1e1fd22d0 JavaThread "Daemon worker Thread 33" [_thread_blocked, id=58068, stack(0x00000060cc700000,0x00000060cc800000)]
  0x000001d1e1dd94a0 JavaThread "Handler for socket connection from /127.0.0.1:59904 to /127.0.0.1:49680" [_thread_in_native, id=41568, stack(0x00000060cb200000,0x00000060cb300000)]
  0x000001d1e1ddcc50 JavaThread "Cancel handler" [_thread_blocked, id=36780, stack(0x00000060cb300000,0x00000060cb400000)]
  0x000001d1e1ddb810 JavaThread "Asynchronous log dispatcher for DefaultDaemonConnection: socket connection from /127.0.0.1:59904 to /127.0.0.1:49680" [_thread_blocked, id=50068, stack(0x00000060cc800000,0x00000060cc900000)]
  0x000001d1e1dda3d0 JavaThread "Stdin handler" [_thread_blocked, id=56064, stack(0x00000060cd100000,0x00000060cd200000)]
  0x000001d1e1ddb300 JavaThread "Daemon client event forwarder" [_thread_blocked, id=11744, stack(0x00000060cd200000,0x00000060cd300000)]
  0x000001d1e1ddbd20 JavaThread "Cache worker for file hash cache (D:\Proyectos\ATS_VHF_Receiver\.gradle\7.2\fileHashes)" [_thread_blocked, id=18184, stack(0x00000060cd300000,0x00000060cd400000)]
  0x000001d1e1ddc230 JavaThread "Cache worker for checksums cache (D:\Proyectos\ATS_VHF_Receiver\.gradle\checksums)" [_thread_blocked, id=20068, stack(0x00000060cd400000,0x00000060cd500000)]
  0x000001d1e1ddc740 JavaThread "Cache worker for cache directory md-supplier (C:\Users\crepo\.gradle\caches\7.2\md-supplier)" [_thread_blocked, id=44872, stack(0x00000060cd500000,0x00000060cd600000)]
  0x000001d1e1dd99b0 JavaThread "Cache worker for cache directory md-rule (C:\Users\crepo\.gradle\caches\7.2\md-rule)" [_thread_blocked, id=39500, stack(0x00000060cd600000,0x00000060cd700000)]
  0x000001d1e1de0400 JavaThread "Cache worker for dependencies-accessors (D:\Proyectos\ATS_VHF_Receiver\.gradle\7.2\dependencies-accessors)" [_thread_blocked, id=16240, stack(0x00000060cd700000,0x00000060cd800000)]
  0x000001d1e1dde5a0 JavaThread "Cache worker for Build Output Cleanup Cache (D:\Proyectos\ATS_VHF_Receiver\.gradle\buildOutputCleanup)" [_thread_blocked, id=23668, stack(0x00000060ce100000,0x00000060ce200000)]
  0x000001d1e1ddfef0 JavaThread "Unconstrained build operations" [_thread_blocked, id=44176, stack(0x00000060ce400000,0x00000060ce500000)]
  0x000001d1e1ddeab0 JavaThread "Unconstrained build operations Thread 2" [_thread_blocked, id=29828, stack(0x00000060ce500000,0x00000060ce600000)]
  0x000001d1e1de0910 JavaThread "Unconstrained build operations Thread 3" [_thread_blocked, id=2008, stack(0x00000060ce700000,0x00000060ce800000)]
  0x000001d1e1ddf4d0 JavaThread "Unconstrained build operations Thread 4" [_thread_blocked, id=19192, stack(0x00000060ceb00000,0x00000060cec00000)]
  0x000001d1e1ddd670 JavaThread "Unconstrained build operations Thread 5" [_thread_blocked, id=49996, stack(0x00000060ced00000,0x00000060cee00000)]
  0x000001d1dc627540 JavaThread "Unconstrained build operations Thread 6" [_thread_blocked, id=2176, stack(0x00000060cee00000,0x00000060cef00000)]
  0x000001d1dc627f60 JavaThread "Unconstrained build operations Thread 7" [_thread_blocked, id=52604, stack(0x00000060cef00000,0x00000060cf000000)]
  0x000001d1dc628980 JavaThread "Unconstrained build operations Thread 8" [_thread_blocked, id=29152, stack(0x00000060cf000000,0x00000060cf100000)]
  0x000001d1dc629dc0 JavaThread "Unconstrained build operations Thread 9" [_thread_blocked, id=7456, stack(0x00000060cf100000,0x00000060cf200000)]
  0x000001d1dc62a2d0 JavaThread "Unconstrained build operations Thread 10" [_thread_blocked, id=56664, stack(0x00000060cf200000,0x00000060cf300000)]
  0x000001d1dc626b20 JavaThread "Unconstrained build operations Thread 11" [_thread_blocked, id=15436, stack(0x00000060cf300000,0x00000060cf400000)]
  0x000001d1dc62a7e0 JavaThread "Unconstrained build operations Thread 12" [_thread_blocked, id=8172, stack(0x00000060cf400000,0x00000060cf500000)]
  0x000001d1dc6298b0 JavaThread "Unconstrained build operations Thread 13" [_thread_blocked, id=36588, stack(0x00000060cf500000,0x00000060cf600000)]
  0x000001d1dc627030 JavaThread "Unconstrained build operations Thread 14" [_thread_blocked, id=20972, stack(0x00000060cf600000,0x00000060cf700000)]
  0x000001d1dc62b710 JavaThread "Unconstrained build operations Thread 15" [_thread_blocked, id=46568, stack(0x00000060cf700000,0x00000060cf800000)]
  0x000001d1dc62b200 JavaThread "Unconstrained build operations Thread 16" [_thread_blocked, id=18160, stack(0x00000060cf800000,0x00000060cf900000)]
  0x000001d1dc62c640 JavaThread "Unconstrained build operations Thread 17" [_thread_blocked, id=36804, stack(0x00000060cf900000,0x00000060cfa00000)]
  0x000001d1dc62bc20 JavaThread "Unconstrained build operations Thread 18" [_thread_blocked, id=5624, stack(0x00000060cfa00000,0x00000060cfb00000)]
  0x000001d1dc62c130 JavaThread "Unconstrained build operations Thread 19" [_thread_blocked, id=23760, stack(0x00000060cfb00000,0x00000060cfc00000)]
  0x000001d1dc628e90 JavaThread "Unconstrained build operations Thread 20" [_thread_blocked, id=39880, stack(0x00000060cfc00000,0x00000060cfd00000)]
  0x000001d1dc62e4a0 JavaThread "Unconstrained build operations Thread 21" [_thread_blocked, id=31652, stack(0x00000060cfd00000,0x00000060cfe00000)]
  0x000001d1dc62cb50 JavaThread "Unconstrained build operations Thread 22" [_thread_blocked, id=20260, stack(0x00000060cfe00000,0x00000060cff00000)]
  0x000001d1dc62d060 JavaThread "Unconstrained build operations Thread 23" [_thread_blocked, id=42448, stack(0x00000060cff00000,0x00000060d0000000)]
  0x000001d1dc62fdf0 JavaThread "Unconstrained build operations Thread 24" [_thread_blocked, id=37880, stack(0x00000060d0000000,0x00000060d0100000)]
  0x000001d1dc62da80 JavaThread "Unconstrained build operations Thread 25" [_thread_blocked, id=11792, stack(0x00000060d0100000,0x00000060d0200000)]
  0x000001d1dc62f8e0 JavaThread "Unconstrained build operations Thread 26" [_thread_blocked, id=55616, stack(0x00000060d0200000,0x00000060d0300000)]
  0x000001d1dc62df90 JavaThread "Unconstrained build operations Thread 27" [_thread_blocked, id=42312, stack(0x00000060d0300000,0x00000060d0400000)]
  0x000001d1dc62eec0 JavaThread "Unconstrained build operations Thread 28" [_thread_blocked, id=25596, stack(0x00000060d0400000,0x00000060d0500000)]
  0x000001d1dc62d570 JavaThread "Unconstrained build operations Thread 29" [_thread_blocked, id=10924, stack(0x00000060d0500000,0x00000060d0600000)]
  0x000001d1dc630300 JavaThread "Unconstrained build operations Thread 30" [_thread_blocked, id=47092, stack(0x00000060d0600000,0x00000060d0700000)]
  0x000001d1dc630810 JavaThread "Unconstrained build operations Thread 31" [_thread_blocked, id=39760, stack(0x00000060d0700000,0x00000060d0800000)]
  0x000001d1dc630d20 JavaThread "Unconstrained build operations Thread 32" [_thread_blocked, id=40532, stack(0x00000060d0800000,0x00000060d0900000)]
  0x000001d1dc631230 JavaThread "Unconstrained build operations Thread 33" [_thread_blocked, id=48360, stack(0x00000060d0900000,0x00000060d0a00000)]
  0x000001d1dc62e9b0 JavaThread "Unconstrained build operations Thread 34" [_thread_blocked, id=16568, stack(0x00000060d0a00000,0x00000060d0b00000)]
  0x000001d1dc631740 JavaThread "Unconstrained build operations Thread 35" [_thread_blocked, id=53116, stack(0x00000060d0b00000,0x00000060d0c00000)]
  0x000001d1dc631c50 JavaThread "Unconstrained build operations Thread 36" [_thread_blocked, id=32356, stack(0x00000060d0c00000,0x00000060d0d00000)]
  0x000001d1dc632160 JavaThread "Unconstrained build operations Thread 37" [_thread_blocked, id=12580, stack(0x00000060d0d00000,0x00000060d0e00000)]
  0x000001d1dc632670 JavaThread "Unconstrained build operations Thread 38" [_thread_blocked, id=45892, stack(0x00000060d0e00000,0x00000060d0f00000)]
  0x000001d1dc62f3d0 JavaThread "Unconstrained build operations Thread 39" [_thread_blocked, id=32832, stack(0x00000060d0f00000,0x00000060d1000000)]
  0x000001d1dc635400 JavaThread "Unconstrained build operations Thread 40" [_thread_blocked, id=6560, stack(0x00000060d1000000,0x00000060d1100000)]
  0x000001d1dc636330 JavaThread "Unconstrained build operations Thread 41" [_thread_blocked, id=31564, stack(0x00000060d1100000,0x00000060d1200000)]
  0x000001d1dc633090 JavaThread "Unconstrained build operations Thread 42" [_thread_blocked, id=50976, stack(0x00000060d1200000,0x00000060d1300000)]
  0x000001d1dc635e20 JavaThread "Unconstrained build operations Thread 43" [_thread_blocked, id=44444, stack(0x00000060d1300000,0x00000060d1400000)]
  0x000001d1dc6349e0 JavaThread "Unconstrained build operations Thread 44" [_thread_blocked, id=29608, stack(0x00000060d1400000,0x00000060d1500000)]
  0x000001d1dc634ef0 JavaThread "Unconstrained build operations Thread 45" [_thread_blocked, id=29720, stack(0x00000060d1500000,0x00000060d1600000)]
  0x000001d1dc6335a0 JavaThread "Unconstrained build operations Thread 46" [_thread_blocked, id=13596, stack(0x00000060d1600000,0x00000060d1700000)]
  0x000001d1dc635910 JavaThread "Unconstrained build operations Thread 47" [_thread_blocked, id=53436, stack(0x00000060d1700000,0x00000060d1800000)]
  0x000001d1dc6344d0 JavaThread "Unconstrained build operations Thread 48" [_thread_blocked, id=35616, stack(0x00000060d1800000,0x00000060d1900000)]
  0x000001d1dc632b80 JavaThread "Unconstrained build operations Thread 49" [_thread_blocked, id=33256, stack(0x00000060d1900000,0x00000060d1a00000)]
  0x000001d1dc633ab0 JavaThread "Unconstrained build operations Thread 50" [_thread_blocked, id=57656, stack(0x00000060d1a00000,0x00000060d1b00000)]
  0x000001d1dc633fc0 JavaThread "Unconstrained build operations Thread 51" [_thread_blocked, id=36844, stack(0x00000060d1b00000,0x00000060d1c00000)]
  0x000001d1e0022f90 JavaThread "Unconstrained build operations Thread 52" [_thread_blocked, id=54372, stack(0x00000060d1c00000,0x00000060d1d00000)]
  0x000001d1e0024df0 JavaThread "Unconstrained build operations Thread 53" [_thread_blocked, id=37556, stack(0x00000060d1d00000,0x00000060d1e00000)]
  0x000001d1e00234a0 JavaThread "Unconstrained build operations Thread 54" [_thread_blocked, id=7908, stack(0x00000060d1e00000,0x00000060d1f00000)]
  0x000001d1e0022570 JavaThread "Unconstrained build operations Thread 55" [_thread_blocked, id=50412, stack(0x00000060d1f00000,0x00000060d2000000)]
  0x000001d1e0022060 JavaThread "Unconstrained build operations Thread 56" [_thread_blocked, id=54628, stack(0x00000060d2000000,0x00000060d2100000)]
  0x000001d1e00239b0 JavaThread "Unconstrained build operations Thread 57" [_thread_blocked, id=31212, stack(0x00000060d2100000,0x00000060d2200000)]
  0x000001d1e0025300 JavaThread "Unconstrained build operations Thread 58" [_thread_blocked, id=13396, stack(0x00000060d2200000,0x00000060d2300000)]
  0x000001d1e0025d20 JavaThread "Unconstrained build operations Thread 59" [_thread_blocked, id=54208, stack(0x00000060d2300000,0x00000060d2400000)]
  0x000001d1e0023ec0 JavaThread "Unconstrained build operations Thread 60" [_thread_blocked, id=30036, stack(0x00000060d2400000,0x00000060d2500000)]
  0x000001d1e00243d0 JavaThread "Unconstrained build operations Thread 61" [_thread_blocked, id=37512, stack(0x00000060d2500000,0x00000060d2600000)]
  0x000001d1e0026230 JavaThread "Unconstrained build operations Thread 62" [_thread_blocked, id=53004, stack(0x00000060d2600000,0x00000060d2700000)]
  0x000001d1e00248e0 JavaThread "Unconstrained build operations Thread 63" [_thread_blocked, id=1136, stack(0x00000060d2700000,0x00000060d2800000)]
  0x000001d1e0022a80 JavaThread "Unconstrained build operations Thread 64" [_thread_blocked, id=42440, stack(0x00000060d2800000,0x00000060d2900000)]
  0x000001d1e00299e0 JavaThread "Unconstrained build operations Thread 65" [_thread_blocked, id=21780, stack(0x00000060d2900000,0x00000060d2a00000)]
  0x000001d1e0027670 JavaThread "Unconstrained build operations Thread 66" [_thread_blocked, id=55468, stack(0x00000060d2a00000,0x00000060d2b00000)]
  0x000001d1e0027b80 JavaThread "Unconstrained build operations Thread 67" [_thread_blocked, id=53176, stack(0x00000060d2b00000,0x00000060d2c00000)]
  0x000001d1e0026c50 JavaThread "Unconstrained build operations Thread 68" [_thread_blocked, id=5040, stack(0x00000060d2c00000,0x00000060d2d00000)]
  0x000001d1e0027160 JavaThread "Unconstrained build operations Thread 69" [_thread_blocked, id=35052, stack(0x00000060d2d00000,0x00000060d2e00000)]
  0x000001d1e0028090 JavaThread "Unconstrained build operations Thread 70" [_thread_blocked, id=29372, stack(0x00000060d2e00000,0x00000060d2f00000)]
  0x000001d1e00285a0 JavaThread "Unconstrained build operations Thread 71" [_thread_blocked, id=48880, stack(0x00000060d2f00000,0x00000060d3000000)]
  0x000001d1e0028ab0 JavaThread "Unconstrained build operations Thread 72" [_thread_blocked, id=57128, stack(0x00000060d3000000,0x00000060d3100000)]
  0x000001d1e0028fc0 JavaThread "Unconstrained build operations Thread 73" [_thread_blocked, id=18476, stack(0x00000060d3100000,0x00000060d3200000)]
  0x000001d1e0026740 JavaThread "Unconstrained build operations Thread 74" [_thread_blocked, id=20532, stack(0x00000060d3200000,0x00000060d3300000)]
  0x000001d1e00294d0 JavaThread "Unconstrained build operations Thread 75" [_thread_blocked, id=24144, stack(0x00000060d3300000,0x00000060d3400000)]
  0x000001d1e0a6d1c0 JavaThread "Unconstrained build operations Thread 76" [_thread_blocked, id=22300, stack(0x00000060d3400000,0x00000060d3500000)]
  0x000001d1e0a6a430 JavaThread "Unconstrained build operations Thread 77" [_thread_blocked, id=5304, stack(0x00000060d3500000,0x00000060d3600000)]
  0x000001d1e0a6c7a0 JavaThread "Unconstrained build operations Thread 78" [_thread_blocked, id=28484, stack(0x00000060d3600000,0x00000060d3700000)]
  0x000001d1e0a6b870 JavaThread "Unconstrained build operations Thread 79" [_thread_blocked, id=42104, stack(0x00000060d3700000,0x00000060d3800000)]
  0x000001d1e0a6ccb0 JavaThread "Unconstrained build operations Thread 80" [_thread_blocked, id=34236, stack(0x00000060d3800000,0x00000060d3900000)]
  0x000001d1e0a69f20 JavaThread "Unconstrained build operations Thread 81" [_thread_blocked, id=17748, stack(0x00000060d3900000,0x00000060d3a00000)]
  0x000001d1e0a6a940 JavaThread "Unconstrained build operations Thread 82" [_thread_blocked, id=54584, stack(0x00000060d3a00000,0x00000060d3b00000)]
  0x000001d1e0a6ae50 JavaThread "Unconstrained build operations Thread 83" [_thread_blocked, id=30256, stack(0x00000060d3b00000,0x00000060d3c00000)]
  0x000001d1e0a6bd80 JavaThread "Unconstrained build operations Thread 84" [_thread_blocked, id=26512, stack(0x00000060d3c00000,0x00000060d3d00000)]
  0x000001d1e0a69a10 JavaThread "Unconstrained build operations Thread 85" [_thread_blocked, id=55740, stack(0x00000060d3d00000,0x00000060d3e00000)]
  0x000001d1e0a6c290 JavaThread "Unconstrained build operations Thread 86" [_thread_blocked, id=40396, stack(0x00000060d3e00000,0x00000060d3f00000)]
  0x000001d1e0a6b360 JavaThread "Unconstrained build operations Thread 87" [_thread_blocked, id=42408, stack(0x00000060d3f00000,0x00000060d4000000)]
  0x000001d1e0a70460 JavaThread "Unconstrained build operations Thread 88" [_thread_blocked, id=13412, stack(0x00000060d4000000,0x00000060d4100000)]
  0x000001d1e0a6eb10 JavaThread "Unconstrained build operations Thread 89" [_thread_blocked, id=54396, stack(0x00000060d4100000,0x00000060d4200000)]
  0x000001d1e0a6fa40 JavaThread "Unconstrained build operations Thread 90" [_thread_blocked, id=34400, stack(0x00000060d4200000,0x00000060d4300000)]
  0x000001d1e0a6d6d0 JavaThread "Unconstrained build operations Thread 91" [_thread_blocked, id=53572, stack(0x00000060d4300000,0x00000060d4400000)]
  0x000001d1e0a6dbe0 JavaThread "Unconstrained build operations Thread 92" [_thread_blocked, id=50460, stack(0x00000060d4400000,0x00000060d4500000)]
  0x000001d1e0a6e600 JavaThread "Unconstrained build operations Thread 93" [_thread_blocked, id=38260, stack(0x00000060d4500000,0x00000060d4600000)]
  0x000001d1e0a6f020 JavaThread "Unconstrained build operations Thread 94" [_thread_blocked, id=27368, stack(0x00000060d4600000,0x00000060d4700000)]
  0x000001d1e0a6e0f0 JavaThread "Unconstrained build operations Thread 95" [_thread_blocked, id=14232, stack(0x00000060d4700000,0x00000060d4800000)]
  0x000001d1e0a6f530 JavaThread "Unconstrained build operations Thread 96" [_thread_blocked, id=8456, stack(0x00000060d4800000,0x00000060d4900000)]
  0x000001d1e0a6ff50 JavaThread "Unconstrained build operations Thread 97" [_thread_blocked, id=24340, stack(0x00000060d4900000,0x00000060d4a00000)]
  0x000001d1e0a70970 JavaThread "Unconstrained build operations Thread 98" [_thread_blocked, id=34500, stack(0x00000060d4a00000,0x00000060d4b00000)]
  0x000001d1e0a70e80 JavaThread "Unconstrained build operations Thread 99" [_thread_blocked, id=54668, stack(0x00000060d4b00000,0x00000060d4c00000)]
  0x000001d1de7d89a0 JavaThread "Unconstrained build operations Thread 100" [_thread_blocked, id=23800, stack(0x00000060d4c00000,0x00000060d4d00000)]
  0x000001d1de7dad10 JavaThread "Unconstrained build operations Thread 101" [_thread_blocked, id=27888, stack(0x00000060d4d00000,0x00000060d4e00000)]
  0x000001d1de7d8490 JavaThread "Unconstrained build operations Thread 102" [_thread_blocked, id=15156, stack(0x00000060d4e00000,0x00000060d4f00000)]
  0x000001d1de7db220 JavaThread "Unconstrained build operations Thread 103" [_thread_blocked, id=50304, stack(0x00000060d4f00000,0x00000060d5000000)]
  0x000001d1de7d7a70 JavaThread "Unconstrained build operations Thread 104" [_thread_blocked, id=15996, stack(0x00000060d5000000,0x00000060d5100000)]
  0x000001d1de7d8eb0 JavaThread "Unconstrained build operations Thread 105" [_thread_blocked, id=57980, stack(0x00000060d5100000,0x00000060d5200000)]
  0x000001d1de7d7f80 JavaThread "Unconstrained build operations Thread 106" [_thread_blocked, id=28508, stack(0x00000060d5200000,0x00000060d5300000)]
  0x000001d1de7dc150 JavaThread "Unconstrained build operations Thread 107" [_thread_blocked, id=43396, stack(0x00000060d5300000,0x00000060d5400000)]
  0x000001d1de7dc660 JavaThread "Unconstrained build operations Thread 108" [_thread_blocked, id=35404, stack(0x00000060d5400000,0x00000060d5500000)]
  0x000001d1de7db730 JavaThread "Unconstrained build operations Thread 109" [_thread_blocked, id=57948, stack(0x00000060d5500000,0x00000060d5600000)]
  0x000001d1de7d93c0 JavaThread "Unconstrained build operations Thread 110" [_thread_blocked, id=23108, stack(0x00000060d5600000,0x00000060d5700000)]
  0x000001d1de7dbc40 JavaThread "Unconstrained build operations Thread 111" [_thread_blocked, id=51132, stack(0x00000060d5700000,0x00000060d5800000)]
  0x000001d1de7dd080 JavaThread "Unconstrained build operations Thread 112" [_thread_blocked, id=43696, stack(0x00000060d5800000,0x00000060d5900000)]
  0x000001d1de7dcb70 JavaThread "Unconstrained build operations Thread 113" [_thread_blocked, id=44760, stack(0x00000060d5900000,0x00000060d5a00000)]
  0x000001d1de7d98d0 JavaThread "Unconstrained build operations Thread 114" [_thread_blocked, id=21304, stack(0x00000060d5a00000,0x00000060d5b00000)]
  0x000001d1de7dd590 JavaThread "Unconstrained build operations Thread 115" [_thread_blocked, id=45164, stack(0x00000060d5b00000,0x00000060d5c00000)]
  0x000001d1de7d9de0 JavaThread "Unconstrained build operations Thread 116" [_thread_blocked, id=51044, stack(0x00000060d5c00000,0x00000060d5d00000)]
  0x000001d1de7ddaa0 JavaThread "Unconstrained build operations Thread 117" [_thread_blocked, id=43472, stack(0x00000060d5d00000,0x00000060d5e00000)]
  0x000001d1de7da2f0 JavaThread "Unconstrained build operations Thread 118" [_thread_blocked, id=47000, stack(0x00000060d5e00000,0x00000060d5f00000)]
  0x000001d1de7de9d0 JavaThread "Unconstrained build operations Thread 119" [_thread_blocked, id=53276, stack(0x00000060d5f00000,0x00000060d6000000)]
  0x000001d1de7deee0 JavaThread "Unconstrained build operations Thread 120" [_thread_blocked, id=28388, stack(0x00000060d6000000,0x00000060d6100000)]
  0x000001d1de7ddfb0 JavaThread "build event listener" [_thread_blocked, id=1736, stack(0x00000060d6100000,0x00000060d6200000)]
  0x000001d1de7df3f0 JavaThread "Execution worker for ':'" [_thread_blocked, id=28252, stack(0x00000060d6200000,0x00000060d6300000)]
  0x000001d1e2335fd0 JavaThread "Execution worker for ':' Thread 2" [_thread_blocked, id=47048, stack(0x00000060d6300000,0x00000060d6400000)]
  0x000001d1e23369f0 JavaThread "Execution worker for ':' Thread 3" [_thread_blocked, id=34420, stack(0x00000060d6400000,0x00000060d6500000)]
  0x000001d1e23364e0 JavaThread "Execution worker for ':' Thread 4" [_thread_blocked, id=35596, stack(0x00000060d6500000,0x00000060d6600000)]
  0x000001d1e2336f00 JavaThread "Execution worker for ':' Thread 5" [_thread_blocked, id=34068, stack(0x00000060d7000000,0x00000060d7100000)]
  0x000001d1e2337410 JavaThread "Execution worker for ':' Thread 6" [_thread_blocked, id=56268, stack(0x00000060d7100000,0x00000060d7200000)]
  0x000001d1e2337920 JavaThread "Execution worker for ':' Thread 7" [_thread_blocked, id=40608, stack(0x00000060d7200000,0x00000060d7300000)]
  0x000001d1e2337e30 JavaThread "Execution worker for ':' Thread 8" [_thread_blocked, id=22260, stack(0x00000060d7300000,0x00000060d7400000)]
  0x000001d1e23350a0 JavaThread "Execution worker for ':' Thread 9" [_thread_blocked, id=43276, stack(0x00000060d7400000,0x00000060d7500000)]
  0x000001d1e2334680 JavaThread "Execution worker for ':' Thread 10" [_thread_blocked, id=51616, stack(0x00000060d7500000,0x00000060d7600000)]
  0x000001d1e2338340 JavaThread "Execution worker for ':' Thread 11" [_thread_blocked, id=41820, stack(0x00000060d7600000,0x00000060d7700000)]
  0x000001d1e2338850 JavaThread "Cache worker for execution history cache (D:\Proyectos\ATS_VHF_Receiver\.gradle\7.2\executionHistory)" [_thread_blocked, id=23132, stack(0x00000060d7700000,0x00000060d7800000)]

Other Threads:
=>0x000001d1d76aea00 VMThread "VM Thread" [stack: 0x00000060cba00000,0x00000060cbb00000] [id=14252]
  0x000001d1d78a69e0 WatcherThread [stack: 0x00000060cc600000,0x00000060cc700000] [id=51004]
  0x000001d1b8857a30 GCTaskThread "GC Thread#0" [stack: 0x00000060cb500000,0x00000060cb600000] [id=46076]
  0x000001d1dc3ca120 GCTaskThread "GC Thread#1" [stack: 0x00000060cc900000,0x00000060cca00000] [id=44008]
  0x000001d1dc3ca3e0 GCTaskThread "GC Thread#2" [stack: 0x00000060cca00000,0x00000060ccb00000] [id=38956]
  0x000001d1dc3ca6a0 GCTaskThread "GC Thread#3" [stack: 0x00000060ccb00000,0x00000060ccc00000] [id=4924]
  0x000001d1dc3ca960 GCTaskThread "GC Thread#4" [stack: 0x00000060ccc00000,0x00000060ccd00000] [id=10984]
  0x000001d1dc3cac20 GCTaskThread "GC Thread#5" [stack: 0x00000060ccd00000,0x00000060cce00000] [id=42236]
  0x000001d1ddd4dc50 GCTaskThread "GC Thread#6" [stack: 0x00000060cd800000,0x00000060cd900000] [id=40364]
  0x000001d1dc916b60 GCTaskThread "GC Thread#7" [stack: 0x00000060cd900000,0x00000060cda00000] [id=33356]
  0x000001d1dc68fb50 GCTaskThread "GC Thread#8" [stack: 0x00000060cda00000,0x00000060cdb00000] [id=25132]
  0x000001d1dce7eab0 GCTaskThread "GC Thread#9" [stack: 0x00000060cdb00000,0x00000060cdc00000] [id=13416]
  0x000001d1b8869270 ConcurrentGCThread "G1 Main Marker" [stack: 0x00000060cb600000,0x00000060cb700000] [id=54636]
  0x000001d1b886a340 ConcurrentGCThread "G1 Conc#0" [stack: 0x00000060cb700000,0x00000060cb800000] [id=35308]
  0x000001d1dc93e430 ConcurrentGCThread "G1 Conc#1" [stack: 0x00000060cdc00000,0x00000060cdd00000] [id=42960]
  0x000001d1dd75a450 ConcurrentGCThread "G1 Conc#2" [stack: 0x00000060cdd00000,0x00000060cde00000] [id=47544]
  0x000001d1d73ceb50 ConcurrentGCThread "G1 Refine#0" [stack: 0x00000060cb800000,0x00000060cb900000] [id=56500]
  0x000001d1e21c1630 ConcurrentGCThread "G1 Refine#1" [stack: 0x00000060d7e00000,0x00000060d7f00000] [id=23060]
  0x000001d1e41762e0 ConcurrentGCThread "G1 Refine#2" [stack: 0x00000060d7a00000,0x00000060d7b00000] [id=6828]
  0x000001d1d73cf490 ConcurrentGCThread "G1 Service" [stack: 0x00000060cb900000,0x00000060cba00000] [id=41328]

Threads with active compile tasks:
C2 CompilerThread0  9151006 38111       4       com.sun.tools.javac.parser.JavacParser::classCreatorRest (112 bytes)

VM state: at safepoint (normal execution)

VM Mutex/Monitor currently owned by a thread:  ([mutex/lock_event])
[0x000001d1b6532c70] Threads_lock - owner thread: 0x000001d1d76aea00
[0x000001d1b87e89a0] Heap_lock - owner thread: 0x000001d1e2337e30

Heap address: 0x0000000702e00000, size: 4050 MB, Compressed Oops mode: Zero based, Oop shift amount: 3

CDS archive(s) not mapped
Compressed class space mapped at: 0x0000000800000000-0x0000000840000000, reserved size: 1073741824
Narrow klass base: 0x0000000800000000, Narrow klass shift: 0, Narrow klass range: 0x40000000

GC Precious Log:
 CPUs: 12 total, 12 available
 Memory: 16196M
 Large Page Support: Disabled
 NUMA Support: Disabled
 Compressed Oops: Enabled (Zero based)
 Heap Region Size: 2M
 Heap Min Capacity: 8M
 Heap Initial Capacity: 254M
 Heap Max Capacity: 4050M
 Pre-touch: Disabled
 Parallel Workers: 10
 Concurrent Workers: 3
 Concurrent Refinement Workers: 10
 Periodic GC: Disabled

Heap:
 garbage-first heap   total 1499136K, used 185577K [0x0000000702e00000, 0x0000000800000000)
  region size 2048K, 9 young (18432K), 9 survivors (18432K)
 Metaspace       used 122545K, committed 124224K, reserved 1179648K
  class space    used 15172K, committed 15936K, reserved 1048576K

Heap Regions: E=young(eden), S=young(survivor), O=old, HS=humongous(starts), HC=humongous(continues), CS=collection set, F=free, OA=open archive, CA=closed archive, TAMS=top-at-mark-start (previous, next)
|   0|0x0000000702e00000, 0x0000000703000000, 0x0000000703000000|100%| O|  |TAMS 0x0000000703000000, 0x0000000703000000| Untracked 
|   1|0x0000000703000000, 0x0000000703200000, 0x0000000703200000|100%| O|  |TAMS 0x0000000703200000, 0x0000000703200000| Untracked 
|   2|0x0000000703200000, 0x0000000703400000, 0x0000000703400000|100%|HS|  |TAMS 0x0000000703400000, 0x0000000703400000| Complete 
|   3|0x0000000703400000, 0x0000000703600000, 0x0000000703600000|100%|HC|  |TAMS 0x0000000703600000, 0x0000000703600000| Complete 
|   4|0x0000000703600000, 0x0000000703800000, 0x0000000703800000|100%| O|  |TAMS 0x0000000703800000, 0x0000000703800000| Untracked 
|   5|0x0000000703800000, 0x0000000703a00000, 0x0000000703a00000|100%| O|  |TAMS 0x0000000703a00000, 0x0000000703a00000| Untracked 
|   6|0x0000000703a00000, 0x0000000703c00000, 0x0000000703c00000|100%| O|  |TAMS 0x0000000703c00000, 0x0000000703c00000| Untracked 
|   7|0x0000000703c00000, 0x0000000703e00000, 0x0000000703e00000|100%| O|  |TAMS 0x0000000703e00000, 0x0000000703e00000| Untracked 
|   8|0x0000000703e00000, 0x0000000704000000, 0x0000000704000000|100%| O|  |TAMS 0x0000000704000000, 0x0000000704000000| Untracked 
|   9|0x0000000704000000, 0x0000000704200000, 0x0000000704200000|100%| O|  |TAMS 0x0000000704200000, 0x0000000704200000| Untracked 
|  10|0x0000000704200000, 0x0000000704400000, 0x0000000704400000|100%|HS|  |TAMS 0x0000000704400000, 0x0000000704400000| Complete 
|  11|0x0000000704400000, 0x0000000704600000, 0x0000000704600000|100%| O|  |TAMS 0x0000000704600000, 0x0000000704600000| Untracked 
|  12|0x0000000704600000, 0x0000000704800000, 0x0000000704800000|100%| O|  |TAMS 0x0000000704800000, 0x0000000704800000| Untracked 
|  13|0x0000000704800000, 0x0000000704a00000, 0x0000000704a00000|100%| O|  |TAMS 0x0000000704a00000, 0x0000000704a00000| Untracked 
|  14|0x0000000704a00000, 0x0000000704c00000, 0x0000000704c00000|100%| O|  |TAMS 0x0000000704c00000, 0x0000000704c00000| Untracked 
|  15|0x0000000704c00000, 0x0000000704e00000, 0x0000000704e00000|100%| O|  |TAMS 0x0000000704e00000, 0x0000000704e00000| Untracked 
|  16|0x0000000704e00000, 0x0000000705000000, 0x0000000705000000|100%| O|  |TAMS 0x0000000705000000, 0x0000000705000000| Untracked 
|  17|0x0000000705000000, 0x0000000705200000, 0x0000000705200000|100%| O|  |TAMS 0x0000000705200000, 0x0000000705200000| Untracked 
|  18|0x0000000705200000, 0x0000000705400000, 0x0000000705400000|100%| O|  |TAMS 0x0000000705400000, 0x0000000705400000| Untracked 
|  19|0x0000000705400000, 0x0000000705600000, 0x0000000705600000|100%| O|  |TAMS 0x0000000705600000, 0x0000000705600000| Untracked 
|  20|0x0000000705600000, 0x0000000705800000, 0x0000000705800000|100%| O|  |TAMS 0x0000000705800000, 0x0000000705800000| Untracked 
|  21|0x0000000705800000, 0x0000000705a00000, 0x0000000705a00000|100%| O|  |TAMS 0x0000000705a00000, 0x0000000705a00000| Untracked 
|  22|0x0000000705a00000, 0x0000000705c00000, 0x0000000705c00000|100%| O|  |TAMS 0x0000000705c00000, 0x0000000705c00000| Untracked 
|  23|0x0000000705c00000, 0x0000000705e00000, 0x0000000705e00000|100%| O|  |TAMS 0x0000000705e00000, 0x0000000705e00000| Untracked 
|  24|0x0000000705e00000, 0x0000000706000000, 0x0000000706000000|100%| O|  |TAMS 0x0000000706000000, 0x0000000706000000| Untracked 
|  25|0x0000000706000000, 0x0000000706200000, 0x0000000706200000|100%| O|  |TAMS 0x0000000706200000, 0x0000000706200000| Untracked 
|  26|0x0000000706200000, 0x0000000706400000, 0x0000000706400000|100%| O|  |TAMS 0x0000000706400000, 0x0000000706400000| Untracked 
|  27|0x0000000706400000, 0x0000000706600000, 0x0000000706600000|100%| O|  |TAMS 0x0000000706600000, 0x0000000706600000| Untracked 
|  28|0x0000000706600000, 0x0000000706800000, 0x0000000706800000|100%|HS|  |TAMS 0x0000000706600000, 0x0000000706800000| Complete 
|  29|0x0000000706800000, 0x0000000706a00000, 0x0000000706a00000|100%| O|  |TAMS 0x0000000706a00000, 0x0000000706a00000| Untracked 
|  30|0x0000000706a00000, 0x0000000706c00000, 0x0000000706c00000|100%| O|  |TAMS 0x0000000706c00000, 0x0000000706c00000| Untracked 
|  31|0x0000000706c00000, 0x0000000706c00000, 0x0000000706e00000|  0%| F|  |TAMS 0x0000000706c00000, 0x0000000706c00000| Untracked 
|  32|0x0000000706e00000, 0x0000000707000000, 0x0000000707000000|100%| O|  |TAMS 0x0000000707000000, 0x0000000707000000| Untracked 
|  33|0x0000000707000000, 0x0000000707200000, 0x0000000707200000|100%|HS|  |TAMS 0x0000000707200000, 0x0000000707200000| Complete 
|  34|0x0000000707200000, 0x0000000707200000, 0x0000000707400000|  0%| F|  |TAMS 0x0000000707200000, 0x0000000707200000| Untracked 
|  35|0x0000000707400000, 0x0000000707600000, 0x0000000707600000|100%| O|  |TAMS 0x0000000707600000, 0x0000000707600000| Untracked 
|  36|0x0000000707600000, 0x0000000707600000, 0x0000000707800000|  0%| F|  |TAMS 0x0000000707600000, 0x0000000707600000| Untracked 
|  37|0x0000000707800000, 0x0000000707800000, 0x0000000707a00000|  0%| F|  |TAMS 0x0000000707800000, 0x0000000707800000| Untracked 
|  38|0x0000000707a00000, 0x0000000707c00000, 0x0000000707c00000|100%| O|  |TAMS 0x0000000707c00000, 0x0000000707c00000| Untracked 
|  39|0x0000000707c00000, 0x0000000707e00000, 0x0000000707e00000|100%| O|  |TAMS 0x0000000707e00000, 0x0000000707e00000| Untracked 
|  40|0x0000000707e00000, 0x0000000708000000, 0x0000000708000000|100%| O|  |TAMS 0x0000000708000000, 0x0000000708000000| Untracked 
|  41|0x0000000708000000, 0x0000000708000000, 0x0000000708200000|  0%| F|  |TAMS 0x0000000708000000, 0x0000000708000000| Untracked 
|  42|0x0000000708200000, 0x0000000708400000, 0x0000000708400000|100%| O|  |TAMS 0x0000000708400000, 0x0000000708400000| Untracked 
|  43|0x0000000708400000, 0x0000000708600000, 0x0000000708600000|100%| O|  |TAMS 0x0000000708600000, 0x0000000708600000| Untracked 
|  44|0x0000000708600000, 0x0000000708800000, 0x0000000708800000|100%| O|  |TAMS 0x0000000708800000, 0x0000000708800000| Untracked 
|  45|0x0000000708800000, 0x0000000708a00000, 0x0000000708a00000|100%| O|  |TAMS 0x0000000708a00000, 0x0000000708a00000| Untracked 
|  46|0x0000000708a00000, 0x0000000708a00000, 0x0000000708c00000|  0%| F|  |TAMS 0x0000000708a00000, 0x0000000708a00000| Untracked 
|  47|0x0000000708c00000, 0x0000000708e00000, 0x0000000708e00000|100%| O|  |TAMS 0x0000000708c00000, 0x0000000708e00000| Untracked 
|  48|0x0000000708e00000, 0x0000000708e00000, 0x0000000709000000|  0%| F|  |TAMS 0x0000000708e00000, 0x0000000708e00000| Untracked 
|  49|0x0000000709000000, 0x0000000709200000, 0x0000000709200000|100%| O|  |TAMS 0x0000000709200000, 0x0000000709200000| Untracked 
|  50|0x0000000709200000, 0x0000000709400000, 0x0000000709400000|100%| O|  |TAMS 0x0000000709400000, 0x0000000709400000| Untracked 
|  51|0x0000000709400000, 0x0000000709600000, 0x0000000709600000|100%| O|  |TAMS 0x0000000709600000, 0x0000000709600000| Untracked 
|  52|0x0000000709600000, 0x0000000709800000, 0x0000000709800000|100%| O|  |TAMS 0x0000000709800000, 0x0000000709800000| Untracked 
|  53|0x0000000709800000, 0x0000000709a00000, 0x0000000709a00000|100%| O|  |TAMS 0x0000000709a00000, 0x0000000709a00000| Untracked 
|  54|0x0000000709a00000, 0x0000000709a00000, 0x0000000709c00000|  0%| F|  |TAMS 0x0000000709a00000, 0x0000000709a00000| Untracked 
|  55|0x0000000709c00000, 0x0000000709c00000, 0x0000000709e00000|  0%| F|  |TAMS 0x0000000709c00000, 0x0000000709c00000| Untracked 
|  56|0x0000000709e00000, 0x000000070a000000, 0x000000070a000000|100%| O|  |TAMS 0x000000070a000000, 0x000000070a000000| Untracked 
|  57|0x000000070a000000, 0x000000070a000000, 0x000000070a200000|  0%| F|  |TAMS 0x000000070a000000, 0x000000070a000000| Untracked 
|  58|0x000000070a200000, 0x000000070a400000, 0x000000070a400000|100%| O|  |TAMS 0x000000070a400000, 0x000000070a400000| Untracked 
|  59|0x000000070a400000, 0x000000070a600000, 0x000000070a600000|100%| O|  |TAMS 0x000000070a600000, 0x000000070a600000| Untracked 
|  60|0x000000070a600000, 0x000000070a800000, 0x000000070a800000|100%| O|  |TAMS 0x000000070a600000, 0x000000070a800000| Untracked 
|  61|0x000000070a800000, 0x000000070a800000, 0x000000070aa00000|  0%| F|  |TAMS 0x000000070a800000, 0x000000070a800000| Untracked 
|  62|0x000000070aa00000, 0x000000070aa00000, 0x000000070ac00000|  0%| F|  |TAMS 0x000000070aa00000, 0x000000070aa00000| Untracked 
|  63|0x000000070ac00000, 0x000000070ae00000, 0x000000070ae00000|100%| O|  |TAMS 0x000000070ac00000, 0x000000070ae00000| Untracked 
|  64|0x000000070ae00000, 0x000000070ae00000, 0x000000070b000000|  0%| F|  |TAMS 0x000000070ae00000, 0x000000070ae00000| Untracked 
|  65|0x000000070b000000, 0x000000070b000000, 0x000000070b200000|  0%| F|  |TAMS 0x000000070b000000, 0x000000070b000000| Untracked 
|  66|0x000000070b200000, 0x000000070b200000, 0x000000070b400000|  0%| F|  |TAMS 0x000000070b200000, 0x000000070b200000| Untracked 
|  67|0x000000070b400000, 0x000000070b600000, 0x000000070b600000|100%| O|  |TAMS 0x000000070b400000, 0x000000070b600000| Untracked 
|  68|0x000000070b600000, 0x000000070b800000, 0x000000070b800000|100%| O|  |TAMS 0x000000070b600000, 0x000000070b800000| Untracked 
|  69|0x000000070b800000, 0x000000070b800000, 0x000000070ba00000|  0%| F|  |TAMS 0x000000070b800000, 0x000000070b800000| Untracked 
|  70|0x000000070ba00000, 0x000000070ba00000, 0x000000070bc00000|  0%| F|  |TAMS 0x000000070ba00000, 0x000000070ba00000| Untracked 
|  71|0x000000070bc00000, 0x000000070bc00000, 0x000000070be00000|  0%| F|  |TAMS 0x000000070bc00000, 0x000000070bc00000| Untracked 
|  72|0x000000070be00000, 0x000000070be00000, 0x000000070c000000|  0%| F|  |TAMS 0x000000070be00000, 0x000000070be00000| Untracked 
|  73|0x000000070c000000, 0x000000070c000000, 0x000000070c200000|  0%| F|  |TAMS 0x000000070c000000, 0x000000070c000000| Untracked 
|  74|0x000000070c200000, 0x000000070c200000, 0x000000070c400000|  0%| F|  |TAMS 0x000000070c200000, 0x000000070c200000| Untracked 
|  75|0x000000070c400000, 0x000000070c600000, 0x000000070c600000|100%| O|  |TAMS 0x000000070c600000, 0x000000070c600000| Untracked 
|  76|0x000000070c600000, 0x000000070c800000, 0x000000070c800000|100%| O|  |TAMS 0x000000070c800000, 0x000000070c800000| Untracked 
|  77|0x000000070c800000, 0x000000070ca00000, 0x000000070ca00000|100%| O|  |TAMS 0x000000070ca00000, 0x000000070ca00000| Untracked 
|  78|0x000000070ca00000, 0x000000070cc00000, 0x000000070cc00000|100%| O|  |TAMS 0x000000070cc00000, 0x000000070cc00000| Untracked 
|  79|0x000000070cc00000, 0x000000070ce00000, 0x000000070ce00000|100%| O|  |TAMS 0x000000070ce00000, 0x000000070ce00000| Untracked 
|  80|0x000000070ce00000, 0x000000070d000000, 0x000000070d000000|100%| O|  |TAMS 0x000000070d000000, 0x000000070d000000| Untracked 
|  81|0x000000070d000000, 0x000000070d200000, 0x000000070d200000|100%| O|  |TAMS 0x000000070d200000, 0x000000070d200000| Untracked 
|  82|0x000000070d200000, 0x000000070d400000, 0x000000070d400000|100%| O|  |TAMS 0x000000070d400000, 0x000000070d400000| Untracked 
|  83|0x000000070d400000, 0x000000070d600000, 0x000000070d600000|100%| O|  |TAMS 0x000000070d400000, 0x000000070d600000| Untracked 
|  84|0x000000070d600000, 0x000000070d800000, 0x000000070d800000|100%| O|  |TAMS 0x000000070d800000, 0x000000070d800000| Untracked 
|  85|0x000000070d800000, 0x000000070da00000, 0x000000070da00000|100%| O|  |TAMS 0x000000070d800000, 0x000000070da00000| Untracked 
|  86|0x000000070da00000, 0x000000070dc00000, 0x000000070dc00000|100%| O|  |TAMS 0x000000070da58a00, 0x000000070dc00000| Untracked 
|  87|0x000000070dc00000, 0x000000070de00000, 0x000000070de00000|100%| O|  |TAMS 0x000000070dc00000, 0x000000070de00000| Untracked 
|  88|0x000000070de00000, 0x000000070e000000, 0x000000070e000000|100%| O|  |TAMS 0x000000070de00000, 0x000000070e000000| Untracked 
|  89|0x000000070e000000, 0x000000070e200000, 0x000000070e200000|100%| O|  |TAMS 0x000000070e000000, 0x000000070e200000| Untracked 
|  90|0x000000070e200000, 0x000000070e400000, 0x000000070e400000|100%| O|  |TAMS 0x000000070e200000, 0x000000070e400000| Untracked 
|  91|0x000000070e400000, 0x000000070e600000, 0x000000070e600000|100%| O|  |TAMS 0x000000070e400000, 0x000000070e600000| Untracked 
|  92|0x000000070e600000, 0x000000070e800000, 0x000000070e800000|100%| O|  |TAMS 0x000000070e600000, 0x000000070e800000| Untracked 
|  93|0x000000070e800000, 0x000000070ea00000, 0x000000070ea00000|100%| O|  |TAMS 0x000000070e800000, 0x000000070ea00000| Untracked 
|  94|0x000000070ea00000, 0x000000070ec00000, 0x000000070ec00000|100%| O|  |TAMS 0x000000070ea00000, 0x000000070ec00000| Untracked 
|  95|0x000000070ec00000, 0x000000070ee00000, 0x000000070ee00000|100%| O|  |TAMS 0x000000070ec00000, 0x000000070ee00000| Untracked 
|  96|0x000000070ee00000, 0x000000070f000000, 0x000000070f000000|100%| O|  |TAMS 0x000000070ee00000, 0x000000070f000000| Untracked 
|  97|0x000000070f000000, 0x000000070f200000, 0x000000070f200000|100%| O|  |TAMS 0x000000070f000000, 0x000000070f200000| Untracked 
|  98|0x000000070f200000, 0x000000070f400000, 0x000000070f400000|100%| O|  |TAMS 0x000000070f400000, 0x000000070f400000| Untracked 
|  99|0x000000070f400000, 0x000000070f600000, 0x000000070f600000|100%| O|  |TAMS 0x000000070f400000, 0x000000070f600000| Untracked 
| 100|0x000000070f600000, 0x000000070f800000, 0x000000070f800000|100%| O|  |TAMS 0x000000070f600000, 0x000000070f800000| Untracked 
| 101|0x000000070f800000, 0x000000070fa00000, 0x000000070fa00000|100%| O|  |TAMS 0x000000070f800000, 0x000000070fa00000| Untracked 
| 102|0x000000070fa00000, 0x000000070fba0400, 0x000000070fc00000| 81%| O|  |TAMS 0x000000070fa00000, 0x000000070fba0400| Untracked 
| 103|0x000000070fc00000, 0x000000070fc00000, 0x000000070fe00000|  0%| F|  |TAMS 0x000000070fc00000, 0x000000070fc00000| Untracked 
| 104|0x000000070fe00000, 0x000000070fe00000, 0x0000000710000000|  0%| F|  |TAMS 0x000000070fe00000, 0x000000070fe00000| Untracked 
| 105|0x0000000710000000, 0x0000000710000000, 0x0000000710200000|  0%| F|  |TAMS 0x0000000710000000, 0x0000000710000000| Untracked 
| 106|0x0000000710200000, 0x0000000710200000, 0x0000000710400000|  0%| F|  |TAMS 0x0000000710200000, 0x0000000710200000| Untracked 
| 107|0x0000000710400000, 0x0000000710400000, 0x0000000710600000|  0%| F|  |TAMS 0x0000000710400000, 0x0000000710400000| Untracked 
| 108|0x0000000710600000, 0x0000000710600000, 0x0000000710800000|  0%| F|  |TAMS 0x0000000710600000, 0x0000000710600000| Untracked 
| 109|0x0000000710800000, 0x0000000710800000, 0x0000000710a00000|  0%| F|  |TAMS 0x0000000710800000, 0x0000000710800000| Untracked 
| 110|0x0000000710a00000, 0x0000000710a00000, 0x0000000710c00000|  0%| F|  |TAMS 0x0000000710a00000, 0x0000000710a00000| Untracked 
| 111|0x0000000710c00000, 0x0000000710c00000, 0x0000000710e00000|  0%| F|  |TAMS 0x0000000710c00000, 0x0000000710c00000| Untracked 
| 112|0x0000000710e00000, 0x0000000710e00000, 0x0000000711000000|  0%| F|  |TAMS 0x0000000710e00000, 0x0000000710e00000| Untracked 
| 113|0x0000000711000000, 0x0000000711000000, 0x0000000711200000|  0%| F|  |TAMS 0x0000000711000000, 0x0000000711000000| Untracked 
| 114|0x0000000711200000, 0x0000000711200000, 0x0000000711400000|  0%| F|  |TAMS 0x0000000711200000, 0x0000000711200000| Untracked 
| 115|0x0000000711400000, 0x0000000711400000, 0x0000000711600000|  0%| F|  |TAMS 0x0000000711400000, 0x0000000711400000| Untracked 
| 116|0x0000000711600000, 0x0000000711600000, 0x0000000711800000|  0%| F|  |TAMS 0x0000000711600000, 0x0000000711600000| Untracked 
| 117|0x0000000711800000, 0x0000000711800000, 0x0000000711a00000|  0%| F|  |TAMS 0x0000000711800000, 0x0000000711800000| Untracked 
| 118|0x0000000711a00000, 0x0000000711a00000, 0x0000000711c00000|  0%| F|  |TAMS 0x0000000711a00000, 0x0000000711a00000| Untracked 
| 119|0x0000000711c00000, 0x0000000711c00000, 0x0000000711e00000|  0%| F|  |TAMS 0x0000000711c00000, 0x0000000711c00000| Untracked 
| 120|0x0000000711e00000, 0x0000000711e00000, 0x0000000712000000|  0%| F|  |TAMS 0x0000000711e00000, 0x0000000711e00000| Untracked 
| 121|0x0000000712000000, 0x0000000712000000, 0x0000000712200000|  0%| F|  |TAMS 0x0000000712000000, 0x0000000712000000| Untracked 
| 122|0x0000000712200000, 0x0000000712200000, 0x0000000712400000|  0%| F|  |TAMS 0x0000000712200000, 0x0000000712200000| Untracked 
| 123|0x0000000712400000, 0x0000000712400000, 0x0000000712600000|  0%| F|  |TAMS 0x0000000712400000, 0x0000000712400000| Untracked 
| 124|0x0000000712600000, 0x0000000712600000, 0x0000000712800000|  0%| F|  |TAMS 0x0000000712600000, 0x0000000712600000| Untracked 
| 125|0x0000000712800000, 0x0000000712800000, 0x0000000712a00000|  0%| F|  |TAMS 0x0000000712800000, 0x0000000712800000| Untracked 
| 126|0x0000000712a00000, 0x0000000712a00000, 0x0000000712c00000|  0%| F|  |TAMS 0x0000000712a00000, 0x0000000712a00000| Untracked 
| 127|0x0000000712c00000, 0x0000000712c00000, 0x0000000712e00000|  0%| F|  |TAMS 0x0000000712c00000, 0x0000000712c00000| Untracked 
| 128|0x0000000712e00000, 0x0000000712e00000, 0x0000000713000000|  0%| F|  |TAMS 0x0000000712e00000, 0x0000000712e00000| Untracked 
| 129|0x0000000713000000, 0x0000000713000000, 0x0000000713200000|  0%| F|  |TAMS 0x0000000713000000, 0x0000000713000000| Untracked 
| 130|0x0000000713200000, 0x0000000713200000, 0x0000000713400000|  0%| F|  |TAMS 0x0000000713200000, 0x0000000713200000| Untracked 
| 131|0x0000000713400000, 0x0000000713400000, 0x0000000713600000|  0%| F|  |TAMS 0x0000000713400000, 0x0000000713400000| Untracked 
| 132|0x0000000713600000, 0x0000000713600000, 0x0000000713800000|  0%| F|  |TAMS 0x0000000713600000, 0x0000000713600000| Untracked 
| 133|0x0000000713800000, 0x0000000713800000, 0x0000000713a00000|  0%| F|  |TAMS 0x0000000713800000, 0x0000000713800000| Untracked 
| 134|0x0000000713a00000, 0x0000000713a00000, 0x0000000713c00000|  0%| F|  |TAMS 0x0000000713a00000, 0x0000000713a00000| Untracked 
| 135|0x0000000713c00000, 0x0000000713c00000, 0x0000000713e00000|  0%| F|  |TAMS 0x0000000713c00000, 0x0000000713c00000| Untracked 
| 136|0x0000000713e00000, 0x0000000713e00000, 0x0000000714000000|  0%| F|  |TAMS 0x0000000713e00000, 0x0000000713e00000| Untracked 
| 137|0x0000000714000000, 0x000000071419a300, 0x0000000714200000| 80%| S|CS|TAMS 0x0000000714000000, 0x0000000714000000| Complete 
| 138|0x0000000714200000, 0x0000000714400000, 0x0000000714400000|100%| S|CS|TAMS 0x0000000714200000, 0x0000000714200000| Complete 
| 139|0x0000000714400000, 0x0000000714600000, 0x0000000714600000|100%| S|CS|TAMS 0x0000000714400000, 0x0000000714400000| Complete 
| 140|0x0000000714600000, 0x0000000714800000, 0x0000000714800000|100%| S|CS|TAMS 0x0000000714600000, 0x0000000714600000| Complete 
| 141|0x0000000714800000, 0x0000000714a00000, 0x0000000714a00000|100%| S|CS|TAMS 0x0000000714800000, 0x0000000714800000| Complete 
| 142|0x0000000714a00000, 0x0000000714c00000, 0x0000000714c00000|100%| S|CS|TAMS 0x0000000714a00000, 0x0000000714a00000| Complete 
| 143|0x0000000714c00000, 0x0000000714e00000, 0x0000000714e00000|100%| S|CS|TAMS 0x0000000714c00000, 0x0000000714c00000| Complete 
| 144|0x0000000714e00000, 0x0000000715000000, 0x0000000715000000|100%| S|CS|TAMS 0x0000000714e00000, 0x0000000714e00000| Complete 
| 145|0x0000000715000000, 0x0000000715200000, 0x0000000715200000|100%| S|CS|TAMS 0x0000000715000000, 0x0000000715000000| Complete 
| 146|0x0000000715200000, 0x0000000715200000, 0x0000000715400000|  0%| F|  |TAMS 0x0000000715200000, 0x0000000715200000| Untracked 
| 147|0x0000000715400000, 0x0000000715400000, 0x0000000715600000|  0%| F|  |TAMS 0x0000000715400000, 0x0000000715400000| Untracked 
| 148|0x0000000715600000, 0x0000000715600000, 0x0000000715800000|  0%| F|  |TAMS 0x0000000715600000, 0x0000000715600000| Untracked 
| 149|0x0000000715800000, 0x0000000715800000, 0x0000000715a00000|  0%| F|  |TAMS 0x0000000715800000, 0x0000000715800000| Untracked 
| 150|0x0000000715a00000, 0x0000000715a00000, 0x0000000715c00000|  0%| F|  |TAMS 0x0000000715a00000, 0x0000000715a00000| Untracked 
| 151|0x0000000715c00000, 0x0000000715c00000, 0x0000000715e00000|  0%| F|  |TAMS 0x0000000715c00000, 0x0000000715c00000| Untracked 
| 152|0x0000000715e00000, 0x0000000715e00000, 0x0000000716000000|  0%| F|  |TAMS 0x0000000715e00000, 0x0000000715e00000| Untracked 
| 153|0x0000000716000000, 0x0000000716000000, 0x0000000716200000|  0%| F|  |TAMS 0x0000000716000000, 0x0000000716000000| Untracked 
| 154|0x0000000716200000, 0x0000000716200000, 0x0000000716400000|  0%| F|  |TAMS 0x0000000716200000, 0x0000000716200000| Untracked 
| 155|0x0000000716400000, 0x0000000716400000, 0x0000000716600000|  0%| F|  |TAMS 0x0000000716400000, 0x0000000716400000| Untracked 
| 156|0x0000000716600000, 0x0000000716600000, 0x0000000716800000|  0%| F|  |TAMS 0x0000000716600000, 0x0000000716600000| Untracked 
| 157|0x0000000716800000, 0x0000000716800000, 0x0000000716a00000|  0%| F|  |TAMS 0x0000000716800000, 0x0000000716800000| Untracked 
| 158|0x0000000716a00000, 0x0000000716a00000, 0x0000000716c00000|  0%| F|  |TAMS 0x0000000716a00000, 0x0000000716a00000| Untracked 
| 159|0x0000000716c00000, 0x0000000716c00000, 0x0000000716e00000|  0%| F|  |TAMS 0x0000000716c00000, 0x0000000716c00000| Untracked 
| 160|0x0000000716e00000, 0x0000000716e00000, 0x0000000717000000|  0%| F|  |TAMS 0x0000000716e00000, 0x0000000716e00000| Untracked 
| 161|0x0000000717000000, 0x0000000717000000, 0x0000000717200000|  0%| F|  |TAMS 0x0000000717000000, 0x0000000717000000| Untracked 
| 162|0x0000000717200000, 0x0000000717200000, 0x0000000717400000|  0%| F|  |TAMS 0x0000000717200000, 0x0000000717200000| Untracked 
| 163|0x0000000717400000, 0x0000000717400000, 0x0000000717600000|  0%| F|  |TAMS 0x0000000717400000, 0x0000000717400000| Untracked 
| 164|0x0000000717600000, 0x0000000717600000, 0x0000000717800000|  0%| F|  |TAMS 0x0000000717600000, 0x0000000717600000| Untracked 
| 165|0x0000000717800000, 0x0000000717800000, 0x0000000717a00000|  0%| F|  |TAMS 0x0000000717800000, 0x0000000717800000| Untracked 
| 166|0x0000000717a00000, 0x0000000717a00000, 0x0000000717c00000|  0%| F|  |TAMS 0x0000000717a00000, 0x0000000717a00000| Untracked 
| 167|0x0000000717c00000, 0x0000000717c00000, 0x0000000717e00000|  0%| F|  |TAMS 0x0000000717c00000, 0x0000000717c00000| Untracked 
| 168|0x0000000717e00000, 0x0000000717e00000, 0x0000000718000000|  0%| F|  |TAMS 0x0000000717e00000, 0x0000000717e00000| Untracked 
| 169|0x0000000718000000, 0x0000000718000000, 0x0000000718200000|  0%| F|  |TAMS 0x0000000718000000, 0x0000000718000000| Untracked 
| 170|0x0000000718200000, 0x0000000718200000, 0x0000000718400000|  0%| F|  |TAMS 0x0000000718200000, 0x0000000718200000| Untracked 
| 171|0x0000000718400000, 0x0000000718400000, 0x0000000718600000|  0%| F|  |TAMS 0x0000000718400000, 0x0000000718400000| Untracked 
| 172|0x0000000718600000, 0x0000000718600000, 0x0000000718800000|  0%| F|  |TAMS 0x0000000718600000, 0x0000000718600000| Untracked 
| 173|0x0000000718800000, 0x0000000718800000, 0x0000000718a00000|  0%| F|  |TAMS 0x0000000718800000, 0x0000000718800000| Untracked 
| 174|0x0000000718a00000, 0x0000000718a00000, 0x0000000718c00000|  0%| F|  |TAMS 0x0000000718a00000, 0x0000000718a00000| Untracked 
| 175|0x0000000718c00000, 0x0000000718c00000, 0x0000000718e00000|  0%| F|  |TAMS 0x0000000718c00000, 0x0000000718c00000| Untracked 
| 176|0x0000000718e00000, 0x0000000718e00000, 0x0000000719000000|  0%| F|  |TAMS 0x0000000718e00000, 0x0000000718e00000| Untracked 
| 177|0x0000000719000000, 0x0000000719000000, 0x0000000719200000|  0%| F|  |TAMS 0x0000000719000000, 0x0000000719000000| Untracked 
| 178|0x0000000719200000, 0x0000000719200000, 0x0000000719400000|  0%| F|  |TAMS 0x0000000719200000, 0x0000000719200000| Untracked 
| 179|0x0000000719400000, 0x0000000719400000, 0x0000000719600000|  0%| F|  |TAMS 0x0000000719400000, 0x0000000719400000| Untracked 
| 180|0x0000000719600000, 0x0000000719600000, 0x0000000719800000|  0%| F|  |TAMS 0x0000000719600000, 0x0000000719600000| Untracked 
| 181|0x0000000719800000, 0x0000000719800000, 0x0000000719a00000|  0%| F|  |TAMS 0x0000000719800000, 0x0000000719800000| Untracked 
| 182|0x0000000719a00000, 0x0000000719a00000, 0x0000000719c00000|  0%| F|  |TAMS 0x0000000719a00000, 0x0000000719a00000| Untracked 
| 183|0x0000000719c00000, 0x0000000719c00000, 0x0000000719e00000|  0%| F|  |TAMS 0x0000000719c00000, 0x0000000719c00000| Untracked 
| 184|0x0000000719e00000, 0x0000000719e00000, 0x000000071a000000|  0%| F|  |TAMS 0x0000000719e00000, 0x0000000719e00000| Untracked 
| 185|0x000000071a000000, 0x000000071a000000, 0x000000071a200000|  0%| F|  |TAMS 0x000000071a000000, 0x000000071a000000| Untracked 
| 186|0x000000071a200000, 0x000000071a200000, 0x000000071a400000|  0%| F|  |TAMS 0x000000071a200000, 0x000000071a200000| Untracked 
| 187|0x000000071a400000, 0x000000071a400000, 0x000000071a600000|  0%| F|  |TAMS 0x000000071a400000, 0x000000071a400000| Untracked 
| 188|0x000000071a600000, 0x000000071a600000, 0x000000071a800000|  0%| F|  |TAMS 0x000000071a600000, 0x000000071a600000| Untracked 
| 189|0x000000071a800000, 0x000000071a800000, 0x000000071aa00000|  0%| F|  |TAMS 0x000000071a800000, 0x000000071a800000| Untracked 
| 190|0x000000071aa00000, 0x000000071aa00000, 0x000000071ac00000|  0%| F|  |TAMS 0x000000071aa00000, 0x000000071aa00000| Untracked 
| 191|0x000000071ac00000, 0x000000071ac00000, 0x000000071ae00000|  0%| F|  |TAMS 0x000000071ac00000, 0x000000071ac00000| Untracked 
| 192|0x000000071ae00000, 0x000000071ae00000, 0x000000071b000000|  0%| F|  |TAMS 0x000000071ae00000, 0x000000071ae00000| Untracked 
| 193|0x000000071b000000, 0x000000071b000000, 0x000000071b200000|  0%| F|  |TAMS 0x000000071b000000, 0x000000071b000000| Untracked 
| 194|0x000000071b200000, 0x000000071b200000, 0x000000071b400000|  0%| F|  |TAMS 0x000000071b200000, 0x000000071b200000| Untracked 
| 195|0x000000071b400000, 0x000000071b400000, 0x000000071b600000|  0%| F|  |TAMS 0x000000071b400000, 0x000000071b400000| Untracked 
| 196|0x000000071b600000, 0x000000071b600000, 0x000000071b800000|  0%| F|  |TAMS 0x000000071b600000, 0x000000071b600000| Untracked 
| 197|0x000000071b800000, 0x000000071b800000, 0x000000071ba00000|  0%| F|  |TAMS 0x000000071b800000, 0x000000071b800000| Untracked 
| 198|0x000000071ba00000, 0x000000071ba00000, 0x000000071bc00000|  0%| F|  |TAMS 0x000000071ba00000, 0x000000071ba00000| Untracked 
| 199|0x000000071bc00000, 0x000000071bc00000, 0x000000071be00000|  0%| F|  |TAMS 0x000000071bc00000, 0x000000071bc00000| Untracked 
| 200|0x000000071be00000, 0x000000071be00000, 0x000000071c000000|  0%| F|  |TAMS 0x000000071be00000, 0x000000071be00000| Untracked 
| 201|0x000000071c000000, 0x000000071c000000, 0x000000071c200000|  0%| F|  |TAMS 0x000000071c000000, 0x000000071c000000| Untracked 
| 202|0x000000071c200000, 0x000000071c200000, 0x000000071c400000|  0%| F|  |TAMS 0x000000071c200000, 0x000000071c200000| Untracked 
| 203|0x000000071c400000, 0x000000071c400000, 0x000000071c600000|  0%| F|  |TAMS 0x000000071c400000, 0x000000071c400000| Untracked 
| 204|0x000000071c600000, 0x000000071c600000, 0x000000071c800000|  0%| F|  |TAMS 0x000000071c600000, 0x000000071c600000| Untracked 
| 205|0x000000071c800000, 0x000000071c800000, 0x000000071ca00000|  0%| F|  |TAMS 0x000000071c800000, 0x000000071c800000| Untracked 
| 206|0x000000071ca00000, 0x000000071ca00000, 0x000000071cc00000|  0%| F|  |TAMS 0x000000071ca00000, 0x000000071ca00000| Untracked 
| 207|0x000000071cc00000, 0x000000071cc00000, 0x000000071ce00000|  0%| F|  |TAMS 0x000000071cc00000, 0x000000071cc00000| Untracked 
| 208|0x000000071ce00000, 0x000000071ce00000, 0x000000071d000000|  0%| F|  |TAMS 0x000000071ce00000, 0x000000071ce00000| Untracked 
| 209|0x000000071d000000, 0x000000071d000000, 0x000000071d200000|  0%| F|  |TAMS 0x000000071d000000, 0x000000071d000000| Untracked 
| 210|0x000000071d200000, 0x000000071d200000, 0x000000071d400000|  0%| F|  |TAMS 0x000000071d200000, 0x000000071d200000| Untracked 
| 211|0x000000071d400000, 0x000000071d400000, 0x000000071d600000|  0%| F|  |TAMS 0x000000071d400000, 0x000000071d400000| Untracked 
| 212|0x000000071d600000, 0x000000071d600000, 0x000000071d800000|  0%| F|  |TAMS 0x000000071d600000, 0x000000071d600000| Untracked 
| 213|0x000000071d800000, 0x000000071d800000, 0x000000071da00000|  0%| F|  |TAMS 0x000000071d800000, 0x000000071d800000| Untracked 
| 214|0x000000071da00000, 0x000000071da00000, 0x000000071dc00000|  0%| F|  |TAMS 0x000000071da00000, 0x000000071da00000| Untracked 
| 215|0x000000071dc00000, 0x000000071dc00000, 0x000000071de00000|  0%| F|  |TAMS 0x000000071dc00000, 0x000000071dc00000| Untracked 
| 216|0x000000071de00000, 0x000000071de00000, 0x000000071e000000|  0%| F|  |TAMS 0x000000071de00000, 0x000000071de00000| Untracked 
| 217|0x000000071e000000, 0x000000071e000000, 0x000000071e200000|  0%| F|  |TAMS 0x000000071e000000, 0x000000071e000000| Untracked 
| 218|0x000000071e200000, 0x000000071e200000, 0x000000071e400000|  0%| F|  |TAMS 0x000000071e200000, 0x000000071e200000| Untracked 
| 219|0x000000071e400000, 0x000000071e400000, 0x000000071e600000|  0%| F|  |TAMS 0x000000071e400000, 0x000000071e400000| Untracked 
| 220|0x000000071e600000, 0x000000071e600000, 0x000000071e800000|  0%| F|  |TAMS 0x000000071e600000, 0x000000071e600000| Untracked 
| 221|0x000000071e800000, 0x000000071e800000, 0x000000071ea00000|  0%| F|  |TAMS 0x000000071e800000, 0x000000071e800000| Untracked 
| 222|0x000000071ea00000, 0x000000071ea00000, 0x000000071ec00000|  0%| F|  |TAMS 0x000000071ea00000, 0x000000071ea00000| Untracked 
| 223|0x000000071ec00000, 0x000000071ec00000, 0x000000071ee00000|  0%| F|  |TAMS 0x000000071ec00000, 0x000000071ec00000| Untracked 
| 224|0x000000071ee00000, 0x000000071ee00000, 0x000000071f000000|  0%| F|  |TAMS 0x000000071ee00000, 0x000000071ee00000| Untracked 
| 225|0x000000071f000000, 0x000000071f000000, 0x000000071f200000|  0%| F|  |TAMS 0x000000071f000000, 0x000000071f000000| Untracked 
| 226|0x000000071f200000, 0x000000071f200000, 0x000000071f400000|  0%| F|  |TAMS 0x000000071f200000, 0x000000071f200000| Untracked 
| 227|0x000000071f400000, 0x000000071f400000, 0x000000071f600000|  0%| F|  |TAMS 0x000000071f400000, 0x000000071f400000| Untracked 
| 228|0x000000071f600000, 0x000000071f600000, 0x000000071f800000|  0%| F|  |TAMS 0x000000071f600000, 0x000000071f600000| Untracked 
| 229|0x000000071f800000, 0x000000071f800000, 0x000000071fa00000|  0%| F|  |TAMS 0x000000071f800000, 0x000000071f800000| Untracked 
| 230|0x000000071fa00000, 0x000000071fa00000, 0x000000071fc00000|  0%| F|  |TAMS 0x000000071fa00000, 0x000000071fa00000| Untracked 
| 231|0x000000071fc00000, 0x000000071fc00000, 0x000000071fe00000|  0%| F|  |TAMS 0x000000071fc00000, 0x000000071fc00000| Untracked 
| 232|0x000000071fe00000, 0x000000071fe00000, 0x0000000720000000|  0%| F|  |TAMS 0x000000071fe00000, 0x000000071fe00000| Untracked 
| 233|0x0000000720000000, 0x0000000720000000, 0x0000000720200000|  0%| F|  |TAMS 0x0000000720000000, 0x0000000720000000| Untracked 
| 234|0x0000000720200000, 0x0000000720200000, 0x0000000720400000|  0%| F|  |TAMS 0x0000000720200000, 0x0000000720200000| Untracked 
| 235|0x0000000720400000, 0x0000000720400000, 0x0000000720600000|  0%| F|  |TAMS 0x0000000720400000, 0x0000000720400000| Untracked 
| 236|0x0000000720600000, 0x0000000720600000, 0x0000000720800000|  0%| F|  |TAMS 0x0000000720600000, 0x0000000720600000| Untracked 
| 237|0x0000000720800000, 0x0000000720800000, 0x0000000720a00000|  0%| F|  |TAMS 0x0000000720800000, 0x0000000720800000| Untracked 
| 238|0x0000000720a00000, 0x0000000720a00000, 0x0000000720c00000|  0%| F|  |TAMS 0x0000000720a00000, 0x0000000720a00000| Untracked 
| 239|0x0000000720c00000, 0x0000000720c00000, 0x0000000720e00000|  0%| F|  |TAMS 0x0000000720c00000, 0x0000000720c00000| Untracked 
| 240|0x0000000720e00000, 0x0000000720e00000, 0x0000000721000000|  0%| F|  |TAMS 0x0000000720e00000, 0x0000000720e00000| Untracked 
| 241|0x0000000721000000, 0x0000000721000000, 0x0000000721200000|  0%| F|  |TAMS 0x0000000721000000, 0x0000000721000000| Untracked 
| 242|0x0000000721200000, 0x0000000721200000, 0x0000000721400000|  0%| F|  |TAMS 0x0000000721200000, 0x0000000721200000| Untracked 
| 243|0x0000000721400000, 0x0000000721400000, 0x0000000721600000|  0%| F|  |TAMS 0x0000000721400000, 0x0000000721400000| Untracked 
| 244|0x0000000721600000, 0x0000000721600000, 0x0000000721800000|  0%| F|  |TAMS 0x0000000721600000, 0x0000000721600000| Untracked 
| 245|0x0000000721800000, 0x0000000721800000, 0x0000000721a00000|  0%| F|  |TAMS 0x0000000721800000, 0x0000000721800000| Untracked 
| 246|0x0000000721a00000, 0x0000000721a00000, 0x0000000721c00000|  0%| F|  |TAMS 0x0000000721a00000, 0x0000000721a00000| Untracked 
| 247|0x0000000721c00000, 0x0000000721c00000, 0x0000000721e00000|  0%| F|  |TAMS 0x0000000721c00000, 0x0000000721c00000| Untracked 
| 248|0x0000000721e00000, 0x0000000721e00000, 0x0000000722000000|  0%| F|  |TAMS 0x0000000721e00000, 0x0000000721e00000| Untracked 
| 249|0x0000000722000000, 0x0000000722000000, 0x0000000722200000|  0%| F|  |TAMS 0x0000000722000000, 0x0000000722000000| Untracked 
| 250|0x0000000722200000, 0x0000000722200000, 0x0000000722400000|  0%| F|  |TAMS 0x0000000722200000, 0x0000000722200000| Untracked 
| 251|0x0000000722400000, 0x0000000722400000, 0x0000000722600000|  0%| F|  |TAMS 0x0000000722400000, 0x0000000722400000| Untracked 
| 252|0x0000000722600000, 0x0000000722600000, 0x0000000722800000|  0%| F|  |TAMS 0x0000000722600000, 0x0000000722600000| Untracked 
| 253|0x0000000722800000, 0x0000000722800000, 0x0000000722a00000|  0%| F|  |TAMS 0x0000000722800000, 0x0000000722800000| Untracked 
| 254|0x0000000722a00000, 0x0000000722a00000, 0x0000000722c00000|  0%| F|  |TAMS 0x0000000722a00000, 0x0000000722a00000| Untracked 
| 255|0x0000000722c00000, 0x0000000722c00000, 0x0000000722e00000|  0%| F|  |TAMS 0x0000000722c00000, 0x0000000722c00000| Untracked 
| 256|0x0000000722e00000, 0x0000000722e00000, 0x0000000723000000|  0%| F|  |TAMS 0x0000000722e00000, 0x0000000722e00000| Untracked 
| 257|0x0000000723000000, 0x0000000723000000, 0x0000000723200000|  0%| F|  |TAMS 0x0000000723000000, 0x0000000723000000| Untracked 
| 258|0x0000000723200000, 0x0000000723200000, 0x0000000723400000|  0%| F|  |TAMS 0x0000000723200000, 0x0000000723200000| Untracked 
| 259|0x0000000723400000, 0x0000000723400000, 0x0000000723600000|  0%| F|  |TAMS 0x0000000723400000, 0x0000000723400000| Untracked 
| 260|0x0000000723600000, 0x0000000723600000, 0x0000000723800000|  0%| F|  |TAMS 0x0000000723600000, 0x0000000723600000| Untracked 
| 261|0x0000000723800000, 0x0000000723800000, 0x0000000723a00000|  0%| F|  |TAMS 0x0000000723800000, 0x0000000723800000| Untracked 
| 262|0x0000000723a00000, 0x0000000723a00000, 0x0000000723c00000|  0%| F|  |TAMS 0x0000000723a00000, 0x0000000723a00000| Untracked 
| 263|0x0000000723c00000, 0x0000000723c00000, 0x0000000723e00000|  0%| F|  |TAMS 0x0000000723c00000, 0x0000000723c00000| Untracked 
| 264|0x0000000723e00000, 0x0000000723e00000, 0x0000000724000000|  0%| F|  |TAMS 0x0000000723e00000, 0x0000000723e00000| Untracked 
| 265|0x0000000724000000, 0x0000000724000000, 0x0000000724200000|  0%| F|  |TAMS 0x0000000724000000, 0x0000000724000000| Untracked 
| 266|0x0000000724200000, 0x0000000724200000, 0x0000000724400000|  0%| F|  |TAMS 0x0000000724200000, 0x0000000724200000| Untracked 
| 267|0x0000000724400000, 0x0000000724400000, 0x0000000724600000|  0%| F|  |TAMS 0x0000000724400000, 0x0000000724400000| Untracked 
| 268|0x0000000724600000, 0x0000000724600000, 0x0000000724800000|  0%| F|  |TAMS 0x0000000724600000, 0x0000000724600000| Untracked 
| 269|0x0000000724800000, 0x0000000724800000, 0x0000000724a00000|  0%| F|  |TAMS 0x0000000724800000, 0x0000000724800000| Untracked 
| 270|0x0000000724a00000, 0x0000000724a00000, 0x0000000724c00000|  0%| F|  |TAMS 0x0000000724a00000, 0x0000000724a00000| Untracked 
| 271|0x0000000724c00000, 0x0000000724c00000, 0x0000000724e00000|  0%| F|  |TAMS 0x0000000724c00000, 0x0000000724c00000| Untracked 
| 272|0x0000000724e00000, 0x0000000724e00000, 0x0000000725000000|  0%| F|  |TAMS 0x0000000724e00000, 0x0000000724e00000| Untracked 
| 273|0x0000000725000000, 0x0000000725000000, 0x0000000725200000|  0%| F|  |TAMS 0x0000000725000000, 0x0000000725000000| Untracked 
| 274|0x0000000725200000, 0x0000000725200000, 0x0000000725400000|  0%| F|  |TAMS 0x0000000725200000, 0x0000000725200000| Untracked 
| 275|0x0000000725400000, 0x0000000725400000, 0x0000000725600000|  0%| F|  |TAMS 0x0000000725400000, 0x0000000725400000| Untracked 
| 276|0x0000000725600000, 0x0000000725600000, 0x0000000725800000|  0%| F|  |TAMS 0x0000000725600000, 0x0000000725600000| Untracked 
| 277|0x0000000725800000, 0x0000000725800000, 0x0000000725a00000|  0%| F|  |TAMS 0x0000000725800000, 0x0000000725800000| Untracked 
| 278|0x0000000725a00000, 0x0000000725a00000, 0x0000000725c00000|  0%| F|  |TAMS 0x0000000725a00000, 0x0000000725a00000| Untracked 
| 279|0x0000000725c00000, 0x0000000725c00000, 0x0000000725e00000|  0%| F|  |TAMS 0x0000000725c00000, 0x0000000725c00000| Untracked 
| 280|0x0000000725e00000, 0x0000000725e00000, 0x0000000726000000|  0%| F|  |TAMS 0x0000000725e00000, 0x0000000725e00000| Untracked 
| 281|0x0000000726000000, 0x0000000726000000, 0x0000000726200000|  0%| F|  |TAMS 0x0000000726000000, 0x0000000726000000| Untracked 
| 282|0x0000000726200000, 0x0000000726200000, 0x0000000726400000|  0%| F|  |TAMS 0x0000000726200000, 0x0000000726200000| Untracked 
| 283|0x0000000726400000, 0x0000000726400000, 0x0000000726600000|  0%| F|  |TAMS 0x0000000726400000, 0x0000000726400000| Untracked 
| 284|0x0000000726600000, 0x0000000726600000, 0x0000000726800000|  0%| F|  |TAMS 0x0000000726600000, 0x0000000726600000| Untracked 
| 285|0x0000000726800000, 0x0000000726800000, 0x0000000726a00000|  0%| F|  |TAMS 0x0000000726800000, 0x0000000726800000| Untracked 
| 286|0x0000000726a00000, 0x0000000726a00000, 0x0000000726c00000|  0%| F|  |TAMS 0x0000000726a00000, 0x0000000726a00000| Untracked 
| 287|0x0000000726c00000, 0x0000000726c00000, 0x0000000726e00000|  0%| F|  |TAMS 0x0000000726c00000, 0x0000000726c00000| Untracked 
| 288|0x0000000726e00000, 0x0000000726e00000, 0x0000000727000000|  0%| F|  |TAMS 0x0000000726e00000, 0x0000000726e00000| Untracked 
| 289|0x0000000727000000, 0x0000000727000000, 0x0000000727200000|  0%| F|  |TAMS 0x0000000727000000, 0x0000000727000000| Untracked 
| 290|0x0000000727200000, 0x0000000727200000, 0x0000000727400000|  0%| F|  |TAMS 0x0000000727200000, 0x0000000727200000| Untracked 
| 291|0x0000000727400000, 0x0000000727400000, 0x0000000727600000|  0%| F|  |TAMS 0x0000000727400000, 0x0000000727400000| Untracked 
| 292|0x0000000727600000, 0x0000000727600000, 0x0000000727800000|  0%| F|  |TAMS 0x0000000727600000, 0x0000000727600000| Untracked 
| 293|0x0000000727800000, 0x0000000727800000, 0x0000000727a00000|  0%| F|  |TAMS 0x0000000727800000, 0x0000000727800000| Untracked 
| 294|0x0000000727a00000, 0x0000000727a00000, 0x0000000727c00000|  0%| F|  |TAMS 0x0000000727a00000, 0x0000000727a00000| Untracked 
| 295|0x0000000727c00000, 0x0000000727c00000, 0x0000000727e00000|  0%| F|  |TAMS 0x0000000727c00000, 0x0000000727c00000| Untracked 
| 296|0x0000000727e00000, 0x0000000727e00000, 0x0000000728000000|  0%| F|  |TAMS 0x0000000727e00000, 0x0000000727e00000| Untracked 
| 297|0x0000000728000000, 0x0000000728000000, 0x0000000728200000|  0%| F|  |TAMS 0x0000000728000000, 0x0000000728000000| Untracked 
| 298|0x0000000728200000, 0x0000000728200000, 0x0000000728400000|  0%| F|  |TAMS 0x0000000728200000, 0x0000000728200000| Untracked 
| 299|0x0000000728400000, 0x0000000728400000, 0x0000000728600000|  0%| F|  |TAMS 0x0000000728400000, 0x0000000728400000| Untracked 
| 300|0x0000000728600000, 0x0000000728600000, 0x0000000728800000|  0%| F|  |TAMS 0x0000000728600000, 0x0000000728600000| Untracked 
| 301|0x0000000728800000, 0x0000000728800000, 0x0000000728a00000|  0%| F|  |TAMS 0x0000000728800000, 0x0000000728800000| Untracked 
| 302|0x0000000728a00000, 0x0000000728a00000, 0x0000000728c00000|  0%| F|  |TAMS 0x0000000728a00000, 0x0000000728a00000| Untracked 
| 303|0x0000000728c00000, 0x0000000728c00000, 0x0000000728e00000|  0%| F|  |TAMS 0x0000000728c00000, 0x0000000728c00000| Untracked 
| 304|0x0000000728e00000, 0x0000000728e00000, 0x0000000729000000|  0%| F|  |TAMS 0x0000000728e00000, 0x0000000728e00000| Untracked 
| 305|0x0000000729000000, 0x0000000729000000, 0x0000000729200000|  0%| F|  |TAMS 0x0000000729000000, 0x0000000729000000| Untracked 
| 306|0x0000000729200000, 0x0000000729200000, 0x0000000729400000|  0%| F|  |TAMS 0x0000000729200000, 0x0000000729200000| Untracked 
| 307|0x0000000729400000, 0x0000000729400000, 0x0000000729600000|  0%| F|  |TAMS 0x0000000729400000, 0x0000000729400000| Untracked 
| 308|0x0000000729600000, 0x0000000729600000, 0x0000000729800000|  0%| F|  |TAMS 0x0000000729600000, 0x0000000729600000| Untracked 
| 309|0x0000000729800000, 0x0000000729800000, 0x0000000729a00000|  0%| F|  |TAMS 0x0000000729800000, 0x0000000729800000| Untracked 
| 310|0x0000000729a00000, 0x0000000729a00000, 0x0000000729c00000|  0%| F|  |TAMS 0x0000000729a00000, 0x0000000729a00000| Untracked 
| 311|0x0000000729c00000, 0x0000000729c00000, 0x0000000729e00000|  0%| F|  |TAMS 0x0000000729c00000, 0x0000000729c00000| Untracked 
| 312|0x0000000729e00000, 0x0000000729e00000, 0x000000072a000000|  0%| F|  |TAMS 0x0000000729e00000, 0x0000000729e00000| Untracked 
| 313|0x000000072a000000, 0x000000072a000000, 0x000000072a200000|  0%| F|  |TAMS 0x000000072a000000, 0x000000072a000000| Untracked 
| 314|0x000000072a200000, 0x000000072a200000, 0x000000072a400000|  0%| F|  |TAMS 0x000000072a200000, 0x000000072a200000| Untracked 
| 315|0x000000072a400000, 0x000000072a400000, 0x000000072a600000|  0%| F|  |TAMS 0x000000072a400000, 0x000000072a400000| Untracked 
| 316|0x000000072a600000, 0x000000072a600000, 0x000000072a800000|  0%| F|  |TAMS 0x000000072a600000, 0x000000072a600000| Untracked 
| 317|0x000000072a800000, 0x000000072a800000, 0x000000072aa00000|  0%| F|  |TAMS 0x000000072a800000, 0x000000072a800000| Untracked 
| 318|0x000000072aa00000, 0x000000072aa00000, 0x000000072ac00000|  0%| F|  |TAMS 0x000000072aa00000, 0x000000072aa00000| Untracked 
| 319|0x000000072ac00000, 0x000000072ac00000, 0x000000072ae00000|  0%| F|  |TAMS 0x000000072ac00000, 0x000000072ac00000| Untracked 
| 320|0x000000072ae00000, 0x000000072ae00000, 0x000000072b000000|  0%| F|  |TAMS 0x000000072ae00000, 0x000000072ae00000| Untracked 
| 321|0x000000072b000000, 0x000000072b000000, 0x000000072b200000|  0%| F|  |TAMS 0x000000072b000000, 0x000000072b000000| Untracked 
| 322|0x000000072b200000, 0x000000072b200000, 0x000000072b400000|  0%| F|  |TAMS 0x000000072b200000, 0x000000072b200000| Untracked 
| 323|0x000000072b400000, 0x000000072b400000, 0x000000072b600000|  0%| F|  |TAMS 0x000000072b400000, 0x000000072b400000| Untracked 
| 324|0x000000072b600000, 0x000000072b600000, 0x000000072b800000|  0%| F|  |TAMS 0x000000072b600000, 0x000000072b600000| Untracked 
| 325|0x000000072b800000, 0x000000072b800000, 0x000000072ba00000|  0%| F|  |TAMS 0x000000072b800000, 0x000000072b800000| Untracked 
| 326|0x000000072ba00000, 0x000000072ba00000, 0x000000072bc00000|  0%| F|  |TAMS 0x000000072ba00000, 0x000000072ba00000| Untracked 
| 327|0x000000072bc00000, 0x000000072bc00000, 0x000000072be00000|  0%| F|  |TAMS 0x000000072bc00000, 0x000000072bc00000| Untracked 
| 328|0x000000072be00000, 0x000000072be00000, 0x000000072c000000|  0%| F|  |TAMS 0x000000072be00000, 0x000000072be00000| Untracked 
| 329|0x000000072c000000, 0x000000072c000000, 0x000000072c200000|  0%| F|  |TAMS 0x000000072c000000, 0x000000072c000000| Untracked 
| 330|0x000000072c200000, 0x000000072c200000, 0x000000072c400000|  0%| F|  |TAMS 0x000000072c200000, 0x000000072c200000| Untracked 
| 331|0x000000072c400000, 0x000000072c400000, 0x000000072c600000|  0%| F|  |TAMS 0x000000072c400000, 0x000000072c400000| Untracked 
| 332|0x000000072c600000, 0x000000072c600000, 0x000000072c800000|  0%| F|  |TAMS 0x000000072c600000, 0x000000072c600000| Untracked 
| 333|0x000000072c800000, 0x000000072c800000, 0x000000072ca00000|  0%| F|  |TAMS 0x000000072c800000, 0x000000072c800000| Untracked 
| 334|0x000000072ca00000, 0x000000072ca00000, 0x000000072cc00000|  0%| F|  |TAMS 0x000000072ca00000, 0x000000072ca00000| Untracked 
| 335|0x000000072cc00000, 0x000000072cc00000, 0x000000072ce00000|  0%| F|  |TAMS 0x000000072cc00000, 0x000000072cc00000| Untracked 
| 336|0x000000072ce00000, 0x000000072ce00000, 0x000000072d000000|  0%| F|  |TAMS 0x000000072ce00000, 0x000000072ce00000| Untracked 
| 337|0x000000072d000000, 0x000000072d000000, 0x000000072d200000|  0%| F|  |TAMS 0x000000072d000000, 0x000000072d000000| Untracked 
| 338|0x000000072d200000, 0x000000072d200000, 0x000000072d400000|  0%| F|  |TAMS 0x000000072d200000, 0x000000072d200000| Untracked 
| 339|0x000000072d400000, 0x000000072d400000, 0x000000072d600000|  0%| F|  |TAMS 0x000000072d400000, 0x000000072d400000| Untracked 
| 340|0x000000072d600000, 0x000000072d600000, 0x000000072d800000|  0%| F|  |TAMS 0x000000072d600000, 0x000000072d600000| Untracked 
| 341|0x000000072d800000, 0x000000072d800000, 0x000000072da00000|  0%| F|  |TAMS 0x000000072d800000, 0x000000072d800000| Untracked 
| 342|0x000000072da00000, 0x000000072da00000, 0x000000072dc00000|  0%| F|  |TAMS 0x000000072da00000, 0x000000072da00000| Untracked 
| 343|0x000000072dc00000, 0x000000072dc00000, 0x000000072de00000|  0%| F|  |TAMS 0x000000072dc00000, 0x000000072dc00000| Untracked 
| 344|0x000000072de00000, 0x000000072de00000, 0x000000072e000000|  0%| F|  |TAMS 0x000000072de00000, 0x000000072de00000| Untracked 
| 345|0x000000072e000000, 0x000000072e000000, 0x000000072e200000|  0%| F|  |TAMS 0x000000072e000000, 0x000000072e000000| Untracked 
| 346|0x000000072e200000, 0x000000072e200000, 0x000000072e400000|  0%| F|  |TAMS 0x000000072e200000, 0x000000072e200000| Untracked 
| 347|0x000000072e400000, 0x000000072e400000, 0x000000072e600000|  0%| F|  |TAMS 0x000000072e400000, 0x000000072e400000| Untracked 
| 348|0x000000072e600000, 0x000000072e600000, 0x000000072e800000|  0%| F|  |TAMS 0x000000072e600000, 0x000000072e600000| Untracked 
| 349|0x000000072e800000, 0x000000072e800000, 0x000000072ea00000|  0%| F|  |TAMS 0x000000072e800000, 0x000000072e800000| Untracked 
| 350|0x000000072ea00000, 0x000000072ea00000, 0x000000072ec00000|  0%| F|  |TAMS 0x000000072ea00000, 0x000000072ea00000| Untracked 
| 351|0x000000072ec00000, 0x000000072ec00000, 0x000000072ee00000|  0%| F|  |TAMS 0x000000072ec00000, 0x000000072ec00000| Untracked 
| 352|0x000000072ee00000, 0x000000072ee00000, 0x000000072f000000|  0%| F|  |TAMS 0x000000072ee00000, 0x000000072ee00000| Untracked 
| 353|0x000000072f000000, 0x000000072f000000, 0x000000072f200000|  0%| F|  |TAMS 0x000000072f000000, 0x000000072f000000| Untracked 
| 354|0x000000072f200000, 0x000000072f200000, 0x000000072f400000|  0%| F|  |TAMS 0x000000072f200000, 0x000000072f200000| Untracked 
| 355|0x000000072f400000, 0x000000072f400000, 0x000000072f600000|  0%| F|  |TAMS 0x000000072f400000, 0x000000072f400000| Untracked 
| 356|0x000000072f600000, 0x000000072f600000, 0x000000072f800000|  0%| F|  |TAMS 0x000000072f600000, 0x000000072f600000| Untracked 
| 357|0x000000072f800000, 0x000000072f800000, 0x000000072fa00000|  0%| F|  |TAMS 0x000000072f800000, 0x000000072f800000| Untracked 
| 358|0x000000072fa00000, 0x000000072fa00000, 0x000000072fc00000|  0%| F|  |TAMS 0x000000072fa00000, 0x000000072fa00000| Untracked 
| 359|0x000000072fc00000, 0x000000072fc00000, 0x000000072fe00000|  0%| F|  |TAMS 0x000000072fc00000, 0x000000072fc00000| Untracked 
| 360|0x000000072fe00000, 0x000000072fe00000, 0x0000000730000000|  0%| F|  |TAMS 0x000000072fe00000, 0x000000072fe00000| Untracked 
| 361|0x0000000730000000, 0x0000000730000000, 0x0000000730200000|  0%| F|  |TAMS 0x0000000730000000, 0x0000000730000000| Untracked 
| 362|0x0000000730200000, 0x0000000730200000, 0x0000000730400000|  0%| F|  |TAMS 0x0000000730200000, 0x0000000730200000| Untracked 
| 363|0x0000000730400000, 0x0000000730400000, 0x0000000730600000|  0%| F|  |TAMS 0x0000000730400000, 0x0000000730400000| Untracked 
| 364|0x0000000730600000, 0x0000000730600000, 0x0000000730800000|  0%| F|  |TAMS 0x0000000730600000, 0x0000000730600000| Untracked 
| 365|0x0000000730800000, 0x0000000730800000, 0x0000000730a00000|  0%| F|  |TAMS 0x0000000730800000, 0x0000000730800000| Untracked 
| 366|0x0000000730a00000, 0x0000000730a00000, 0x0000000730c00000|  0%| F|  |TAMS 0x0000000730a00000, 0x0000000730a00000| Untracked 
| 367|0x0000000730c00000, 0x0000000730c00000, 0x0000000730e00000|  0%| F|  |TAMS 0x0000000730c00000, 0x0000000730c00000| Untracked 
| 368|0x0000000730e00000, 0x0000000730e00000, 0x0000000731000000|  0%| F|  |TAMS 0x0000000730e00000, 0x0000000730e00000| Untracked 
| 369|0x0000000731000000, 0x0000000731000000, 0x0000000731200000|  0%| F|  |TAMS 0x0000000731000000, 0x0000000731000000| Untracked 
| 370|0x0000000731200000, 0x0000000731200000, 0x0000000731400000|  0%| F|  |TAMS 0x0000000731200000, 0x0000000731200000| Untracked 
| 371|0x0000000731400000, 0x0000000731400000, 0x0000000731600000|  0%| F|  |TAMS 0x0000000731400000, 0x0000000731400000| Untracked 
| 372|0x0000000731600000, 0x0000000731600000, 0x0000000731800000|  0%| F|  |TAMS 0x0000000731600000, 0x0000000731600000| Untracked 
| 373|0x0000000731800000, 0x0000000731800000, 0x0000000731a00000|  0%| F|  |TAMS 0x0000000731800000, 0x0000000731800000| Untracked 
| 374|0x0000000731a00000, 0x0000000731a00000, 0x0000000731c00000|  0%| F|  |TAMS 0x0000000731a00000, 0x0000000731a00000| Untracked 
| 375|0x0000000731c00000, 0x0000000731c00000, 0x0000000731e00000|  0%| F|  |TAMS 0x0000000731c00000, 0x0000000731c00000| Untracked 
| 376|0x0000000731e00000, 0x0000000731e00000, 0x0000000732000000|  0%| F|  |TAMS 0x0000000731e00000, 0x0000000731e00000| Untracked 
| 377|0x0000000732000000, 0x0000000732000000, 0x0000000732200000|  0%| F|  |TAMS 0x0000000732000000, 0x0000000732000000| Untracked 
| 378|0x0000000732200000, 0x0000000732200000, 0x0000000732400000|  0%| F|  |TAMS 0x0000000732200000, 0x0000000732200000| Untracked 
| 379|0x0000000732400000, 0x0000000732400000, 0x0000000732600000|  0%| F|  |TAMS 0x0000000732400000, 0x0000000732400000| Untracked 
| 380|0x0000000732600000, 0x0000000732600000, 0x0000000732800000|  0%| F|  |TAMS 0x0000000732600000, 0x0000000732600000| Untracked 
| 381|0x0000000732800000, 0x0000000732800000, 0x0000000732a00000|  0%| F|  |TAMS 0x0000000732800000, 0x0000000732800000| Untracked 
| 382|0x0000000732a00000, 0x0000000732a00000, 0x0000000732c00000|  0%| F|  |TAMS 0x0000000732a00000, 0x0000000732a00000| Untracked 
| 383|0x0000000732c00000, 0x0000000732c00000, 0x0000000732e00000|  0%| F|  |TAMS 0x0000000732c00000, 0x0000000732c00000| Untracked 
| 384|0x0000000732e00000, 0x0000000732e00000, 0x0000000733000000|  0%| F|  |TAMS 0x0000000732e00000, 0x0000000732e00000| Untracked 
| 385|0x0000000733000000, 0x0000000733000000, 0x0000000733200000|  0%| F|  |TAMS 0x0000000733000000, 0x0000000733000000| Untracked 
| 386|0x0000000733200000, 0x0000000733200000, 0x0000000733400000|  0%| F|  |TAMS 0x0000000733200000, 0x0000000733200000| Untracked 
| 387|0x0000000733400000, 0x0000000733400000, 0x0000000733600000|  0%| F|  |TAMS 0x0000000733400000, 0x0000000733400000| Untracked 
| 388|0x0000000733600000, 0x0000000733600000, 0x0000000733800000|  0%| F|  |TAMS 0x0000000733600000, 0x0000000733600000| Untracked 
| 389|0x0000000733800000, 0x0000000733800000, 0x0000000733a00000|  0%| F|  |TAMS 0x0000000733800000, 0x0000000733800000| Untracked 
| 390|0x0000000733a00000, 0x0000000733a00000, 0x0000000733c00000|  0%| F|  |TAMS 0x0000000733a00000, 0x0000000733a00000| Untracked 
| 391|0x0000000733c00000, 0x0000000733c00000, 0x0000000733e00000|  0%| F|  |TAMS 0x0000000733c00000, 0x0000000733c00000| Untracked 
| 392|0x0000000733e00000, 0x0000000733e00000, 0x0000000734000000|  0%| F|  |TAMS 0x0000000733e00000, 0x0000000733e00000| Untracked 
| 393|0x0000000734000000, 0x0000000734000000, 0x0000000734200000|  0%| F|  |TAMS 0x0000000734000000, 0x0000000734000000| Untracked 
| 394|0x0000000734200000, 0x0000000734200000, 0x0000000734400000|  0%| F|  |TAMS 0x0000000734200000, 0x0000000734200000| Untracked 
| 395|0x0000000734400000, 0x0000000734400000, 0x0000000734600000|  0%| F|  |TAMS 0x0000000734400000, 0x0000000734400000| Untracked 
| 396|0x0000000734600000, 0x0000000734600000, 0x0000000734800000|  0%| F|  |TAMS 0x0000000734600000, 0x0000000734600000| Untracked 
| 397|0x0000000734800000, 0x0000000734800000, 0x0000000734a00000|  0%| F|  |TAMS 0x0000000734800000, 0x0000000734800000| Untracked 
| 398|0x0000000734a00000, 0x0000000734a00000, 0x0000000734c00000|  0%| F|  |TAMS 0x0000000734a00000, 0x0000000734a00000| Untracked 
| 399|0x0000000734c00000, 0x0000000734c00000, 0x0000000734e00000|  0%| F|  |TAMS 0x0000000734c00000, 0x0000000734c00000| Untracked 
| 400|0x0000000734e00000, 0x0000000734e00000, 0x0000000735000000|  0%| F|  |TAMS 0x0000000734e00000, 0x0000000734e00000| Untracked 
| 401|0x0000000735000000, 0x0000000735000000, 0x0000000735200000|  0%| F|  |TAMS 0x0000000735000000, 0x0000000735000000| Untracked 
| 402|0x0000000735200000, 0x0000000735200000, 0x0000000735400000|  0%| F|  |TAMS 0x0000000735200000, 0x0000000735200000| Untracked 
| 403|0x0000000735400000, 0x0000000735400000, 0x0000000735600000|  0%| F|  |TAMS 0x0000000735400000, 0x0000000735400000| Untracked 
| 404|0x0000000735600000, 0x0000000735600000, 0x0000000735800000|  0%| F|  |TAMS 0x0000000735600000, 0x0000000735600000| Untracked 
| 405|0x0000000735800000, 0x0000000735800000, 0x0000000735a00000|  0%| F|  |TAMS 0x0000000735800000, 0x0000000735800000| Untracked 
| 406|0x0000000735a00000, 0x0000000735a00000, 0x0000000735c00000|  0%| F|  |TAMS 0x0000000735a00000, 0x0000000735a00000| Untracked 
| 407|0x0000000735c00000, 0x0000000735c00000, 0x0000000735e00000|  0%| F|  |TAMS 0x0000000735c00000, 0x0000000735c00000| Untracked 
| 408|0x0000000735e00000, 0x0000000735e00000, 0x0000000736000000|  0%| F|  |TAMS 0x0000000735e00000, 0x0000000735e00000| Untracked 
| 409|0x0000000736000000, 0x0000000736000000, 0x0000000736200000|  0%| F|  |TAMS 0x0000000736000000, 0x0000000736000000| Untracked 
| 410|0x0000000736200000, 0x0000000736200000, 0x0000000736400000|  0%| F|  |TAMS 0x0000000736200000, 0x0000000736200000| Untracked 
| 411|0x0000000736400000, 0x0000000736400000, 0x0000000736600000|  0%| F|  |TAMS 0x0000000736400000, 0x0000000736400000| Untracked 
| 412|0x0000000736600000, 0x0000000736600000, 0x0000000736800000|  0%| F|  |TAMS 0x0000000736600000, 0x0000000736600000| Untracked 
| 413|0x0000000736800000, 0x0000000736800000, 0x0000000736a00000|  0%| F|  |TAMS 0x0000000736800000, 0x0000000736800000| Untracked 
| 414|0x0000000736a00000, 0x0000000736a00000, 0x0000000736c00000|  0%| F|  |TAMS 0x0000000736a00000, 0x0000000736a00000| Untracked 
| 415|0x0000000736c00000, 0x0000000736c00000, 0x0000000736e00000|  0%| F|  |TAMS 0x0000000736c00000, 0x0000000736c00000| Untracked 
| 416|0x0000000736e00000, 0x0000000736e00000, 0x0000000737000000|  0%| F|  |TAMS 0x0000000736e00000, 0x0000000736e00000| Untracked 
| 417|0x0000000737000000, 0x0000000737000000, 0x0000000737200000|  0%| F|  |TAMS 0x0000000737000000, 0x0000000737000000| Untracked 
| 418|0x0000000737200000, 0x0000000737200000, 0x0000000737400000|  0%| F|  |TAMS 0x0000000737200000, 0x0000000737200000| Untracked 
| 419|0x0000000737400000, 0x0000000737400000, 0x0000000737600000|  0%| F|  |TAMS 0x0000000737400000, 0x0000000737400000| Untracked 
| 420|0x0000000737600000, 0x0000000737600000, 0x0000000737800000|  0%| F|  |TAMS 0x0000000737600000, 0x0000000737600000| Untracked 
| 421|0x0000000737800000, 0x0000000737800000, 0x0000000737a00000|  0%| F|  |TAMS 0x0000000737800000, 0x0000000737800000| Untracked 
| 422|0x0000000737a00000, 0x0000000737a00000, 0x0000000737c00000|  0%| F|  |TAMS 0x0000000737a00000, 0x0000000737a00000| Untracked 
| 423|0x0000000737c00000, 0x0000000737c00000, 0x0000000737e00000|  0%| F|  |TAMS 0x0000000737c00000, 0x0000000737c00000| Untracked 
| 424|0x0000000737e00000, 0x0000000737e00000, 0x0000000738000000|  0%| F|  |TAMS 0x0000000737e00000, 0x0000000737e00000| Untracked 
| 425|0x0000000738000000, 0x0000000738000000, 0x0000000738200000|  0%| F|  |TAMS 0x0000000738000000, 0x0000000738000000| Untracked 
| 426|0x0000000738200000, 0x0000000738200000, 0x0000000738400000|  0%| F|  |TAMS 0x0000000738200000, 0x0000000738200000| Untracked 
| 427|0x0000000738400000, 0x0000000738400000, 0x0000000738600000|  0%| F|  |TAMS 0x0000000738400000, 0x0000000738400000| Untracked 
| 428|0x0000000738600000, 0x0000000738600000, 0x0000000738800000|  0%| F|  |TAMS 0x0000000738600000, 0x0000000738600000| Untracked 
| 429|0x0000000738800000, 0x0000000738800000, 0x0000000738a00000|  0%| F|  |TAMS 0x0000000738800000, 0x0000000738800000| Untracked 
| 430|0x0000000738a00000, 0x0000000738a00000, 0x0000000738c00000|  0%| F|  |TAMS 0x0000000738a00000, 0x0000000738a00000| Untracked 
| 431|0x0000000738c00000, 0x0000000738c00000, 0x0000000738e00000|  0%| F|  |TAMS 0x0000000738c00000, 0x0000000738c00000| Untracked 
| 432|0x0000000738e00000, 0x0000000738e00000, 0x0000000739000000|  0%| F|  |TAMS 0x0000000738e00000, 0x0000000738e00000| Untracked 
| 433|0x0000000739000000, 0x0000000739000000, 0x0000000739200000|  0%| F|  |TAMS 0x0000000739000000, 0x0000000739000000| Untracked 
| 434|0x0000000739200000, 0x0000000739200000, 0x0000000739400000|  0%| F|  |TAMS 0x0000000739200000, 0x0000000739200000| Untracked 
| 435|0x0000000739400000, 0x0000000739400000, 0x0000000739600000|  0%| F|  |TAMS 0x0000000739400000, 0x0000000739400000| Untracked 
| 436|0x0000000739600000, 0x0000000739600000, 0x0000000739800000|  0%| F|  |TAMS 0x0000000739600000, 0x0000000739600000| Untracked 
| 437|0x0000000739800000, 0x0000000739800000, 0x0000000739a00000|  0%| F|  |TAMS 0x0000000739800000, 0x0000000739800000| Untracked 
| 438|0x0000000739a00000, 0x0000000739a00000, 0x0000000739c00000|  0%| F|  |TAMS 0x0000000739a00000, 0x0000000739a00000| Untracked 
| 439|0x0000000739c00000, 0x0000000739c00000, 0x0000000739e00000|  0%| F|  |TAMS 0x0000000739c00000, 0x0000000739c00000| Untracked 
| 440|0x0000000739e00000, 0x0000000739e00000, 0x000000073a000000|  0%| F|  |TAMS 0x0000000739e00000, 0x0000000739e00000| Untracked 
| 441|0x000000073a000000, 0x000000073a000000, 0x000000073a200000|  0%| F|  |TAMS 0x000000073a000000, 0x000000073a000000| Untracked 
| 442|0x000000073a200000, 0x000000073a200000, 0x000000073a400000|  0%| F|  |TAMS 0x000000073a200000, 0x000000073a200000| Untracked 
| 443|0x000000073a400000, 0x000000073a400000, 0x000000073a600000|  0%| F|  |TAMS 0x000000073a400000, 0x000000073a400000| Untracked 
| 444|0x000000073a600000, 0x000000073a600000, 0x000000073a800000|  0%| F|  |TAMS 0x000000073a600000, 0x000000073a600000| Untracked 
| 445|0x000000073a800000, 0x000000073a800000, 0x000000073aa00000|  0%| F|  |TAMS 0x000000073a800000, 0x000000073a800000| Untracked 
| 446|0x000000073aa00000, 0x000000073aa00000, 0x000000073ac00000|  0%| F|  |TAMS 0x000000073aa00000, 0x000000073aa00000| Untracked 
| 447|0x000000073ac00000, 0x000000073ac00000, 0x000000073ae00000|  0%| F|  |TAMS 0x000000073ac00000, 0x000000073ac00000| Untracked 
| 448|0x000000073ae00000, 0x000000073ae00000, 0x000000073b000000|  0%| F|  |TAMS 0x000000073ae00000, 0x000000073ae00000| Untracked 
| 449|0x000000073b000000, 0x000000073b000000, 0x000000073b200000|  0%| F|  |TAMS 0x000000073b000000, 0x000000073b000000| Untracked 
| 450|0x000000073b200000, 0x000000073b200000, 0x000000073b400000|  0%| F|  |TAMS 0x000000073b200000, 0x000000073b200000| Untracked 
| 451|0x000000073b400000, 0x000000073b400000, 0x000000073b600000|  0%| F|  |TAMS 0x000000073b400000, 0x000000073b400000| Untracked 
| 452|0x000000073b600000, 0x000000073b600000, 0x000000073b800000|  0%| F|  |TAMS 0x000000073b600000, 0x000000073b600000| Untracked 
| 453|0x000000073b800000, 0x000000073b800000, 0x000000073ba00000|  0%| F|  |TAMS 0x000000073b800000, 0x000000073b800000| Untracked 
| 454|0x000000073ba00000, 0x000000073ba00000, 0x000000073bc00000|  0%| F|  |TAMS 0x000000073ba00000, 0x000000073ba00000| Untracked 
| 455|0x000000073bc00000, 0x000000073bc00000, 0x000000073be00000|  0%| F|  |TAMS 0x000000073bc00000, 0x000000073bc00000| Untracked 
| 456|0x000000073be00000, 0x000000073be00000, 0x000000073c000000|  0%| F|  |TAMS 0x000000073be00000, 0x000000073be00000| Untracked 
| 457|0x000000073c000000, 0x000000073c000000, 0x000000073c200000|  0%| F|  |TAMS 0x000000073c000000, 0x000000073c000000| Untracked 
| 458|0x000000073c200000, 0x000000073c200000, 0x000000073c400000|  0%| F|  |TAMS 0x000000073c200000, 0x000000073c200000| Untracked 
| 459|0x000000073c400000, 0x000000073c400000, 0x000000073c600000|  0%| F|  |TAMS 0x000000073c400000, 0x000000073c400000| Untracked 
| 460|0x000000073c600000, 0x000000073c600000, 0x000000073c800000|  0%| F|  |TAMS 0x000000073c600000, 0x000000073c600000| Untracked 
| 461|0x000000073c800000, 0x000000073c800000, 0x000000073ca00000|  0%| F|  |TAMS 0x000000073c800000, 0x000000073c800000| Untracked 
| 462|0x000000073ca00000, 0x000000073ca00000, 0x000000073cc00000|  0%| F|  |TAMS 0x000000073ca00000, 0x000000073ca00000| Untracked 
| 463|0x000000073cc00000, 0x000000073cc00000, 0x000000073ce00000|  0%| F|  |TAMS 0x000000073cc00000, 0x000000073cc00000| Untracked 
| 464|0x000000073ce00000, 0x000000073ce00000, 0x000000073d000000|  0%| F|  |TAMS 0x000000073ce00000, 0x000000073ce00000| Untracked 
| 465|0x000000073d000000, 0x000000073d000000, 0x000000073d200000|  0%| F|  |TAMS 0x000000073d000000, 0x000000073d000000| Untracked 
| 466|0x000000073d200000, 0x000000073d200000, 0x000000073d400000|  0%| F|  |TAMS 0x000000073d200000, 0x000000073d200000| Untracked 
| 467|0x000000073d400000, 0x000000073d400000, 0x000000073d600000|  0%| F|  |TAMS 0x000000073d400000, 0x000000073d400000| Untracked 
| 468|0x000000073d600000, 0x000000073d600000, 0x000000073d800000|  0%| F|  |TAMS 0x000000073d600000, 0x000000073d600000| Untracked 
| 469|0x000000073d800000, 0x000000073d800000, 0x000000073da00000|  0%| F|  |TAMS 0x000000073d800000, 0x000000073d800000| Untracked 
| 470|0x000000073da00000, 0x000000073da00000, 0x000000073dc00000|  0%| F|  |TAMS 0x000000073da00000, 0x000000073da00000| Untracked 
| 471|0x000000073dc00000, 0x000000073dc00000, 0x000000073de00000|  0%| F|  |TAMS 0x000000073dc00000, 0x000000073dc00000| Untracked 
| 472|0x000000073de00000, 0x000000073de00000, 0x000000073e000000|  0%| F|  |TAMS 0x000000073de00000, 0x000000073de00000| Untracked 
| 473|0x000000073e000000, 0x000000073e000000, 0x000000073e200000|  0%| F|  |TAMS 0x000000073e000000, 0x000000073e000000| Untracked 
| 474|0x000000073e200000, 0x000000073e200000, 0x000000073e400000|  0%| F|  |TAMS 0x000000073e200000, 0x000000073e200000| Untracked 
| 475|0x000000073e400000, 0x000000073e400000, 0x000000073e600000|  0%| F|  |TAMS 0x000000073e400000, 0x000000073e400000| Untracked 
| 476|0x000000073e600000, 0x000000073e600000, 0x000000073e800000|  0%| F|  |TAMS 0x000000073e600000, 0x000000073e600000| Untracked 
| 477|0x000000073e800000, 0x000000073e800000, 0x000000073ea00000|  0%| F|  |TAMS 0x000000073e800000, 0x000000073e800000| Untracked 
| 478|0x000000073ea00000, 0x000000073ea00000, 0x000000073ec00000|  0%| F|  |TAMS 0x000000073ea00000, 0x000000073ea00000| Untracked 
| 479|0x000000073ec00000, 0x000000073ec00000, 0x000000073ee00000|  0%| F|  |TAMS 0x000000073ec00000, 0x000000073ec00000| Untracked 
| 480|0x000000073ee00000, 0x000000073ee00000, 0x000000073f000000|  0%| F|  |TAMS 0x000000073ee00000, 0x000000073ee00000| Untracked 
| 481|0x000000073f000000, 0x000000073f000000, 0x000000073f200000|  0%| F|  |TAMS 0x000000073f000000, 0x000000073f000000| Untracked 
| 482|0x000000073f200000, 0x000000073f200000, 0x000000073f400000|  0%| F|  |TAMS 0x000000073f200000, 0x000000073f200000| Untracked 
| 483|0x000000073f400000, 0x000000073f400000, 0x000000073f600000|  0%| F|  |TAMS 0x000000073f400000, 0x000000073f400000| Untracked 
| 484|0x000000073f600000, 0x000000073f600000, 0x000000073f800000|  0%| F|  |TAMS 0x000000073f600000, 0x000000073f600000| Untracked 
| 485|0x000000073f800000, 0x000000073f800000, 0x000000073fa00000|  0%| F|  |TAMS 0x000000073f800000, 0x000000073f800000| Untracked 
| 486|0x000000073fa00000, 0x000000073fa00000, 0x000000073fc00000|  0%| F|  |TAMS 0x000000073fa00000, 0x000000073fa00000| Untracked 
| 487|0x000000073fc00000, 0x000000073fc00000, 0x000000073fe00000|  0%| F|  |TAMS 0x000000073fc00000, 0x000000073fc00000| Untracked 
| 488|0x000000073fe00000, 0x000000073fe00000, 0x0000000740000000|  0%| F|  |TAMS 0x000000073fe00000, 0x000000073fe00000| Untracked 
| 489|0x0000000740000000, 0x0000000740000000, 0x0000000740200000|  0%| F|  |TAMS 0x0000000740000000, 0x0000000740000000| Untracked 
| 490|0x0000000740200000, 0x0000000740200000, 0x0000000740400000|  0%| F|  |TAMS 0x0000000740200000, 0x0000000740200000| Untracked 
| 491|0x0000000740400000, 0x0000000740400000, 0x0000000740600000|  0%| F|  |TAMS 0x0000000740400000, 0x0000000740400000| Untracked 
| 492|0x0000000740600000, 0x0000000740600000, 0x0000000740800000|  0%| F|  |TAMS 0x0000000740600000, 0x0000000740600000| Untracked 
| 493|0x0000000740800000, 0x0000000740800000, 0x0000000740a00000|  0%| F|  |TAMS 0x0000000740800000, 0x0000000740800000| Untracked 
| 494|0x0000000740a00000, 0x0000000740a00000, 0x0000000740c00000|  0%| F|  |TAMS 0x0000000740a00000, 0x0000000740a00000| Untracked 
| 495|0x0000000740c00000, 0x0000000740c00000, 0x0000000740e00000|  0%| F|  |TAMS 0x0000000740c00000, 0x0000000740c00000| Untracked 
| 496|0x0000000740e00000, 0x0000000740e00000, 0x0000000741000000|  0%| F|  |TAMS 0x0000000740e00000, 0x0000000740e00000| Untracked 
| 497|0x0000000741000000, 0x0000000741000000, 0x0000000741200000|  0%| F|  |TAMS 0x0000000741000000, 0x0000000741000000| Untracked 
| 498|0x0000000741200000, 0x0000000741200000, 0x0000000741400000|  0%| F|  |TAMS 0x0000000741200000, 0x0000000741200000| Untracked 
| 499|0x0000000741400000, 0x0000000741400000, 0x0000000741600000|  0%| F|  |TAMS 0x0000000741400000, 0x0000000741400000| Untracked 
| 500|0x0000000741600000, 0x0000000741600000, 0x0000000741800000|  0%| F|  |TAMS 0x0000000741600000, 0x0000000741600000| Untracked 
| 501|0x0000000741800000, 0x0000000741800000, 0x0000000741a00000|  0%| F|  |TAMS 0x0000000741800000, 0x0000000741800000| Untracked 
| 502|0x0000000741a00000, 0x0000000741a00000, 0x0000000741c00000|  0%| F|  |TAMS 0x0000000741a00000, 0x0000000741a00000| Untracked 
| 503|0x0000000741c00000, 0x0000000741c00000, 0x0000000741e00000|  0%| F|  |TAMS 0x0000000741c00000, 0x0000000741c00000| Untracked 
| 504|0x0000000741e00000, 0x0000000741e00000, 0x0000000742000000|  0%| F|  |TAMS 0x0000000741e00000, 0x0000000741e00000| Untracked 
| 505|0x0000000742000000, 0x0000000742000000, 0x0000000742200000|  0%| F|  |TAMS 0x0000000742000000, 0x0000000742000000| Untracked 
| 506|0x0000000742200000, 0x0000000742200000, 0x0000000742400000|  0%| F|  |TAMS 0x0000000742200000, 0x0000000742200000| Untracked 
| 507|0x0000000742400000, 0x0000000742400000, 0x0000000742600000|  0%| F|  |TAMS 0x0000000742400000, 0x0000000742400000| Untracked 
| 508|0x0000000742600000, 0x0000000742600000, 0x0000000742800000|  0%| F|  |TAMS 0x0000000742600000, 0x0000000742600000| Untracked 
| 509|0x0000000742800000, 0x0000000742800000, 0x0000000742a00000|  0%| F|  |TAMS 0x0000000742800000, 0x0000000742800000| Untracked 
| 510|0x0000000742a00000, 0x0000000742a00000, 0x0000000742c00000|  0%| F|  |TAMS 0x0000000742a00000, 0x0000000742a00000| Untracked 
| 511|0x0000000742c00000, 0x0000000742c00000, 0x0000000742e00000|  0%| F|  |TAMS 0x0000000742c00000, 0x0000000742c00000| Untracked 
| 512|0x0000000742e00000, 0x0000000742e00000, 0x0000000743000000|  0%| F|  |TAMS 0x0000000742e00000, 0x0000000742e00000| Untracked 
| 513|0x0000000743000000, 0x0000000743000000, 0x0000000743200000|  0%| F|  |TAMS 0x0000000743000000, 0x0000000743000000| Untracked 
| 514|0x0000000743200000, 0x0000000743200000, 0x0000000743400000|  0%| F|  |TAMS 0x0000000743200000, 0x0000000743200000| Untracked 
| 515|0x0000000743400000, 0x0000000743400000, 0x0000000743600000|  0%| F|  |TAMS 0x0000000743400000, 0x0000000743400000| Untracked 
| 516|0x0000000743600000, 0x0000000743600000, 0x0000000743800000|  0%| F|  |TAMS 0x0000000743600000, 0x0000000743600000| Untracked 
| 517|0x0000000743800000, 0x0000000743800000, 0x0000000743a00000|  0%| F|  |TAMS 0x0000000743800000, 0x0000000743800000| Untracked 
| 518|0x0000000743a00000, 0x0000000743a00000, 0x0000000743c00000|  0%| F|  |TAMS 0x0000000743a00000, 0x0000000743a00000| Untracked 
| 519|0x0000000743c00000, 0x0000000743c00000, 0x0000000743e00000|  0%| F|  |TAMS 0x0000000743c00000, 0x0000000743c00000| Untracked 
| 520|0x0000000743e00000, 0x0000000743e00000, 0x0000000744000000|  0%| F|  |TAMS 0x0000000743e00000, 0x0000000743e00000| Untracked 
| 521|0x0000000744000000, 0x0000000744000000, 0x0000000744200000|  0%| F|  |TAMS 0x0000000744000000, 0x0000000744000000| Untracked 
| 522|0x0000000744200000, 0x0000000744200000, 0x0000000744400000|  0%| F|  |TAMS 0x0000000744200000, 0x0000000744200000| Untracked 
| 523|0x0000000744400000, 0x0000000744400000, 0x0000000744600000|  0%| F|  |TAMS 0x0000000744400000, 0x0000000744400000| Untracked 
| 524|0x0000000744600000, 0x0000000744600000, 0x0000000744800000|  0%| F|  |TAMS 0x0000000744600000, 0x0000000744600000| Untracked 
| 525|0x0000000744800000, 0x0000000744800000, 0x0000000744a00000|  0%| F|  |TAMS 0x0000000744800000, 0x0000000744800000| Untracked 
| 526|0x0000000744a00000, 0x0000000744a00000, 0x0000000744c00000|  0%| F|  |TAMS 0x0000000744a00000, 0x0000000744a00000| Untracked 
| 527|0x0000000744c00000, 0x0000000744c00000, 0x0000000744e00000|  0%| F|  |TAMS 0x0000000744c00000, 0x0000000744c00000| Untracked 
| 528|0x0000000744e00000, 0x0000000744e00000, 0x0000000745000000|  0%| F|  |TAMS 0x0000000744e00000, 0x0000000744e00000| Untracked 
| 529|0x0000000745000000, 0x0000000745000000, 0x0000000745200000|  0%| F|  |TAMS 0x0000000745000000, 0x0000000745000000| Untracked 
| 530|0x0000000745200000, 0x0000000745200000, 0x0000000745400000|  0%| F|  |TAMS 0x0000000745200000, 0x0000000745200000| Untracked 
| 531|0x0000000745400000, 0x0000000745400000, 0x0000000745600000|  0%| F|  |TAMS 0x0000000745400000, 0x0000000745400000| Untracked 
| 532|0x0000000745600000, 0x0000000745600000, 0x0000000745800000|  0%| F|  |TAMS 0x0000000745600000, 0x0000000745600000| Untracked 
| 533|0x0000000745800000, 0x0000000745800000, 0x0000000745a00000|  0%| F|  |TAMS 0x0000000745800000, 0x0000000745800000| Untracked 
| 534|0x0000000745a00000, 0x0000000745a00000, 0x0000000745c00000|  0%| F|  |TAMS 0x0000000745a00000, 0x0000000745a00000| Untracked 
| 535|0x0000000745c00000, 0x0000000745c00000, 0x0000000745e00000|  0%| F|  |TAMS 0x0000000745c00000, 0x0000000745c00000| Untracked 
| 536|0x0000000745e00000, 0x0000000745e00000, 0x0000000746000000|  0%| F|  |TAMS 0x0000000745e00000, 0x0000000745e00000| Untracked 
| 537|0x0000000746000000, 0x0000000746000000, 0x0000000746200000|  0%| F|  |TAMS 0x0000000746000000, 0x0000000746000000| Untracked 
| 538|0x0000000746200000, 0x0000000746200000, 0x0000000746400000|  0%| F|  |TAMS 0x0000000746200000, 0x0000000746200000| Untracked 
| 539|0x0000000746400000, 0x0000000746400000, 0x0000000746600000|  0%| F|  |TAMS 0x0000000746400000, 0x0000000746400000| Untracked 
| 540|0x0000000746600000, 0x0000000746600000, 0x0000000746800000|  0%| F|  |TAMS 0x0000000746600000, 0x0000000746600000| Untracked 
| 541|0x0000000746800000, 0x0000000746800000, 0x0000000746a00000|  0%| F|  |TAMS 0x0000000746800000, 0x0000000746800000| Untracked 
| 542|0x0000000746a00000, 0x0000000746a00000, 0x0000000746c00000|  0%| F|  |TAMS 0x0000000746a00000, 0x0000000746a00000| Untracked 
| 543|0x0000000746c00000, 0x0000000746c00000, 0x0000000746e00000|  0%| F|  |TAMS 0x0000000746c00000, 0x0000000746c00000| Untracked 
| 544|0x0000000746e00000, 0x0000000746e00000, 0x0000000747000000|  0%| F|  |TAMS 0x0000000746e00000, 0x0000000746e00000| Untracked 
| 545|0x0000000747000000, 0x0000000747000000, 0x0000000747200000|  0%| F|  |TAMS 0x0000000747000000, 0x0000000747000000| Untracked 
| 546|0x0000000747200000, 0x0000000747200000, 0x0000000747400000|  0%| F|  |TAMS 0x0000000747200000, 0x0000000747200000| Untracked 
| 547|0x0000000747400000, 0x0000000747400000, 0x0000000747600000|  0%| F|  |TAMS 0x0000000747400000, 0x0000000747400000| Untracked 
| 548|0x0000000747600000, 0x0000000747600000, 0x0000000747800000|  0%| F|  |TAMS 0x0000000747600000, 0x0000000747600000| Untracked 
| 549|0x0000000747800000, 0x0000000747800000, 0x0000000747a00000|  0%| F|  |TAMS 0x0000000747800000, 0x0000000747800000| Untracked 
| 550|0x0000000747a00000, 0x0000000747a00000, 0x0000000747c00000|  0%| F|  |TAMS 0x0000000747a00000, 0x0000000747a00000| Untracked 
| 551|0x0000000747c00000, 0x0000000747c00000, 0x0000000747e00000|  0%| F|  |TAMS 0x0000000747c00000, 0x0000000747c00000| Untracked 
| 552|0x0000000747e00000, 0x0000000747e00000, 0x0000000748000000|  0%| F|  |TAMS 0x0000000747e00000, 0x0000000747e00000| Untracked 
| 553|0x0000000748000000, 0x0000000748000000, 0x0000000748200000|  0%| F|  |TAMS 0x0000000748000000, 0x0000000748000000| Untracked 
| 554|0x0000000748200000, 0x0000000748200000, 0x0000000748400000|  0%| F|  |TAMS 0x0000000748200000, 0x0000000748200000| Untracked 
| 555|0x0000000748400000, 0x0000000748400000, 0x0000000748600000|  0%| F|  |TAMS 0x0000000748400000, 0x0000000748400000| Untracked 
| 556|0x0000000748600000, 0x0000000748600000, 0x0000000748800000|  0%| F|  |TAMS 0x0000000748600000, 0x0000000748600000| Untracked 
| 557|0x0000000748800000, 0x0000000748800000, 0x0000000748a00000|  0%| F|  |TAMS 0x0000000748800000, 0x0000000748800000| Untracked 
| 558|0x0000000748a00000, 0x0000000748a00000, 0x0000000748c00000|  0%| F|  |TAMS 0x0000000748a00000, 0x0000000748a00000| Untracked 
| 559|0x0000000748c00000, 0x0000000748c00000, 0x0000000748e00000|  0%| F|  |TAMS 0x0000000748c00000, 0x0000000748c00000| Untracked 
| 560|0x0000000748e00000, 0x0000000748e00000, 0x0000000749000000|  0%| F|  |TAMS 0x0000000748e00000, 0x0000000748e00000| Untracked 
| 561|0x0000000749000000, 0x0000000749000000, 0x0000000749200000|  0%| F|  |TAMS 0x0000000749000000, 0x0000000749000000| Untracked 
| 562|0x0000000749200000, 0x0000000749200000, 0x0000000749400000|  0%| F|  |TAMS 0x0000000749200000, 0x0000000749200000| Untracked 
| 563|0x0000000749400000, 0x0000000749400000, 0x0000000749600000|  0%| F|  |TAMS 0x0000000749400000, 0x0000000749400000| Untracked 
| 564|0x0000000749600000, 0x0000000749600000, 0x0000000749800000|  0%| F|  |TAMS 0x0000000749600000, 0x0000000749600000| Untracked 
| 565|0x0000000749800000, 0x0000000749800000, 0x0000000749a00000|  0%| F|  |TAMS 0x0000000749800000, 0x0000000749800000| Untracked 
| 566|0x0000000749a00000, 0x0000000749a00000, 0x0000000749c00000|  0%| F|  |TAMS 0x0000000749a00000, 0x0000000749a00000| Untracked 
| 567|0x0000000749c00000, 0x0000000749c00000, 0x0000000749e00000|  0%| F|  |TAMS 0x0000000749c00000, 0x0000000749c00000| Untracked 
| 568|0x0000000749e00000, 0x0000000749e00000, 0x000000074a000000|  0%| F|  |TAMS 0x0000000749e00000, 0x0000000749e00000| Untracked 
| 569|0x000000074a000000, 0x000000074a000000, 0x000000074a200000|  0%| F|  |TAMS 0x000000074a000000, 0x000000074a000000| Untracked 
| 570|0x000000074a200000, 0x000000074a200000, 0x000000074a400000|  0%| F|  |TAMS 0x000000074a200000, 0x000000074a200000| Untracked 
| 571|0x000000074a400000, 0x000000074a400000, 0x000000074a600000|  0%| F|  |TAMS 0x000000074a400000, 0x000000074a400000| Untracked 
| 572|0x000000074a600000, 0x000000074a600000, 0x000000074a800000|  0%| F|  |TAMS 0x000000074a600000, 0x000000074a600000| Untracked 
| 573|0x000000074a800000, 0x000000074a800000, 0x000000074aa00000|  0%| F|  |TAMS 0x000000074a800000, 0x000000074a800000| Untracked 
| 574|0x000000074aa00000, 0x000000074aa00000, 0x000000074ac00000|  0%| F|  |TAMS 0x000000074aa00000, 0x000000074aa00000| Untracked 
| 575|0x000000074ac00000, 0x000000074ac00000, 0x000000074ae00000|  0%| F|  |TAMS 0x000000074ac00000, 0x000000074ac00000| Untracked 
| 576|0x000000074ae00000, 0x000000074ae00000, 0x000000074b000000|  0%| F|  |TAMS 0x000000074ae00000, 0x000000074ae00000| Untracked 
| 577|0x000000074b000000, 0x000000074b000000, 0x000000074b200000|  0%| F|  |TAMS 0x000000074b000000, 0x000000074b000000| Untracked 
| 578|0x000000074b200000, 0x000000074b200000, 0x000000074b400000|  0%| F|  |TAMS 0x000000074b200000, 0x000000074b200000| Untracked 
| 579|0x000000074b400000, 0x000000074b400000, 0x000000074b600000|  0%| F|  |TAMS 0x000000074b400000, 0x000000074b400000| Untracked 
| 580|0x000000074b600000, 0x000000074b600000, 0x000000074b800000|  0%| F|  |TAMS 0x000000074b600000, 0x000000074b600000| Untracked 
| 581|0x000000074b800000, 0x000000074b800000, 0x000000074ba00000|  0%| F|  |TAMS 0x000000074b800000, 0x000000074b800000| Untracked 
| 582|0x000000074ba00000, 0x000000074ba00000, 0x000000074bc00000|  0%| F|  |TAMS 0x000000074ba00000, 0x000000074ba00000| Untracked 
| 583|0x000000074bc00000, 0x000000074bc00000, 0x000000074be00000|  0%| F|  |TAMS 0x000000074bc00000, 0x000000074bc00000| Untracked 
| 584|0x000000074be00000, 0x000000074be00000, 0x000000074c000000|  0%| F|  |TAMS 0x000000074be00000, 0x000000074be00000| Untracked 
| 585|0x000000074c000000, 0x000000074c000000, 0x000000074c200000|  0%| F|  |TAMS 0x000000074c000000, 0x000000074c000000| Untracked 
| 586|0x000000074c200000, 0x000000074c200000, 0x000000074c400000|  0%| F|  |TAMS 0x000000074c200000, 0x000000074c200000| Untracked 
| 587|0x000000074c400000, 0x000000074c400000, 0x000000074c600000|  0%| F|  |TAMS 0x000000074c400000, 0x000000074c400000| Untracked 
| 588|0x000000074c600000, 0x000000074c600000, 0x000000074c800000|  0%| F|  |TAMS 0x000000074c600000, 0x000000074c600000| Untracked 
| 589|0x000000074c800000, 0x000000074c800000, 0x000000074ca00000|  0%| F|  |TAMS 0x000000074c800000, 0x000000074c800000| Untracked 
| 590|0x000000074ca00000, 0x000000074ca00000, 0x000000074cc00000|  0%| F|  |TAMS 0x000000074ca00000, 0x000000074ca00000| Untracked 
| 591|0x000000074cc00000, 0x000000074cc00000, 0x000000074ce00000|  0%| F|  |TAMS 0x000000074cc00000, 0x000000074cc00000| Untracked 
| 592|0x000000074ce00000, 0x000000074ce00000, 0x000000074d000000|  0%| F|  |TAMS 0x000000074ce00000, 0x000000074ce00000| Untracked 
| 593|0x000000074d000000, 0x000000074d000000, 0x000000074d200000|  0%| F|  |TAMS 0x000000074d000000, 0x000000074d000000| Untracked 
| 594|0x000000074d200000, 0x000000074d200000, 0x000000074d400000|  0%| F|  |TAMS 0x000000074d200000, 0x000000074d200000| Untracked 
| 595|0x000000074d400000, 0x000000074d400000, 0x000000074d600000|  0%| F|  |TAMS 0x000000074d400000, 0x000000074d400000| Untracked 
| 596|0x000000074d600000, 0x000000074d600000, 0x000000074d800000|  0%| F|  |TAMS 0x000000074d600000, 0x000000074d600000| Untracked 
| 597|0x000000074d800000, 0x000000074d800000, 0x000000074da00000|  0%| F|  |TAMS 0x000000074d800000, 0x000000074d800000| Untracked 
| 598|0x000000074da00000, 0x000000074da00000, 0x000000074dc00000|  0%| F|  |TAMS 0x000000074da00000, 0x000000074da00000| Untracked 
| 599|0x000000074dc00000, 0x000000074dc00000, 0x000000074de00000|  0%| F|  |TAMS 0x000000074dc00000, 0x000000074dc00000| Untracked 
| 600|0x000000074de00000, 0x000000074de00000, 0x000000074e000000|  0%| F|  |TAMS 0x000000074de00000, 0x000000074de00000| Untracked 
| 601|0x000000074e000000, 0x000000074e000000, 0x000000074e200000|  0%| F|  |TAMS 0x000000074e000000, 0x000000074e000000| Untracked 
| 602|0x000000074e200000, 0x000000074e200000, 0x000000074e400000|  0%| F|  |TAMS 0x000000074e200000, 0x000000074e200000| Untracked 
| 603|0x000000074e400000, 0x000000074e400000, 0x000000074e600000|  0%| F|  |TAMS 0x000000074e400000, 0x000000074e400000| Untracked 
| 604|0x000000074e600000, 0x000000074e600000, 0x000000074e800000|  0%| F|  |TAMS 0x000000074e600000, 0x000000074e600000| Untracked 
| 605|0x000000074e800000, 0x000000074e800000, 0x000000074ea00000|  0%| F|  |TAMS 0x000000074e800000, 0x000000074e800000| Untracked 
| 606|0x000000074ea00000, 0x000000074ea00000, 0x000000074ec00000|  0%| F|  |TAMS 0x000000074ea00000, 0x000000074ea00000| Untracked 
| 607|0x000000074ec00000, 0x000000074ec00000, 0x000000074ee00000|  0%| F|  |TAMS 0x000000074ec00000, 0x000000074ec00000| Untracked 
| 608|0x000000074ee00000, 0x000000074ee00000, 0x000000074f000000|  0%| F|  |TAMS 0x000000074ee00000, 0x000000074ee00000| Untracked 
| 609|0x000000074f000000, 0x000000074f000000, 0x000000074f200000|  0%| F|  |TAMS 0x000000074f000000, 0x000000074f000000| Untracked 
| 610|0x000000074f200000, 0x000000074f200000, 0x000000074f400000|  0%| F|  |TAMS 0x000000074f200000, 0x000000074f200000| Untracked 
| 611|0x000000074f400000, 0x000000074f400000, 0x000000074f600000|  0%| F|  |TAMS 0x000000074f400000, 0x000000074f400000| Untracked 
| 612|0x000000074f600000, 0x000000074f600000, 0x000000074f800000|  0%| F|  |TAMS 0x000000074f600000, 0x000000074f600000| Untracked 
| 613|0x000000074f800000, 0x000000074f800000, 0x000000074fa00000|  0%| F|  |TAMS 0x000000074f800000, 0x000000074f800000| Untracked 
| 614|0x000000074fa00000, 0x000000074fa00000, 0x000000074fc00000|  0%| F|  |TAMS 0x000000074fa00000, 0x000000074fa00000| Untracked 
| 615|0x000000074fc00000, 0x000000074fc00000, 0x000000074fe00000|  0%| F|  |TAMS 0x000000074fc00000, 0x000000074fc00000| Untracked 
| 616|0x000000074fe00000, 0x000000074fe00000, 0x0000000750000000|  0%| F|  |TAMS 0x000000074fe00000, 0x000000074fe00000| Untracked 
| 617|0x0000000750000000, 0x0000000750000000, 0x0000000750200000|  0%| F|  |TAMS 0x0000000750000000, 0x0000000750000000| Untracked 
| 618|0x0000000750200000, 0x0000000750200000, 0x0000000750400000|  0%| F|  |TAMS 0x0000000750200000, 0x0000000750200000| Untracked 
| 619|0x0000000750400000, 0x0000000750400000, 0x0000000750600000|  0%| F|  |TAMS 0x0000000750400000, 0x0000000750400000| Untracked 
| 620|0x0000000750600000, 0x0000000750600000, 0x0000000750800000|  0%| F|  |TAMS 0x0000000750600000, 0x0000000750600000| Untracked 
| 621|0x0000000750800000, 0x0000000750800000, 0x0000000750a00000|  0%| F|  |TAMS 0x0000000750800000, 0x0000000750800000| Untracked 
| 622|0x0000000750a00000, 0x0000000750a00000, 0x0000000750c00000|  0%| F|  |TAMS 0x0000000750a00000, 0x0000000750a00000| Untracked 
| 623|0x0000000750c00000, 0x0000000750c00000, 0x0000000750e00000|  0%| F|  |TAMS 0x0000000750c00000, 0x0000000750c00000| Untracked 
| 624|0x0000000750e00000, 0x0000000750e00000, 0x0000000751000000|  0%| F|  |TAMS 0x0000000750e00000, 0x0000000750e00000| Untracked 
| 625|0x0000000751000000, 0x0000000751000000, 0x0000000751200000|  0%| F|  |TAMS 0x0000000751000000, 0x0000000751000000| Untracked 
| 626|0x0000000751200000, 0x0000000751200000, 0x0000000751400000|  0%| F|  |TAMS 0x0000000751200000, 0x0000000751200000| Untracked 
| 627|0x0000000751400000, 0x0000000751400000, 0x0000000751600000|  0%| F|  |TAMS 0x0000000751400000, 0x0000000751400000| Untracked 
| 628|0x0000000751600000, 0x0000000751600000, 0x0000000751800000|  0%| F|  |TAMS 0x0000000751600000, 0x0000000751600000| Untracked 
| 629|0x0000000751800000, 0x0000000751800000, 0x0000000751a00000|  0%| F|  |TAMS 0x0000000751800000, 0x0000000751800000| Untracked 
| 630|0x0000000751a00000, 0x0000000751a00000, 0x0000000751c00000|  0%| F|  |TAMS 0x0000000751a00000, 0x0000000751a00000| Untracked 
| 631|0x0000000751c00000, 0x0000000751c00000, 0x0000000751e00000|  0%| F|  |TAMS 0x0000000751c00000, 0x0000000751c00000| Untracked 
| 632|0x0000000751e00000, 0x0000000751e00000, 0x0000000752000000|  0%| F|  |TAMS 0x0000000751e00000, 0x0000000751e00000| Untracked 
| 633|0x0000000752000000, 0x0000000752000000, 0x0000000752200000|  0%| F|  |TAMS 0x0000000752000000, 0x0000000752000000| Untracked 
| 634|0x0000000752200000, 0x0000000752200000, 0x0000000752400000|  0%| F|  |TAMS 0x0000000752200000, 0x0000000752200000| Untracked 
| 635|0x0000000752400000, 0x0000000752400000, 0x0000000752600000|  0%| F|  |TAMS 0x0000000752400000, 0x0000000752400000| Untracked 
| 636|0x0000000752600000, 0x0000000752600000, 0x0000000752800000|  0%| F|  |TAMS 0x0000000752600000, 0x0000000752600000| Untracked 
| 637|0x0000000752800000, 0x0000000752800000, 0x0000000752a00000|  0%| F|  |TAMS 0x0000000752800000, 0x0000000752800000| Untracked 
| 638|0x0000000752a00000, 0x0000000752a00000, 0x0000000752c00000|  0%| F|  |TAMS 0x0000000752a00000, 0x0000000752a00000| Untracked 
| 639|0x0000000752c00000, 0x0000000752c00000, 0x0000000752e00000|  0%| F|  |TAMS 0x0000000752c00000, 0x0000000752c00000| Untracked 
| 640|0x0000000752e00000, 0x0000000752e00000, 0x0000000753000000|  0%| F|  |TAMS 0x0000000752e00000, 0x0000000752e00000| Untracked 
| 641|0x0000000753000000, 0x0000000753000000, 0x0000000753200000|  0%| F|  |TAMS 0x0000000753000000, 0x0000000753000000| Untracked 
| 642|0x0000000753200000, 0x0000000753200000, 0x0000000753400000|  0%| F|  |TAMS 0x0000000753200000, 0x0000000753200000| Untracked 
| 643|0x0000000753400000, 0x0000000753400000, 0x0000000753600000|  0%| F|  |TAMS 0x0000000753400000, 0x0000000753400000| Untracked 
| 644|0x0000000753600000, 0x0000000753600000, 0x0000000753800000|  0%| F|  |TAMS 0x0000000753600000, 0x0000000753600000| Untracked 
| 645|0x0000000753800000, 0x0000000753800000, 0x0000000753a00000|  0%| F|  |TAMS 0x0000000753800000, 0x0000000753800000| Untracked 
| 646|0x0000000753a00000, 0x0000000753a00000, 0x0000000753c00000|  0%| F|  |TAMS 0x0000000753a00000, 0x0000000753a00000| Untracked 
| 647|0x0000000753c00000, 0x0000000753c00000, 0x0000000753e00000|  0%| F|  |TAMS 0x0000000753c00000, 0x0000000753c00000| Untracked 
| 648|0x0000000753e00000, 0x0000000753e00000, 0x0000000754000000|  0%| F|  |TAMS 0x0000000753e00000, 0x0000000753e00000| Untracked 
| 649|0x0000000754000000, 0x0000000754000000, 0x0000000754200000|  0%| F|  |TAMS 0x0000000754000000, 0x0000000754000000| Untracked 
| 650|0x0000000754200000, 0x0000000754200000, 0x0000000754400000|  0%| F|  |TAMS 0x0000000754200000, 0x0000000754200000| Untracked 
| 651|0x0000000754400000, 0x0000000754400000, 0x0000000754600000|  0%| F|  |TAMS 0x0000000754400000, 0x0000000754400000| Untracked 
| 652|0x0000000754600000, 0x0000000754600000, 0x0000000754800000|  0%| F|  |TAMS 0x0000000754600000, 0x0000000754600000| Untracked 
| 653|0x0000000754800000, 0x0000000754800000, 0x0000000754a00000|  0%| F|  |TAMS 0x0000000754800000, 0x0000000754800000| Untracked 
| 654|0x0000000754a00000, 0x0000000754a00000, 0x0000000754c00000|  0%| F|  |TAMS 0x0000000754a00000, 0x0000000754a00000| Untracked 
| 655|0x0000000754c00000, 0x0000000754c00000, 0x0000000754e00000|  0%| F|  |TAMS 0x0000000754c00000, 0x0000000754c00000| Untracked 
| 656|0x0000000754e00000, 0x0000000754e00000, 0x0000000755000000|  0%| F|  |TAMS 0x0000000754e00000, 0x0000000754e00000| Untracked 
| 657|0x0000000755000000, 0x0000000755000000, 0x0000000755200000|  0%| F|  |TAMS 0x0000000755000000, 0x0000000755000000| Untracked 
| 658|0x0000000755200000, 0x0000000755200000, 0x0000000755400000|  0%| F|  |TAMS 0x0000000755200000, 0x0000000755200000| Untracked 
| 659|0x0000000755400000, 0x0000000755400000, 0x0000000755600000|  0%| F|  |TAMS 0x0000000755400000, 0x0000000755400000| Untracked 
| 660|0x0000000755600000, 0x0000000755600000, 0x0000000755800000|  0%| F|  |TAMS 0x0000000755600000, 0x0000000755600000| Untracked 
| 661|0x0000000755800000, 0x0000000755800000, 0x0000000755a00000|  0%| F|  |TAMS 0x0000000755800000, 0x0000000755800000| Untracked 
| 662|0x0000000755a00000, 0x0000000755a00000, 0x0000000755c00000|  0%| F|  |TAMS 0x0000000755a00000, 0x0000000755a00000| Untracked 
| 663|0x0000000755c00000, 0x0000000755c00000, 0x0000000755e00000|  0%| F|  |TAMS 0x0000000755c00000, 0x0000000755c00000| Untracked 
| 664|0x0000000755e00000, 0x0000000755e00000, 0x0000000756000000|  0%| F|  |TAMS 0x0000000755e00000, 0x0000000755e00000| Untracked 
| 665|0x0000000756000000, 0x0000000756000000, 0x0000000756200000|  0%| F|  |TAMS 0x0000000756000000, 0x0000000756000000| Untracked 
| 666|0x0000000756200000, 0x0000000756200000, 0x0000000756400000|  0%| F|  |TAMS 0x0000000756200000, 0x0000000756200000| Untracked 
| 667|0x0000000756400000, 0x0000000756400000, 0x0000000756600000|  0%| F|  |TAMS 0x0000000756400000, 0x0000000756400000| Untracked 
| 668|0x0000000756600000, 0x0000000756600000, 0x0000000756800000|  0%| F|  |TAMS 0x0000000756600000, 0x0000000756600000| Untracked 
| 669|0x0000000756800000, 0x0000000756800000, 0x0000000756a00000|  0%| F|  |TAMS 0x0000000756800000, 0x0000000756800000| Untracked 
| 670|0x0000000756a00000, 0x0000000756a00000, 0x0000000756c00000|  0%| F|  |TAMS 0x0000000756a00000, 0x0000000756a00000| Untracked 
| 671|0x0000000756c00000, 0x0000000756c00000, 0x0000000756e00000|  0%| F|  |TAMS 0x0000000756c00000, 0x0000000756c00000| Untracked 
| 672|0x0000000756e00000, 0x0000000756e00000, 0x0000000757000000|  0%| F|  |TAMS 0x0000000756e00000, 0x0000000756e00000| Untracked 
| 673|0x0000000757000000, 0x0000000757000000, 0x0000000757200000|  0%| F|  |TAMS 0x0000000757000000, 0x0000000757000000| Untracked 
| 674|0x0000000757200000, 0x0000000757200000, 0x0000000757400000|  0%| F|  |TAMS 0x0000000757200000, 0x0000000757200000| Untracked 
| 675|0x0000000757400000, 0x0000000757400000, 0x0000000757600000|  0%| F|  |TAMS 0x0000000757400000, 0x0000000757400000| Untracked 
| 676|0x0000000757600000, 0x0000000757600000, 0x0000000757800000|  0%| F|  |TAMS 0x0000000757600000, 0x0000000757600000| Untracked 
| 677|0x0000000757800000, 0x0000000757800000, 0x0000000757a00000|  0%| F|  |TAMS 0x0000000757800000, 0x0000000757800000| Untracked 
| 678|0x0000000757a00000, 0x0000000757a00000, 0x0000000757c00000|  0%| F|  |TAMS 0x0000000757a00000, 0x0000000757a00000| Untracked 
| 679|0x0000000757c00000, 0x0000000757c00000, 0x0000000757e00000|  0%| F|  |TAMS 0x0000000757c00000, 0x0000000757c00000| Untracked 
| 680|0x0000000757e00000, 0x0000000757e00000, 0x0000000758000000|  0%| F|  |TAMS 0x0000000757e00000, 0x0000000757e00000| Untracked 
| 681|0x0000000758000000, 0x0000000758000000, 0x0000000758200000|  0%| F|  |TAMS 0x0000000758000000, 0x0000000758000000| Untracked 
| 682|0x0000000758200000, 0x0000000758200000, 0x0000000758400000|  0%| F|  |TAMS 0x0000000758200000, 0x0000000758200000| Untracked 
| 683|0x0000000758400000, 0x0000000758400000, 0x0000000758600000|  0%| F|  |TAMS 0x0000000758400000, 0x0000000758400000| Untracked 
| 684|0x0000000758600000, 0x0000000758600000, 0x0000000758800000|  0%| F|  |TAMS 0x0000000758600000, 0x0000000758600000| Untracked 
| 685|0x0000000758800000, 0x0000000758800000, 0x0000000758a00000|  0%| F|  |TAMS 0x0000000758800000, 0x0000000758800000| Untracked 
| 686|0x0000000758a00000, 0x0000000758a00000, 0x0000000758c00000|  0%| F|  |TAMS 0x0000000758a00000, 0x0000000758a00000| Untracked 
| 687|0x0000000758c00000, 0x0000000758c00000, 0x0000000758e00000|  0%| F|  |TAMS 0x0000000758c00000, 0x0000000758c00000| Untracked 
| 688|0x0000000758e00000, 0x0000000758e00000, 0x0000000759000000|  0%| F|  |TAMS 0x0000000758e00000, 0x0000000758e00000| Untracked 
| 689|0x0000000759000000, 0x0000000759000000, 0x0000000759200000|  0%| F|  |TAMS 0x0000000759000000, 0x0000000759000000| Untracked 
| 690|0x0000000759200000, 0x0000000759200000, 0x0000000759400000|  0%| F|  |TAMS 0x0000000759200000, 0x0000000759200000| Untracked 
| 691|0x0000000759400000, 0x0000000759400000, 0x0000000759600000|  0%| F|  |TAMS 0x0000000759400000, 0x0000000759400000| Untracked 
| 692|0x0000000759600000, 0x0000000759600000, 0x0000000759800000|  0%| F|  |TAMS 0x0000000759600000, 0x0000000759600000| Untracked 
| 693|0x0000000759800000, 0x0000000759800000, 0x0000000759a00000|  0%| F|  |TAMS 0x0000000759800000, 0x0000000759800000| Untracked 
| 694|0x0000000759a00000, 0x0000000759a00000, 0x0000000759c00000|  0%| F|  |TAMS 0x0000000759a00000, 0x0000000759a00000| Untracked 
| 695|0x0000000759c00000, 0x0000000759c00000, 0x0000000759e00000|  0%| F|  |TAMS 0x0000000759c00000, 0x0000000759c00000| Untracked 
| 696|0x0000000759e00000, 0x0000000759e00000, 0x000000075a000000|  0%| F|  |TAMS 0x0000000759e00000, 0x0000000759e00000| Untracked 
| 697|0x000000075a000000, 0x000000075a000000, 0x000000075a200000|  0%| F|  |TAMS 0x000000075a000000, 0x000000075a000000| Untracked 
| 698|0x000000075a200000, 0x000000075a200000, 0x000000075a400000|  0%| F|  |TAMS 0x000000075a200000, 0x000000075a200000| Untracked 
| 699|0x000000075a400000, 0x000000075a400000, 0x000000075a600000|  0%| F|  |TAMS 0x000000075a400000, 0x000000075a400000| Untracked 
| 700|0x000000075a600000, 0x000000075a600000, 0x000000075a800000|  0%| F|  |TAMS 0x000000075a600000, 0x000000075a600000| Untracked 
| 701|0x000000075a800000, 0x000000075a800000, 0x000000075aa00000|  0%| F|  |TAMS 0x000000075a800000, 0x000000075a800000| Untracked 
| 702|0x000000075aa00000, 0x000000075aa00000, 0x000000075ac00000|  0%| F|  |TAMS 0x000000075aa00000, 0x000000075aa00000| Untracked 
| 703|0x000000075ac00000, 0x000000075ac00000, 0x000000075ae00000|  0%| F|  |TAMS 0x000000075ac00000, 0x000000075ac00000| Untracked 
| 704|0x000000075ae00000, 0x000000075ae00000, 0x000000075b000000|  0%| F|  |TAMS 0x000000075ae00000, 0x000000075ae00000| Untracked 
| 705|0x000000075b000000, 0x000000075b000000, 0x000000075b200000|  0%| F|  |TAMS 0x000000075b000000, 0x000000075b000000| Untracked 
| 706|0x000000075b200000, 0x000000075b200000, 0x000000075b400000|  0%| F|  |TAMS 0x000000075b200000, 0x000000075b200000| Untracked 
| 707|0x000000075b400000, 0x000000075b400000, 0x000000075b600000|  0%| F|  |TAMS 0x000000075b400000, 0x000000075b400000| Untracked 
| 708|0x000000075b600000, 0x000000075b600000, 0x000000075b800000|  0%| F|  |TAMS 0x000000075b600000, 0x000000075b600000| Untracked 
| 709|0x000000075b800000, 0x000000075b800000, 0x000000075ba00000|  0%| F|  |TAMS 0x000000075b800000, 0x000000075b800000| Untracked 
| 710|0x000000075ba00000, 0x000000075ba00000, 0x000000075bc00000|  0%| F|  |TAMS 0x000000075ba00000, 0x000000075ba00000| Untracked 
| 711|0x000000075bc00000, 0x000000075bc00000, 0x000000075be00000|  0%| F|  |TAMS 0x000000075bc00000, 0x000000075bc00000| Untracked 
| 712|0x000000075be00000, 0x000000075be00000, 0x000000075c000000|  0%| F|  |TAMS 0x000000075be00000, 0x000000075be00000| Untracked 
| 713|0x000000075c000000, 0x000000075c000000, 0x000000075c200000|  0%| F|  |TAMS 0x000000075c000000, 0x000000075c000000| Untracked 
| 714|0x000000075c200000, 0x000000075c200000, 0x000000075c400000|  0%| F|  |TAMS 0x000000075c200000, 0x000000075c200000| Untracked 
| 715|0x000000075c400000, 0x000000075c400000, 0x000000075c600000|  0%| F|  |TAMS 0x000000075c400000, 0x000000075c400000| Untracked 
| 716|0x000000075c600000, 0x000000075c600000, 0x000000075c800000|  0%| F|  |TAMS 0x000000075c600000, 0x000000075c600000| Untracked 
| 717|0x000000075c800000, 0x000000075c800000, 0x000000075ca00000|  0%| F|  |TAMS 0x000000075c800000, 0x000000075c800000| Untracked 
| 718|0x000000075ca00000, 0x000000075ca00000, 0x000000075cc00000|  0%| F|  |TAMS 0x000000075ca00000, 0x000000075ca00000| Untracked 
| 719|0x000000075cc00000, 0x000000075cc00000, 0x000000075ce00000|  0%| F|  |TAMS 0x000000075cc00000, 0x000000075cc00000| Untracked 
| 720|0x000000075ce00000, 0x000000075ce00000, 0x000000075d000000|  0%| F|  |TAMS 0x000000075ce00000, 0x000000075ce00000| Untracked 
| 721|0x000000075d000000, 0x000000075d000000, 0x000000075d200000|  0%| F|  |TAMS 0x000000075d000000, 0x000000075d000000| Untracked 
| 722|0x000000075d200000, 0x000000075d200000, 0x000000075d400000|  0%| F|  |TAMS 0x000000075d200000, 0x000000075d200000| Untracked 
| 723|0x000000075d400000, 0x000000075d400000, 0x000000075d600000|  0%| F|  |TAMS 0x000000075d400000, 0x000000075d400000| Untracked 
| 724|0x000000075d600000, 0x000000075d600000, 0x000000075d800000|  0%| F|  |TAMS 0x000000075d600000, 0x000000075d600000| Untracked 
| 725|0x000000075d800000, 0x000000075d800000, 0x000000075da00000|  0%| F|  |TAMS 0x000000075d800000, 0x000000075d800000| Untracked 
| 726|0x000000075da00000, 0x000000075da00000, 0x000000075dc00000|  0%| F|  |TAMS 0x000000075da00000, 0x000000075da00000| Untracked 
| 727|0x000000075dc00000, 0x000000075dc00000, 0x000000075de00000|  0%| F|  |TAMS 0x000000075dc00000, 0x000000075dc00000| Untracked 
| 728|0x000000075de00000, 0x000000075de00000, 0x000000075e000000|  0%| F|  |TAMS 0x000000075de00000, 0x000000075de00000| Untracked 
| 729|0x000000075e000000, 0x000000075e000000, 0x000000075e200000|  0%| F|  |TAMS 0x000000075e000000, 0x000000075e000000| Untracked 
| 730|0x000000075e200000, 0x000000075e200000, 0x000000075e400000|  0%| F|  |TAMS 0x000000075e200000, 0x000000075e200000| Untracked 
| 731|0x000000075e400000, 0x000000075e400000, 0x000000075e600000|  0%| F|  |TAMS 0x000000075e400000, 0x000000075e400000| Untracked 

Card table byte_map: [0x000001d1cba00000,0x000001d1cc1f0000] _byte_map_base: 0x000001d1c81e9000

Marking Bits (Prev, Next): (CMBitMap*) 0x000001d1b8857f60, (CMBitMap*) 0x000001d1b8857fa0
 Prev Bits: [0x000001d1cc9e0000, 0x000001d1d0928000)
 Next Bits: [0x000001d1d0930000, 0x000001d1d4878000)

Polling page: 0x000001d1b66b0000

Metaspace:

Usage:
  Non-class:    104.86 MB used.
      Class:     14.82 MB used.
       Both:    119.67 MB used.

Virtual space:
  Non-class space:      128.00 MB reserved,     105.75 MB ( 83%) committed,  2 nodes.
      Class space:        1.00 GB reserved,      15.56 MB (  2%) committed,  1 nodes.
             Both:        1.12 GB reserved,     121.31 MB ( 11%) committed. 

Chunk freelists:
   Non-Class:  6.30 MB
       Class:  256.00 KB
        Both:  6.55 MB

MaxMetaspaceSize: unlimited
CompressedClassSpaceSize: 1.00 GB
Initial GC threshold: 21.00 MB
Current GC threshold: 201.38 MB
CDS: off
MetaspaceReclaimPolicy: balanced
 - commit_granule_bytes: 65536.
 - commit_granule_words: 8192.
 - virtual_space_node_default_size: 8388608.
 - enlarge_chunks_in_place: 1.
 - new_chunks_are_fully_committed: 0.
 - uncommit_free_chunks: 1.
 - use_allocation_guard: 0.
 - handle_deallocations: 1.


Internal statistics:

num_allocs_failed_limit: 15.
num_arena_births: 3226.
num_arena_deaths: 174.
num_vsnodes_births: 3.
num_vsnodes_deaths: 0.
num_space_committed: 1995.
num_space_uncommitted: 55.
num_chunks_returned_to_freelist: 524.
num_chunks_taken_from_freelist: 8925.
num_chunk_merges: 134.
num_chunk_splits: 5233.
num_chunks_enlarged: 2676.
num_inconsistent_stats: 0.

CodeHeap 'non-profiled nmethods': size=120000Kb used=32965Kb max_used=32965Kb free=87034Kb
 bounds [0x000001d1c3790000, 0x000001d1c57d0000, 0x000001d1cacc0000]
CodeHeap 'profiled nmethods': size=120000Kb used=49324Kb max_used=50686Kb free=70675Kb
 bounds [0x000001d1bbcc0000, 0x000001d1bee50000, 0x000001d1c31f0000]
CodeHeap 'non-nmethods': size=5760Kb used=2424Kb max_used=2616Kb free=3335Kb
 bounds [0x000001d1c31f0000, 0x000001d1c3490000, 0x000001d1c3790000]
 total_blobs=27577 nmethods=26621 adapters=867
 compilation: enabled
              stopped_count=0, restarted_count=0
 full_count=0

Compilation events (20 events):
Event: 9150.881 Thread 0x000001d1d7730850 38103       3       com.sun.tools.javac.comp.Operators$OperatorHelper::<init> (33 bytes)
Event: 9150.881 Thread 0x000001d1d7730850 nmethod 38103 0x000001d1bc16d310 code [0x000001d1bc16d500, 0x000001d1bc16da18]
Event: 9150.881 Thread 0x000001d1d7730850 38104       3       com.sun.tools.javac.code.Types::instance (26 bytes)
Event: 9150.882 Thread 0x000001d1d7730850 nmethod 38104 0x000001d1be49ab90 code [0x000001d1be49ad60, 0x000001d1be49b098]
Event: 9150.883 Thread 0x000001d1d7730850 38105       3       org.gradle.internal.util.Trie$Builder::addWord (51 bytes)
Event: 9150.883 Thread 0x000001d1d7730850 nmethod 38105 0x000001d1be56d890 code [0x000001d1be56da80, 0x000001d1be56dee8]
Event: 9150.886 Thread 0x000001d1d772f3d0 nmethod 38099 0x000001d1c57bb810 code [0x000001d1c57bb9c0, 0x000001d1c57bc7f8]
Event: 9150.886 Thread 0x000001d1d772f3d0 38101       4       com.sun.tools.javac.util.Context::get (82 bytes)
Event: 9150.890 Thread 0x000001d1d772f3d0 nmethod 38101 0x000001d1c57bce10 code [0x000001d1c57bd000, 0x000001d1c57bd520]
Event: 9150.890 Thread 0x000001d1d772f3d0 38106       4       com.sun.tools.javac.tree.TreeMaker::NewClass (13 bytes)
Event: 9150.891 Thread 0x000001d1d7730850 38108       3       sun.nio.ch.Util$BufferCache::removeFirst (65 bytes)
Event: 9150.891 Thread 0x000001d1d7730850 nmethod 38108 0x000001d1bbfa7790 code [0x000001d1bbfa7940, 0x000001d1bbfa7cd8]
Event: 9150.891 Thread 0x000001d1d7730850 38109       3       sun.nio.ch.Util::free (13 bytes)
Event: 9150.891 Thread 0x000001d1d7730850 nmethod 38109 0x000001d1bd1f9b90 code [0x000001d1bd1f9d40, 0x000001d1bd1fa038]
Event: 9150.893 Thread 0x000001d1d7730850 38110       3       com.sun.tools.javac.tree.TreeMaker::Conditional (24 bytes)
Event: 9150.893 Thread 0x000001d1d772f3d0 nmethod 38106 0x000001d1c57bd990 code [0x000001d1c57bdb20, 0x000001d1c57bdfd8]
Event: 9150.893 Thread 0x000001d1d772f3d0 38107       4       com.sun.tools.javac.parser.JavacParser::parExpression (47 bytes)
Event: 9150.893 Thread 0x000001d1d7730850 nmethod 38110 0x000001d1be667410 code [0x000001d1be6675e0, 0x000001d1be667ad8]
Event: 9150.921 Thread 0x000001d1d772f3d0 nmethod 38107 0x000001d1c57be110 code [0x000001d1c57be440, 0x000001d1c57c0148]
Event: 9150.921 Thread 0x000001d1d772f3d0 38111       4       com.sun.tools.javac.parser.JavacParser::classCreatorRest (112 bytes)

GC Heap History (20 events):
Event: 9052.104 GC heap after
{Heap after GC invocations=152 (full 0):
 garbage-first heap   total 628736K, used 168436K [0x0000000702e00000, 0x0000000800000000)
  region size 2048K, 1 young (2048K), 1 survivors (2048K)
 Metaspace       used 120952K, committed 123264K, reserved 1179648K
  class space    used 15043K, committed 15936K, reserved 1048576K
}
Event: 9052.104 GC heap before
{Heap before GC invocations=152 (full 0):
 garbage-first heap   total 628736K, used 168436K [0x0000000702e00000, 0x0000000800000000)
  region size 2048K, 2 young (4096K), 1 survivors (2048K)
 Metaspace       used 120952K, committed 123264K, reserved 1179648K
  class space    used 15043K, committed 15936K, reserved 1048576K
}
Event: 9052.106 GC heap after
{Heap after GC invocations=153 (full 0):
 garbage-first heap   total 628736K, used 167056K [0x0000000702e00000, 0x0000000800000000)
  region size 2048K, 1 young (2048K), 1 survivors (2048K)
 Metaspace       used 120952K, committed 123264K, reserved 1179648K
  class space    used 15043K, committed 15936K, reserved 1048576K
}
Event: 9053.927 GC heap before
{Heap before GC invocations=154 (full 0):
 garbage-first heap   total 628736K, used 480400K [0x0000000702e00000, 0x0000000800000000)
  region size 2048K, 155 young (317440K), 1 survivors (2048K)
 Metaspace       used 121051K, committed 122688K, reserved 1179648K
  class space    used 15046K, committed 15808K, reserved 1048576K
}
Event: 9053.939 GC heap after
{Heap after GC invocations=155 (full 0):
 garbage-first heap   total 628736K, used 190165K [0x0000000702e00000, 0x0000000800000000)
  region size 2048K, 14 young (28672K), 14 survivors (28672K)
 Metaspace       used 121051K, committed 122688K, reserved 1179648K
  class space    used 15046K, committed 15808K, reserved 1048576K
}
Event: 9053.947 GC heap before
{Heap before GC invocations=155 (full 0):
 garbage-first heap   total 628736K, used 194261K [0x0000000702e00000, 0x0000000800000000)
  region size 2048K, 16 young (32768K), 14 survivors (28672K)
 Metaspace       used 121051K, committed 122688K, reserved 1179648K
  class space    used 15046K, committed 15808K, reserved 1048576K
}
Event: 9053.956 GC heap after
{Heap after GC invocations=156 (full 0):
 garbage-first heap   total 628736K, used 157869K [0x0000000702e00000, 0x0000000800000000)
  region size 2048K, 2 young (4096K), 2 survivors (4096K)
 Metaspace       used 121051K, committed 122688K, reserved 1179648K
  class space    used 15046K, committed 15808K, reserved 1048576K
}
Event: 9072.236 GC heap before
{Heap before GC invocations=156 (full 0):
 garbage-first heap   total 628736K, used 477357K [0x0000000702e00000, 0x0000000800000000)
  region size 2048K, 158 young (323584K), 2 survivors (4096K)
 Metaspace       used 121165K, committed 122752K, reserved 1179648K
  class space    used 15046K, committed 15808K, reserved 1048576K
}
Event: 9072.244 GC heap after
{Heap after GC invocations=157 (full 0):
 garbage-first heap   total 628736K, used 166337K [0x0000000702e00000, 0x0000000800000000)
  region size 2048K, 6 young (12288K), 6 survivors (12288K)
 Metaspace       used 121165K, committed 122752K, reserved 1179648K
  class space    used 15046K, committed 15808K, reserved 1048576K
}
Event: 9073.467 GC heap before
{Heap before GC invocations=158 (full 0):
 garbage-first heap   total 593920K, used 481729K [0x0000000702e00000, 0x0000000800000000)
  region size 2048K, 165 young (337920K), 6 survivors (12288K)
 Metaspace       used 122274K, committed 123904K, reserved 1179648K
  class space    used 15158K, committed 15936K, reserved 1048576K
}
Event: 9073.483 GC heap after
{Heap after GC invocations=159 (full 0):
 garbage-first heap   total 593920K, used 185021K [0x0000000702e00000, 0x0000000800000000)
  region size 2048K, 19 young (38912K), 19 survivors (38912K)
 Metaspace       used 122274K, committed 123904K, reserved 1179648K
  class space    used 15158K, committed 15936K, reserved 1048576K
}
Event: 9073.489 GC heap before
{Heap before GC invocations=159 (full 0):
 garbage-first heap   total 593920K, used 187069K [0x0000000702e00000, 0x0000000800000000)
  region size 2048K, 20 young (40960K), 19 survivors (38912K)
 Metaspace       used 122275K, committed 123904K, reserved 1179648K
  class space    used 15158K, committed 15936K, reserved 1048576K
}
Event: 9073.504 GC heap after
{Heap after GC invocations=160 (full 0):
 garbage-first heap   total 593920K, used 173581K [0x0000000702e00000, 0x0000000800000000)
  region size 2048K, 3 young (6144K), 3 survivors (6144K)
 Metaspace       used 122275K, committed 123904K, reserved 1179648K
  class space    used 15158K, committed 15936K, reserved 1048576K
}
Event: 9129.021 GC heap before
{Heap before GC invocations=160 (full 0):
 garbage-first heap   total 593920K, used 456205K [0x0000000702e00000, 0x0000000800000000)
  region size 2048K, 142 young (290816K), 3 survivors (6144K)
 Metaspace       used 122496K, committed 124096K, reserved 1179648K
  class space    used 15173K, committed 15936K, reserved 1048576K
}
Event: 9129.029 GC heap after
{Heap after GC invocations=161 (full 0):
 garbage-first heap   total 593920K, used 183695K [0x0000000702e00000, 0x0000000800000000)
  region size 2048K, 8 young (16384K), 8 survivors (16384K)
 Metaspace       used 122496K, committed 124096K, reserved 1179648K
  class space    used 15173K, committed 15936K, reserved 1048576K
}
Event: 9129.972 GC heap before
{Heap before GC invocations=162 (full 0):
 garbage-first heap   total 593920K, used 458127K [0x0000000702e00000, 0x0000000800000000)
  region size 2048K, 145 young (296960K), 8 survivors (16384K)
 Metaspace       used 122379K, committed 124032K, reserved 1179648K
  class space    used 15158K, committed 15936K, reserved 1048576K
}
Event: 9129.986 GC heap after
{Heap after GC invocations=163 (full 0):
 garbage-first heap   total 593920K, used 200989K [0x0000000702e00000, 0x0000000800000000)
  region size 2048K, 18 young (36864K), 18 survivors (36864K)
 Metaspace       used 122379K, committed 124032K, reserved 1179648K
  class space    used 15158K, committed 15936K, reserved 1048576K
}
Event: 9129.992 GC heap before
{Heap before GC invocations=163 (full 0):
 garbage-first heap   total 593920K, used 203037K [0x0000000702e00000, 0x0000000800000000)
  region size 2048K, 19 young (38912K), 18 survivors (36864K)
 Metaspace       used 122379K, committed 124032K, reserved 1179648K
  class space    used 15158K, committed 15936K, reserved 1048576K
}
Event: 9130.008 GC heap after
{Heap after GC invocations=164 (full 0):
 garbage-first heap   total 593920K, used 172812K [0x0000000702e00000, 0x0000000800000000)
  region size 2048K, 3 young (6144K), 3 survivors (6144K)
 Metaspace       used 122379K, committed 124032K, reserved 1179648K
  class space    used 15158K, committed 15936K, reserved 1048576K
}
Event: 9150.938 GC heap before
{Heap before GC invocations=164 (full 0):
 garbage-first heap   total 593920K, used 457484K [0x0000000702e00000, 0x0000000800000000)
  region size 2048K, 144 young (294912K), 3 survivors (6144K)
 Metaspace       used 122545K, committed 124224K, reserved 1179648K
  class space    used 15172K, committed 15936K, reserved 1048576K
}

Dll operation events (2 events):
Event: 0.028 Loaded shared library C:\Program Files\Android\Android Studio\jbr\bin\java.dll
Event: 0.365 Loaded shared library C:\Program Files\Android\Android Studio\jbr\bin\verify.dll

Deoptimization events (20 events):
Event: 9130.049 Thread 0x000001d1de7ddaa0 Uncommon trap: trap_request=0xffffffde fr.pc=0x000001d1c56d1064 relative=0x0000000000005464
Event: 9130.049 Thread 0x000001d1de7ddaa0 Uncommon trap: reason=class_check action=maybe_recompile pc=0x000001d1c56d1064 method=com.sun.tools.javac.jvm.Code.emitop2(IILcom/sun/tools/javac/jvm/PoolConstant;)V @ 448 c2
Event: 9130.049 Thread 0x000001d1de7ddaa0 DEOPT PACKING pc=0x000001d1c56d1064 sp=0x00000060d62f8a50
Event: 9130.049 Thread 0x000001d1de7ddaa0 DEOPT UNPACKING pc=0x000001d1c32469a3 sp=0x00000060d62f8a20 mode 2
Event: 9130.049 Thread 0x000001d1de7ddaa0 Uncommon trap: trap_request=0xffffffde fr.pc=0x000001d1c56d1064 relative=0x0000000000005464
Event: 9130.049 Thread 0x000001d1de7ddaa0 Uncommon trap: reason=class_check action=maybe_recompile pc=0x000001d1c56d1064 method=com.sun.tools.javac.jvm.Code.emitop2(IILcom/sun/tools/javac/jvm/PoolConstant;)V @ 448 c2
Event: 9130.049 Thread 0x000001d1de7ddaa0 DEOPT PACKING pc=0x000001d1c56d1064 sp=0x00000060d62f8a50
Event: 9130.049 Thread 0x000001d1de7ddaa0 DEOPT UNPACKING pc=0x000001d1c32469a3 sp=0x00000060d62f8a20 mode 2
Event: 9130.049 Thread 0x000001d1de7ddaa0 Uncommon trap: trap_request=0xffffffc6 fr.pc=0x000001d1c4feb870 relative=0x0000000000000210
Event: 9130.049 Thread 0x000001d1de7ddaa0 Uncommon trap: reason=bimorphic_or_optimized_type_check action=maybe_recompile pc=0x000001d1c4feb870 method=com.sun.tools.javac.code.Types$5.visitType(Lcom/sun/tools/javac/code/Type;Lcom/sun/tools/javac/code/Type;)Ljava/lang/Boolean; @ 145 c2
Event: 9130.049 Thread 0x000001d1de7ddaa0 DEOPT PACKING pc=0x000001d1c4feb870 sp=0x00000060d62f8900
Event: 9130.049 Thread 0x000001d1de7ddaa0 DEOPT UNPACKING pc=0x000001d1c32469a3 sp=0x00000060d62f8838 mode 2
Event: 9130.077 Thread 0x000001d1de7ddaa0 Uncommon trap: trap_request=0xffffff54 fr.pc=0x000001d1c56f4cbc relative=0x000000000000261c
Event: 9130.077 Thread 0x000001d1de7ddaa0 Uncommon trap: reason=speculate_null_assert action=make_not_entrant pc=0x000001d1c56f4cbc method=java.lang.String.valueOf(Ljava/lang/Object;)Ljava/lang/String; @ 1 c2
Event: 9130.077 Thread 0x000001d1de7ddaa0 DEOPT PACKING pc=0x000001d1c56f4cbc sp=0x00000060d62f8790
Event: 9130.077 Thread 0x000001d1de7ddaa0 DEOPT UNPACKING pc=0x000001d1c32469a3 sp=0x00000060d62f86a0 mode 2
Event: 9150.587 Thread 0x000001d1e1fd22d0 Uncommon trap: trap_request=0xffffffbe fr.pc=0x000001d1c5182b78 relative=0x00000000000009f8
Event: 9150.587 Thread 0x000001d1e1fd22d0 Uncommon trap: reason=profile_predicate action=maybe_recompile pc=0x000001d1c5182b78 method=com.google.common.collect.RegularImmutableMap.fromEntryArray(I[Ljava/util/Map$Entry;)Lcom/google/common/collect/ImmutableMap; @ 56 c2
Event: 9150.587 Thread 0x000001d1e1fd22d0 DEOPT PACKING pc=0x000001d1c5182b78 sp=0x00000060cc7f9730
Event: 9150.587 Thread 0x000001d1e1fd22d0 DEOPT UNPACKING pc=0x000001d1c32469a3 sp=0x00000060cc7f96d8 mode 2

Classes unloaded (20 events):
Event: 9129.091 Thread 0x000001d1d76aea00 Unloading class 0x0000000800f9fa58 'butterknife/OnLongClick'
Event: 9129.091 Thread 0x000001d1d76aea00 Unloading class 0x0000000800f9f838 'butterknife/OnItemSelected'
Event: 9129.091 Thread 0x000001d1d76aea00 Unloading class 0x0000000800f9f618 'butterknife/OnItemLongClick'
Event: 9129.091 Thread 0x000001d1d76aea00 Unloading class 0x0000000800f9f3f8 'butterknife/OnItemClick'
Event: 9129.091 Thread 0x000001d1d76aea00 Unloading class 0x0000000800f9f1d8 'butterknife/OnFocusChange'
Event: 9129.091 Thread 0x000001d1d76aea00 Unloading class 0x0000000800f9efb8 'butterknife/OnEditorAction'
Event: 9129.091 Thread 0x000001d1d76aea00 Unloading class 0x0000000800f9ed98 'butterknife/OnClick'
Event: 9129.091 Thread 0x000001d1d76aea00 Unloading class 0x0000000800f9eb78 'butterknife/OnCheckedChanged'
Event: 9129.091 Thread 0x000001d1d76aea00 Unloading class 0x0000000800f9e948 'com/squareup/javapoet/CodeBlock$Builder'
Event: 9129.091 Thread 0x000001d1d76aea00 Unloading class 0x0000000800f9e718 'com/squareup/javapoet/CodeBlock'
Event: 9129.091 Thread 0x000001d1d76aea00 Unloading class 0x0000000800f9e4f0 'com/squareup/javapoet/Util'
Event: 9129.091 Thread 0x000001d1d76aea00 Unloading class 0x0000000800f9e278 'com/squareup/javapoet/TypeVariableName'
Event: 9129.091 Thread 0x000001d1d76aea00 Unloading class 0x0000000800f9e000 'com/squareup/javapoet/ParameterizedTypeName'
Event: 9129.091 Thread 0x000001d1d76aea00 Unloading class 0x0000000800f9dba0 'com/squareup/javapoet/ArrayTypeName'
Event: 9129.091 Thread 0x000001d1d76aea00 Unloading class 0x0000000800f9d910 'com/squareup/javapoet/ClassName'
Event: 9129.091 Thread 0x000001d1d76aea00 Unloading class 0x0000000800f9d698 'com/squareup/javapoet/TypeName'
Event: 9129.091 Thread 0x000001d1d76aea00 Unloading class 0x0000000800f9d468 'butterknife/compiler/Id'
Event: 9129.091 Thread 0x000001d1d76aea00 Unloading class 0x0000000800f9d000 'butterknife/compiler/ButterKnifeProcessor$RScanner'
Event: 9129.091 Thread 0x000001d1d76aea00 Unloading class 0x0000000800f9cc00 'butterknife/compiler/ResourceBinding'
Event: 9129.091 Thread 0x000001d1d76aea00 Unloading class 0x0000000800f9c400 'butterknife/compiler/ButterKnifeProcessor'

Classes redefined (0 events):
No events

Internal exceptions (20 events):
Event: 9130.034 Thread 0x000001d1de7ddaa0 Exception <a 'sun/nio/fs/WindowsException'{0x000000075d83b3f0}> (0x000000075d83b3f0) 
thrown [s\src\hotspot\share\prims\jni.cpp, line 531]
Event: 9130.036 Thread 0x000001d1de7ddaa0 Exception <a 'sun/nio/fs/WindowsException'{0x000000075d863db0}> (0x000000075d863db0) 
thrown [s\src\hotspot\share\prims\jni.cpp, line 531]
Event: 9130.049 Thread 0x000001d1de7ddaa0 Exception <a 'sun/nio/fs/WindowsException'{0x0000000728273ea8}> (0x0000000728273ea8) 
thrown [s\src\hotspot\share\prims\jni.cpp, line 531]
Event: 9130.052 Thread 0x000001d1de7ddaa0 Exception <a 'sun/nio/fs/WindowsException'{0x00000007282d1b00}> (0x00000007282d1b00) 
thrown [s\src\hotspot\share\prims\jni.cpp, line 531]
Event: 9130.064 Thread 0x000001d1de7ddaa0 Exception <a 'sun/nio/fs/WindowsException'{0x0000000725c08290}> (0x0000000725c08290) 
thrown [s\src\hotspot\share\prims\jni.cpp, line 531]
Event: 9130.072 Thread 0x000001d1de7ddaa0 Exception <a 'sun/nio/fs/WindowsException'{0x0000000725dcc818}> (0x0000000725dcc818) 
thrown [s\src\hotspot\share\prims\jni.cpp, line 531]
Event: 9130.074 Thread 0x000001d1de7ddaa0 Exception <a 'sun/nio/fs/WindowsException'{0x0000000725a071f8}> (0x0000000725a071f8) 
thrown [s\src\hotspot\share\prims\jni.cpp, line 531]
Event: 9130.613 Thread 0x000001d1de7ddaa0 Exception <a 'java/lang/reflect/InvocationTargetException'{0x000000071be8dd30}> (0x000000071be8dd30) 
thrown [s\src\hotspot\share\runtime\reflection.cpp, line 1127]
Event: 9130.651 Thread 0x000001d1e1fd22d0 Exception <a 'sun/nio/fs/WindowsException'{0x000000071bb6ccf0}> (0x000000071bb6ccf0) 
thrown [s\src\hotspot\share\prims\jni.cpp, line 531]
Event: 9130.651 Thread 0x000001d1e1fd22d0 Exception <a 'sun/nio/fs/WindowsException'{0x000000071bb6d060}> (0x000000071bb6d060) 
thrown [s\src\hotspot\share\prims\jni.cpp, line 531]
Event: 9130.651 Thread 0x000001d1e1fd22d0 Exception <a 'sun/nio/fs/WindowsException'{0x000000071bb6e930}> (0x000000071bb6e930) 
thrown [s\src\hotspot\share\prims\jni.cpp, line 531]
Event: 9150.590 Thread 0x000001d1e1fd22d0 Exception <a 'sun/nio/fs/WindowsException'{0x0000000718fe6350}> (0x0000000718fe6350) 
thrown [s\src\hotspot\share\prims\jni.cpp, line 531]
Event: 9150.600 Thread 0x000001d1e1fd22d0 Exception <a 'java/lang/NoClassDefFoundError'{0x0000000718a97140}: org/jetbrains/kotlin/gradle/plugin/KotlinBasePluginWrapper> (0x0000000718a97140) 
thrown [s\src\hotspot\share\oops\constantPool.cpp, line 837]
Event: 9150.604 Thread 0x000001d1e1fd22d0 Exception <a 'sun/nio/fs/WindowsException'{0x0000000718bb6838}> (0x0000000718bb6838) 
thrown [s\src\hotspot\share\prims\jni.cpp, line 531]
Event: 9150.608 Thread 0x000001d1e1fd22d0 Exception <a 'sun/nio/fs/WindowsException'{0x000000071884c158}> (0x000000071884c158) 
thrown [s\src\hotspot\share\prims\jni.cpp, line 531]
Event: 9150.608 Thread 0x000001d1e1fd22d0 Exception <a 'sun/nio/fs/WindowsException'{0x000000071884d398}> (0x000000071884d398) 
thrown [s\src\hotspot\share\prims\jni.cpp, line 531]
Event: 9150.608 Thread 0x000001d1e1fd22d0 Exception <a 'sun/nio/fs/WindowsException'{0x000000071884e628}> (0x000000071884e628) 
thrown [s\src\hotspot\share\prims\jni.cpp, line 531]
Event: 9150.608 Thread 0x000001d1e1fd22d0 Exception <a 'sun/nio/fs/WindowsException'{0x000000071884f8b8}> (0x000000071884f8b8) 
thrown [s\src\hotspot\share\prims\jni.cpp, line 531]
Event: 9150.936 Thread 0x000001d1e2337e30 Exception <a 'sun/nio/fs/WindowsException'{0x00000007152912f0}> (0x00000007152912f0) 
thrown [s\src\hotspot\share\prims\jni.cpp, line 531]
Event: 9150.936 Thread 0x000001d1e2337e30 Exception <a 'sun/nio/fs/WindowsException'{0x0000000715291580}> (0x0000000715291580) 
thrown [s\src\hotspot\share\prims\jni.cpp, line 531]

VM Operations (20 events):
Event: 9129.029 Executing VM operation: G1CollectForAllocation done
Event: 9129.090 Executing VM operation: G1PauseRemark
Event: 9129.102 Executing VM operation: G1PauseRemark done
Event: 9129.102 Executing VM operation: HandshakeAllThreads
Event: 9129.103 Executing VM operation: HandshakeAllThreads done
Event: 9129.133 Executing VM operation: G1PauseCleanup
Event: 9129.133 Executing VM operation: G1PauseCleanup done
Event: 9129.168 Executing VM operation: HandshakeAllThreads
Event: 9129.168 Executing VM operation: HandshakeAllThreads done
Event: 9129.972 Executing VM operation: G1CollectForAllocation
Event: 9129.986 Executing VM operation: G1CollectForAllocation done
Event: 9129.992 Executing VM operation: G1CollectForAllocation
Event: 9130.008 Executing VM operation: G1CollectForAllocation done
Event: 9130.091 Executing VM operation: HandshakeAllThreads
Event: 9130.091 Executing VM operation: HandshakeAllThreads done
Event: 9131.098 Executing VM operation: Cleanup
Event: 9131.098 Executing VM operation: Cleanup done
Event: 9138.908 Executing VM operation: HandshakeAllThreads
Event: 9138.908 Executing VM operation: HandshakeAllThreads done
Event: 9150.938 Executing VM operation: G1TryInitiateConcMark

Events (20 events):
Event: 9150.564 Thread 0x000001d1de7d98d0 Thread added: 0x000001d1de7d98d0
Event: 9150.564 Thread 0x000001d1de7dd590 Thread added: 0x000001d1de7dd590
Event: 9150.564 Thread 0x000001d1de7d9de0 Thread added: 0x000001d1de7d9de0
Event: 9150.564 Thread 0x000001d1de7ddaa0 Thread added: 0x000001d1de7ddaa0
Event: 9150.564 Thread 0x000001d1de7da2f0 Thread added: 0x000001d1de7da2f0
Event: 9150.564 Thread 0x000001d1de7de9d0 Thread added: 0x000001d1de7de9d0
Event: 9150.564 Thread 0x000001d1de7deee0 Thread added: 0x000001d1de7deee0
Event: 9150.621 Thread 0x000001d1de7ddfb0 Thread added: 0x000001d1de7ddfb0
Event: 9150.621 Thread 0x000001d1de7df3f0 Thread added: 0x000001d1de7df3f0
Event: 9150.621 Thread 0x000001d1e2335fd0 Thread added: 0x000001d1e2335fd0
Event: 9150.621 Thread 0x000001d1e23369f0 Thread added: 0x000001d1e23369f0
Event: 9150.621 Thread 0x000001d1e23364e0 Thread added: 0x000001d1e23364e0
Event: 9150.621 Thread 0x000001d1e2336f00 Thread added: 0x000001d1e2336f00
Event: 9150.621 Thread 0x000001d1e2337410 Thread added: 0x000001d1e2337410
Event: 9150.621 Thread 0x000001d1e2337920 Thread added: 0x000001d1e2337920
Event: 9150.621 Thread 0x000001d1e2337e30 Thread added: 0x000001d1e2337e30
Event: 9150.621 Thread 0x000001d1e23350a0 Thread added: 0x000001d1e23350a0
Event: 9150.621 Thread 0x000001d1e2334680 Thread added: 0x000001d1e2334680
Event: 9150.622 Thread 0x000001d1e2338340 Thread added: 0x000001d1e2338340
Event: 9150.622 Thread 0x000001d1e2338850 Thread added: 0x000001d1e2338850


Dynamic libraries:
0x00007ff706350000 - 0x00007ff70635a000 	C:\Program Files\Android\Android Studio\jbr\bin\java.exe
0x00007ffb8bcc0000 - 0x00007ffb8bf26000 	C:\WINDOWS\SYSTEM32\ntdll.dll
0x00007ffb8afa0000 - 0x00007ffb8b069000 	C:\WINDOWS\System32\KERNEL32.DLL
0x00007ffb89570000 - 0x00007ffb8996a000 	C:\WINDOWS\System32\KERNELBASE.dll
0x00007ffb891c0000 - 0x00007ffb8930c000 	C:\WINDOWS\System32\ucrtbase.dll
0x00007ffb47940000 - 0x00007ffb47957000 	C:\Program Files\Android\Android Studio\jbr\bin\jli.dll
0x00007ffb8a170000 - 0x00007ffb8a337000 	C:\WINDOWS\System32\USER32.dll
0x00007ffb89540000 - 0x00007ffb89567000 	C:\WINDOWS\System32\win32u.dll
0x00007ffb8b0a0000 - 0x00007ffb8b0cb000 	C:\WINDOWS\System32\GDI32.dll
0x00007ffb89000000 - 0x00007ffb8912b000 	C:\WINDOWS\System32\gdi32full.dll
0x00007ffb5f9f0000 - 0x00007ffb5fc82000 	C:\WINDOWS\WinSxS\amd64_microsoft.windows.common-controls_6595b64144ccf1df_6.0.26100.8521_none_3e08b75ce33403b3\COMCTL32.dll
0x00007ffb88f50000 - 0x00007ffb88ff3000 	C:\WINDOWS\System32\msvcp_win.dll
0x00007ffb89ec0000 - 0x00007ffb89f69000 	C:\WINDOWS\System32\msvcrt.dll
0x00007ffb7ba50000 - 0x00007ffb7ba6b000 	C:\Program Files\Android\Android Studio\jbr\bin\VCRUNTIME140.dll
0x00007ffb89cf0000 - 0x00007ffb89d22000 	C:\WINDOWS\System32\IMM32.DLL
0x00007ffb7bfc0000 - 0x00007ffb7bfcc000 	C:\Program Files\Android\Android Studio\jbr\bin\vcruntime140_1.dll
0x00007ffb4f3b0000 - 0x00007ffb4f43d000 	C:\Program Files\Android\Android Studio\jbr\bin\msvcp140.dll
0x00007ffb24aa0000 - 0x00007ffb25723000 	C:\Program Files\Android\Android Studio\jbr\bin\server\jvm.dll
0x00007ffb89df0000 - 0x00007ffb89ea6000 	C:\WINDOWS\System32\ADVAPI32.dll
0x00007ffb89ab0000 - 0x00007ffb89b5a000 	C:\WINDOWS\System32\sechost.dll
0x00007ffb8bb60000 - 0x00007ffb8bc78000 	C:\WINDOWS\System32\RPCRT4.dll
0x00007ffb80310000 - 0x00007ffb8031a000 	C:\WINDOWS\SYSTEM32\WSOCK32.dll
0x00007ffb5fc90000 - 0x00007ffb5fcc6000 	C:\WINDOWS\SYSTEM32\WINMM.dll
0x00007ffb88db0000 - 0x00007ffb88e0e000 	C:\WINDOWS\SYSTEM32\POWRPROF.dll
0x00007ffb7fce0000 - 0x00007ffb7fceb000 	C:\WINDOWS\SYSTEM32\VERSION.dll
0x00007ffb8a0e0000 - 0x00007ffb8a160000 	C:\WINDOWS\System32\WS2_32.dll
0x00007ffb88d90000 - 0x00007ffb88da4000 	C:\WINDOWS\SYSTEM32\UMPDC.dll
0x00007ffb87ce0000 - 0x00007ffb87cfb000 	C:\WINDOWS\SYSTEM32\kernel.appcore.dll
0x00007ffb61d90000 - 0x00007ffb61d9a000 	C:\Program Files\Android\Android Studio\jbr\bin\jimage.dll
0x00007ffb866b0000 - 0x00007ffb868f2000 	C:\WINDOWS\SYSTEM32\DBGHELP.DLL
0x00007ffb8b1e0000 - 0x00007ffb8b563000 	C:\WINDOWS\System32\combase.dll
0x00007ffb8a000000 - 0x00007ffb8a0d9000 	C:\WINDOWS\System32\OLEAUT32.dll
0x00007ffb75040000 - 0x00007ffb7507b000 	C:\WINDOWS\SYSTEM32\dbgcore.DLL
0x00007ffb89490000 - 0x00007ffb89538000 	C:\WINDOWS\System32\bcryptPrimitives.dll
0x00007ffb61b10000 - 0x00007ffb61b35000 	C:\Program Files\Android\Android Studio\jbr\bin\java.dll
0x00007ffb61af0000 - 0x00007ffb61b08000 	C:\Program Files\Android\Android Studio\jbr\bin\zip.dll
0x00007ffb8a340000 - 0x00007ffb8aac4000 	C:\WINDOWS\System32\SHELL32.dll
0x00007ffb86b30000 - 0x00007ffb873b0000 	C:\WINDOWS\SYSTEM32\windows.storage.dll
0x00007ffb89bf0000 - 0x00007ffb89ce6000 	C:\WINDOWS\System32\SHCORE.dll
0x00007ffb8ab20000 - 0x00007ffb8ab87000 	C:\WINDOWS\System32\shlwapi.dll
0x00007ffb88e70000 - 0x00007ffb88e99000 	C:\WINDOWS\SYSTEM32\profapi.dll
0x00007ffb61ad0000 - 0x00007ffb61ae9000 	C:\Program Files\Android\Android Studio\jbr\bin\net.dll
0x00007ffb817c0000 - 0x00007ffb818e9000 	C:\WINDOWS\SYSTEM32\WINHTTP.dll
0x00007ffb88250000 - 0x00007ffb882bc000 	C:\WINDOWS\system32\mswsock.dll
0x00007ffb61ab0000 - 0x00007ffb61ac6000 	C:\Program Files\Android\Android Studio\jbr\bin\nio.dll
0x00007ffb4e350000 - 0x00007ffb4e360000 	C:\Program Files\Android\Android Studio\jbr\bin\verify.dll
0x00007ffb4f440000 - 0x00007ffb4f467000 	C:\Users\crepo\.gradle\native\e1d6ef7f7dcc3fd88c89a11ec53ec762bb8ba0a96d01ffa2cd45eb1d1d8dd5c5\windows-amd64\native-platform.dll
0x00007ffb372f0000 - 0x00007ffb37434000 	C:\Users\crepo\.gradle\native\5664cfc778a61ccfe75a443a1ab52a65af34e5dc3c78e0209fed803814484fcb\windows-amd64\native-platform-file-events.dll
0x00007ffb53730000 - 0x00007ffb53739000 	C:\Program Files\Android\Android Studio\jbr\bin\management.dll
0x00007ffb53270000 - 0x00007ffb5327b000 	C:\Program Files\Android\Android Studio\jbr\bin\management_ext.dll
0x00007ffb8b0d0000 - 0x00007ffb8b0d8000 	C:\WINDOWS\System32\PSAPI.DLL
0x00007ffb88530000 - 0x00007ffb8854b000 	C:\WINDOWS\SYSTEM32\CRYPTSP.dll
0x00007ffb87c40000 - 0x00007ffb87c79000 	C:\WINDOWS\system32\rsaenh.dll
0x00007ffb88300000 - 0x00007ffb88333000 	C:\WINDOWS\SYSTEM32\USERENV.dll
0x00007ffb88e40000 - 0x00007ffb88e6a000 	C:\WINDOWS\SYSTEM32\bcrypt.dll
0x00007ffb88550000 - 0x00007ffb8855c000 	C:\WINDOWS\SYSTEM32\CRYPTBASE.dll
0x00007ffb876e0000 - 0x00007ffb87713000 	C:\WINDOWS\SYSTEM32\IPHLPAPI.DLL
0x00007ffb8ab90000 - 0x00007ffb8ab9a000 	C:\WINDOWS\System32\NSI.dll
0x00007ffb82090000 - 0x00007ffb820ad000 	C:\WINDOWS\SYSTEM32\dhcpcsvc6.DLL
0x00007ffb82060000 - 0x00007ffb82085000 	C:\WINDOWS\SYSTEM32\dhcpcsvc.DLL
0x00007ffb87720000 - 0x00007ffb8786a000 	C:\WINDOWS\SYSTEM32\DNSAPI.dll
0x00007ffb88070000 - 0x00007ffb8807d000 	C:\WINDOWS\SYSTEM32\DSPARSE.dll
0x00007ffb61190000 - 0x00007ffb61199000 	C:\Program Files\Android\Android Studio\jbr\bin\extnet.dll
0x00007ffb40cf0000 - 0x00007ffb40cf8000 	C:\WINDOWS\system32\wshunix.dll
0x00007ffb85d40000 - 0x00007ffb85de0000 	C:\WINDOWS\system32\apphelp.dll

dbghelp: loaded successfully - version: 4.0.5 - missing functions: none
symbol engine: initialized successfully - sym options: 0x614 - pdb path: .;C:\Program Files\Android\Android Studio\jbr\bin;C:\WINDOWS\SYSTEM32;C:\WINDOWS\WinSxS\amd64_microsoft.windows.common-controls_6595b64144ccf1df_6.0.26100.8521_none_3e08b75ce33403b3;C:\Program Files\Android\Android Studio\jbr\bin\server;C:\Users\crepo\.gradle\native\e1d6ef7f7dcc3fd88c89a11ec53ec762bb8ba0a96d01ffa2cd45eb1d1d8dd5c5\windows-amd64;C:\Users\crepo\.gradle\native\5664cfc778a61ccfe75a443a1ab52a65af34e5dc3c78e0209fed803814484fcb\windows-amd64

VM Arguments:
jvm_args: --add-opens=java.base/java.io=ALL-UNNAMED --add-exports=jdk.compiler/com.sun.tools.javac.tree=ALL-UNNAMED --add-exports=jdk.compiler/com.sun.tools.javac.code=ALL-UNNAMED --add-exports=jdk.compiler/com.sun.tools.javac.util=ALL-UNNAMED --add-opens=java.base/java.util=ALL-UNNAMED --add-opens=java.base/java.lang=ALL-UNNAMED --add-opens=java.base/java.lang.invoke=ALL-UNNAMED --add-opens=java.base/java.util=ALL-UNNAMED --add-opens=java.prefs/java.util.prefs=ALL-UNNAMED --add-opens=java.prefs/java.util.prefs=ALL-UNNAMED --add-opens=java.base/java.nio.charset=ALL-UNNAMED --add-opens=java.base/java.net=ALL-UNNAMED --add-opens=java.base/java.util.concurrent.atomic=ALL-UNNAMED -Dfile.encoding=windows-1252 -Duser.country=US -Duser.language=en -Duser.variant 
java_command: org.gradle.launcher.daemon.bootstrap.GradleDaemon 7.2
java_class_path (initial): C:\Users\crepo\.gradle\wrapper\dists\gradle-7.2-bin\2dnblmf4td7x66yl1d74lt32g\gradle-7.2\lib\gradle-launcher-7.2.jar
Launcher Type: SUN_STANDARD

[Global flags]
     intx CICompilerCount                          = 4                                         {product} {ergonomic}
     uint ConcGCThreads                            = 3                                         {product} {ergonomic}
     uint G1ConcRefinementThreads                  = 10                                        {product} {ergonomic}
   size_t G1HeapRegionSize                         = 2097152                                   {product} {ergonomic}
    uintx GCDrainStackTargetSize                   = 64                                        {product} {ergonomic}
   size_t InitialHeapSize                          = 266338304                                 {product} {ergonomic}
   size_t MarkStackSize                            = 4194304                                   {product} {ergonomic}
   size_t MaxHeapSize                              = 4246732800                                {product} {ergonomic}
   size_t MaxNewSize                               = 2548039680                                {product} {ergonomic}
   size_t MinHeapDeltaBytes                        = 2097152                                   {product} {ergonomic}
   size_t MinHeapSize                              = 8388608                                   {product} {ergonomic}
    uintx NonNMethodCodeHeapSize                   = 5839372                                {pd product} {ergonomic}
    uintx NonProfiledCodeHeapSize                  = 122909434                              {pd product} {ergonomic}
    uintx ProfiledCodeHeapSize                     = 122909434                              {pd product} {ergonomic}
    uintx ReservedCodeCacheSize                    = 251658240                              {pd product} {ergonomic}
     bool SegmentedCodeCache                       = true                                      {product} {ergonomic}
   size_t SoftMaxHeapSize                          = 4246732800                             {manageable} {ergonomic}
     bool UseCompressedClassPointers               = true                           {product lp64_product} {ergonomic}
     bool UseCompressedOops                        = true                           {product lp64_product} {ergonomic}
     bool UseG1GC                                  = true                                      {product} {ergonomic}
     bool UseLargePagesIndividualAllocation        = false                                  {pd product} {ergonomic}

Logging:
Log output configuration:
 #0: stdout all=warning uptime,level,tags
 #1: stderr all=off uptime,level,tags

Environment Variables:
PATH=C:\Program Files\Common Files\Oracle\Java\javapath;C:\Windows\system32;C:\Windows;C:\Windows\System32\Wbem;C:\Windows\System32\WindowsPowerShell\v1.0\;C:\Windows\System32\OpenSSH\;C:\Program Files (x86)\NVIDIA Corporation\PhysX\Common;C:\Program Files\NVIDIA Corporation\NVIDIA NvDLISR;C:\WINDOWS\system32;C:\WINDOWS;C:\WINDOWS\System32\Wbem;C:\WINDOWS\System32\WindowsPowerShell\v1.0\;C:\WINDOWS\System32\OpenSSH\;C:\Program Files\Git\cmd;C:\Program Files\Microsoft SQL Server\150\Tools\Binn\;C:\Program Files\Microsoft SQL Server\Client SDK\ODBC\170\Tools\Binn\;C:\Program Files\dotnet\;C:\Users\crepo\AppData\Local\Microsoft\WindowsApps;C:\Users\crepo\AppData\Local\Programs\Microsoft VS Code\bin;C:\Users\crepo\.dotnet\tools
USERNAME=crepo
OS=Windows_NT
PROCESSOR_IDENTIFIER=Intel64 Family 6 Model 158 Stepping 10, GenuineIntel
TMP=C:\Users\crepo\AppData\Local\Temp
TEMP=C:\Users\crepo\AppData\Local\Temp



Periodic native trim disabled

JNI global refs:
JNI global refs: 26, weak refs: 2

JNI global refs memory usage: 843, weak refs: 841

Process memory usage:
Resident Set Size: 953424K (5% of 16585048K total physical memory with 856616K free physical memory)

OOME stack traces (most recent first):
Classloader memory used:
Loader org.gradle.internal.classloader.VisitableURLClassLoader                         : 4509K
Loader org.gradle.internal.classloader.VisitableURLClassLoader                         : 3933K
Loader bootstrap                                                                       : 3254K
Loader jdk.internal.loader.ClassLoaders$AppClassLoader                                 : 1449K
Loader org.gradle.initialization.MixInLegacyTypesClassLoader                           : 1311K
Loader jdk.internal.reflect.DelegatingClassLoader                                      : 441K
Loader java.net.URLClassLoader                                                         : 283K
Loader jdk.internal.loader.ClassLoaders$PlatformClassLoader                            : 109K
Loader org.gradle.groovy.scripts.internal.DefaultScriptCompilationHandler$ScriptClassLoader: 24037B
Loader org.codehaus.groovy.runtime.callsite.CallSiteClassLoader                        : 1425B
Loader sun.reflect.misc.MethodUtil                                                     : 519B

Classes loaded by more than one classloader:
Class com.google.common.collect.ImmutableMapEntry$NonTerminalImmutableMapEntry        : loaded 4 times (x 83B)
Class com.google.common.collect.ImmutableAsList                                       : loaded 4 times (x 166B)
Class com.google.common.collect.Iterators$MergingIterator                             : loaded 4 times (x 79B)
Class com.google.common.collect.ImmutableMapEntry                                     : loaded 4 times (x 83B)
Class com.google.common.collect.ImmutableSet                                          : loaded 4 times (x 142B)
Class com.google.common.collect.ImmutableBiMap                                        : loaded 4 times (x 142B)
Class com.google.common.collect.ImmutableMap$MapViewOfValuesAsSingletonSets           : loaded 4 times (x 123B)
Class com.google.common.collect.ImmutableSet$Builder                                  : loaded 4 times (x 85B)
Class com.google.common.collect.ImmutableList$Builder                                 : loaded 4 times (x 77B)
Class com.google.common.collect.AbstractMapEntry                                      : loaded 4 times (x 79B)
Class com.google.common.collect.AbstractIterator                                      : loaded 4 times (x 80B)
Class com.google.common.collect.SingletonImmutableList                                : loaded 4 times (x 164B)
Class com.google.common.collect.ImmutableCollection$Builder                           : loaded 4 times (x 74B)
Class com.google.common.collect.Iterables                                             : loaded 4 times (x 69B)
Class com.google.common.collect.ImmutableMap$1                                        : loaded 4 times (x 79B)
Class com.google.common.collect.ImmutableList$SubList                                 : loaded 4 times (x 165B)
Class com.google.common.collect.Iterators                                             : loaded 4 times (x 69B)
Class com.google.common.collect.SingletonImmutableSet                                 : loaded 4 times (x 143B)
Class com.google.common.collect.ImmutableBiMapFauxverideShim                          : loaded 4 times (x 118B)
Class com.google.common.collect.ImmutableMapEntrySet                                  : loaded 4 times (x 146B)
Class com.google.common.collect.PeekingIterator                                       : loaded 4 times (x 68B)
Class com.google.common.collect.RegularImmutableAsList                                : loaded 4 times (x 170B)
Class com.google.common.collect.RegularImmutableList                                  : loaded 4 times (x 166B)
Class com.google.common.collect.ImmutableMapEntrySet$RegularEntrySet                  : loaded 4 times (x 146B)
Class com.google.common.collect.ImmutableList$1                                       : loaded 4 times (x 95B)
Class com.google.common.collect.UnmodifiableListIterator                              : loaded 4 times (x 93B)
Class com.google.common.collect.AbstractIndexedListIterator                           : loaded 4 times (x 94B)
Class com.google.common.collect.RegularImmutableMap                                   : loaded 4 times (x 119B)
Class com.google.common.collect.CollectPreconditions                                  : loaded 4 times (x 69B)
Class com.google.common.collect.RegularImmutableMap$KeySet                            : loaded 4 times (x 145B)
Class com.google.common.collect.Iterators$9                                           : loaded 4 times (x 79B)
Class com.google.common.base.Function                                                 : loaded 4 times (x 68B)
Class com.google.common.collect.ImmutableEntry                                        : loaded 4 times (x 80B)
Class com.google.common.base.Preconditions                                            : loaded 4 times (x 69B)
Class com.google.common.collect.Iterators$5                                           : loaded 4 times (x 80B)
Class com.google.common.collect.Iterators$4                                           : loaded 4 times (x 79B)
Class com.google.common.collect.Iterators$1                                           : loaded 4 times (x 79B)
Class com.google.common.collect.ImmutableList                                         : loaded 4 times (x 163B)
Class com.google.common.collect.Iterators$10                                          : loaded 4 times (x 79B)
Class com.google.common.collect.ObjectArrays                                          : loaded 4 times (x 69B)
Class com.google.common.collect.ImmutableList$ReverseImmutableList                    : loaded 4 times (x 165B)
Class com.google.common.collect.RegularImmutableMap$Values                            : loaded 4 times (x 164B)
Class com.google.common.collect.ImmutableCollection                                   : loaded 4 times (x 120B)
Class com.google.common.collect.Multimap                                              : loaded 4 times (x 68B)
Class com.google.common.collect.Hashing                                               : loaded 4 times (x 69B)
Class com.google.common.collect.UnmodifiableIterator                                  : loaded 4 times (x 78B)
Class com.google.common.collect.SetMultimap                                           : loaded 4 times (x 68B)
Class com.google.common.collect.BiMap                                                 : loaded 4 times (x 68B)
Class com.google.common.collect.RegularImmutableSet                                   : loaded 4 times (x 143B)
Class com.google.common.base.Predicate                                                : loaded 4 times (x 68B)
Class com.google.common.base.Equivalence                                              : loaded 4 times (x 80B)
Class com.google.common.collect.ImmutableMap                                          : loaded 4 times (x 118B)
Class com.google.common.collect.ImmutableMap$IteratorBasedImmutableMap                : loaded 4 times (x 123B)
Class com.google.common.collect.Iterators$ArrayItr                                    : loaded 4 times (x 95B)
Class butterknife.OnTextChanged                                                       : loaded 3 times (x 68B)
Class com.squareup.javapoet.Util                                                      : loaded 3 times (x 69B)
Class com.squareup.javapoet.TypeVariableName                                          : loaded 3 times (x 79B)
Class butterknife.OnItemClick                                                         : loaded 3 times (x 68B)
Class butterknife.compiler.ButterKnifeProcessor                                       : loaded 3 times (x 86B)
Class butterknife.OnCheckedChanged                                                    : loaded 3 times (x 68B)
Class [Lcom.google.common.collect.AbstractMapEntry;                                   : loaded 3 times (x 67B)
Class butterknife.OnItemSelected                                                      : loaded 3 times (x 68B)
Class butterknife.compiler.ResourceBinding                                            : loaded 3 times (x 68B)
Class butterknife.compiler.ButterKnifeProcessor$RScanner                              : loaded 3 times (x 141B)
Class com.squareup.javapoet.ArrayTypeName                                             : loaded 3 times (x 79B)
Class butterknife.OnClick                                                             : loaded 3 times (x 68B)
Class butterknife.OnEditorAction                                                      : loaded 3 times (x 68B)
Class com.squareup.javapoet.ParameterizedTypeName                                     : loaded 3 times (x 79B)
Class com.squareup.javapoet.ClassName                                                 : loaded 3 times (x 82B)
Class butterknife.OnItemLongClick                                                     : loaded 3 times (x 68B)
Class [Lcom.google.common.collect.ImmutableEntry;                                     : loaded 3 times (x 67B)
Class com.squareup.javapoet.TypeName                                                  : loaded 3 times (x 79B)
Class butterknife.OnFocusChange                                                       : loaded 3 times (x 68B)
Class [Lcom.google.common.collect.ImmutableMapEntry;                                  : loaded 3 times (x 67B)
Class butterknife.OnLongClick                                                         : loaded 3 times (x 68B)
Class butterknife.OnTouch                                                             : loaded 3 times (x 68B)
Class butterknife.OnPageChange                                                        : loaded 3 times (x 68B)
Class com.squareup.javapoet.CodeBlock                                                 : loaded 3 times (x 70B)
Class butterknife.compiler.Id                                                         : loaded 3 times (x 70B)
Class com.squareup.javapoet.CodeBlock$Builder                                         : loaded 3 times (x 70B)
Class com.google.common.cache.LocalCache$EntryFactory$2                               : loaded 2 times (x 81B)
Class com.google.common.cache.LocalCache$EntryFactory$3                               : loaded 2 times (x 81B)
Class com.google.common.cache.LocalCache$EntryFactory$4                               : loaded 2 times (x 81B)
Class com.google.common.cache.LocalCache$EntryFactory$5                               : loaded 2 times (x 81B)
Class com.google.common.cache.LocalCache$EntryFactory$6                               : loaded 2 times (x 81B)
Class com.google.common.reflect.TypeResolver$TypeVariableKey                          : loaded 2 times (x 70B)
Class com.google.common.cache.LocalCache$EntryFactory$7                               : loaded 2 times (x 81B)
Class com.google.common.cache.LocalCache$EntryFactory$8                               : loaded 2 times (x 81B)
Class com.google.common.base.Splitter                                                 : loaded 2 times (x 70B)
Class com.squareup.javapoet.AnnotationSpec$Builder                                    : loaded 2 times (x 70B)
Class com.squareup.javapoet.FieldSpec$Builder                                         : loaded 2 times (x 70B)
Class com.google.common.cache.LocalCache$StrongValueReference                         : loaded 2 times (x 88B)
Class org.gradle.internal.classloader.FilteringClassLoader                            : loaded 2 times (x 103B)
Class com.google.common.collect.AbstractMapBasedMultimap$WrappedCollection            : loaded 2 times (x 122B)
Class com.google.common.reflect.TypeResolver$TypeTable                                : loaded 2 times (x 71B)
Class com.google.auto.common.SuperficialValidation$1                                  : loaded 2 times (x 89B)
Class com.google.common.reflect.Invokable$MethodInvokable                             : loaded 2 times (x 120B)
Class [Lcom.google.common.cache.LocalCache$Strength;                                  : loaded 2 times (x 67B)
Class com.google.common.collect.AbstractRangeSet                                      : loaded 2 times (x 112B)
Class com.google.auto.common.Overrides$NativeOverrides                                : loaded 2 times (x 72B)
Class [Lnet.ltgt.gradle.incap.IncrementalAnnotationProcessorType;                     : loaded 2 times (x 67B)
Class com.google.common.collect.ExplicitOrdering                                      : loaded 2 times (x 113B)
Class com.google.common.collect.Maps$8                                                : loaded 2 times (x 80B)
Class com.google.common.collect.ImmutableSet$Indexed                                  : loaded 2 times (x 145B)
Class com.google.common.base.PatternCompiler                                          : loaded 2 times (x 68B)
Class [Lcom.google.common.cache.CacheBuilder$NullListener;                            : loaded 2 times (x 67B)
Class com.google.common.io.CharStreams$NullWriter                                     : loaded 2 times (x 97B)
Class com.google.common.base.CharMatcher$InRange                                      : loaded 2 times (x 109B)
Class com.google.common.collect.Maps$KeySet                                           : loaded 2 times (x 135B)
Class com.google.common.collect.ImmutableMultimap$EntryCollection                     : loaded 2 times (x 125B)
Class com.google.common.collect.Sets$SetView                                          : loaded 2 times (x 136B)
Class com.google.auto.common.MoreTypes$IsTypeOf                                       : loaded 2 times (x 99B)
Class com.google.common.collect.Lists                                                 : loaded 2 times (x 69B)
Class org.objectweb.asm.AnnotationWriter                                              : loaded 2 times (x 76B)
Class com.google.common.math.IntMath$1                                                : loaded 2 times (x 69B)
Class org.gradle.internal.classloader.ClassLoaderVisitor                              : loaded 2 times (x 74B)
Class org.objectweb.asm.Label                                                         : loaded 2 times (x 71B)
Class com.squareup.javapoet.AnnotationSpec                                            : loaded 2 times (x 70B)
Class com.google.common.cache.CacheBuilder$NullListener                               : loaded 2 times (x 80B)
Class com.google.common.collect.ImmutableMultimap                                     : loaded 2 times (x 145B)
Class com.google.common.math.MathPreconditions                                        : loaded 2 times (x 69B)
Class com.google.common.io.ByteStreams$1                                              : loaded 2 times (x 83B)
Class com.squareup.javapoet.WildcardTypeName                                          : loaded 2 times (x 79B)
Class org.gradle.internal.service.DefaultServiceLocator                               : loaded 2 times (x 81B)
Class org.gradle.internal.service.UnknownServiceException                             : loaded 2 times (x 81B)
Class com.google.common.util.concurrent.AbstractFuture$SynchronizedHelper             : loaded 2 times (x 74B)
Class com.google.common.collect.ArrayListMultimap                                     : loaded 2 times (x 170B)
Class com.google.common.base.Strings                                                  : loaded 2 times (x 69B)
Class com.google.common.io.Closer                                                     : loaded 2 times (x 76B)
Class com.google.common.cache.LocalCache$Values                                       : loaded 2 times (x 116B)
Class com.google.common.cache.CacheLoader$InvalidCacheLoadException                   : loaded 2 times (x 80B)
Class org.gradle.internal.classloader.DefaultClassLoaderFactory                       : loaded 2 times (x 80B)
Class com.google.auto.common.MoreTypes$TypeEquivalence                                : loaded 2 times (x 80B)
Class com.google.common.base.Stopwatch                                                : loaded 2 times (x 70B)
Class com.google.common.reflect.Types                                                 : loaded 2 times (x 69B)
Class com.google.common.base.Platform$JdkPatternCompiler                              : loaded 2 times (x 73B)
Class com.google.common.collect.Interners$InternerImpl                                : loaded 2 times (x 73B)
Class com.google.common.cache.LocalCache$LoadingValueReference                        : loaded 2 times (x 94B)
Class com.google.common.base.CharMatcher$SingleWidth                                  : loaded 2 times (x 110B)
Class butterknife.BindBitmap                                                          : loaded 2 times (x 68B)
Class com.google.common.collect.Maps$IteratorBasedAbstractMap                         : loaded 2 times (x 123B)
Class com.google.common.io.ByteStreams$LimitedInputStream                             : loaded 2 times (x 90B)
Class com.google.common.collect.NullsFirstOrdering                                    : loaded 2 times (x 113B)
Class com.google.common.collect.MapMakerInternalMap$AbstractStrongKeyEntry            : loaded 2 times (x 80B)
Class com.google.common.collect.ImmutableRangeSet$ComplementRanges                    : loaded 2 times (x 167B)
Class [Lcom.google.common.reflect.Types$ClassOwnership;                               : loaded 2 times (x 67B)
Class com.google.common.collect.NaturalOrdering                                       : loaded 2 times (x 113B)
Class com.google.common.base.JdkPattern                                               : loaded 2 times (x 73B)
Class com.google.common.primitives.Ints                                               : loaded 2 times (x 69B)
Class com.google.common.base.Optional                                                 : loaded 2 times (x 78B)
Class com.google.common.collect.ByFunctionOrdering                                    : loaded 2 times (x 113B)
Class butterknife.compiler.Parameter                                                  : loaded 2 times (x 70B)
Class [Lcom.google.common.cache.RemovalCause;                                         : loaded 2 times (x 67B)
Class com.google.common.base.FunctionalEquivalence                                    : loaded 2 times (x 81B)
Class org.objectweb.asm.AnnotationVisitor                                             : loaded 2 times (x 75B)
Class org.objectweb.asm.RecordComponentWriter                                         : loaded 2 times (x 76B)
Class com.google.common.cache.LocalCache$1                                            : loaded 2 times (x 87B)
Class com.google.common.cache.LocalCache$2                                            : loaded 2 times (x 140B)
Class com.google.common.collect.RegularImmutableBiMap                                 : loaded 2 times (x 147B)
Class org.gradle.internal.classloader.VisitableURLClassLoader$Spec                    : loaded 2 times (x 72B)
Class org.gradle.api.GradleException                                                  : loaded 2 times (x 80B)
Class com.google.common.base.CharMatcher$JavaLetterOrDigit                            : loaded 2 times (x 109B)
Class org.gradle.api.internal.classpath.ModuleRegistry                                : loaded 2 times (x 68B)
Class com.google.common.collect.ForwardingObject                                      : loaded 2 times (x 70B)
Class com.google.common.collect.CompoundOrdering                                      : loaded 2 times (x 113B)
Class com.google.common.reflect.TypeToken$1                                           : loaded 2 times (x 123B)
Class com.google.common.cache.CacheBuilder                                            : loaded 2 times (x 70B)
Class com.google.common.collect.RegularImmutableSortedSet                             : loaded 2 times (x 233B)
Class com.google.common.reflect.TypeToken$2                                           : loaded 2 times (x 123B)
Class org.objectweb.asm.ByteVector                                                    : loaded 2 times (x 76B)
Class com.google.common.collect.ImmutableRangeSet                                     : loaded 2 times (x 113B)
Class com.squareup.javapoet.LineWrapper                                               : loaded 2 times (x 70B)
Class com.google.common.base.PairwiseEquivalence                                      : loaded 2 times (x 81B)
Class com.google.common.base.Ticker                                                   : loaded 2 times (x 70B)
Class org.gradle.api.internal.ClassPathProvider                                       : loaded 2 times (x 68B)
Class com.google.common.base.CharMatcher$IsNot                                        : loaded 2 times (x 109B)
Class com.google.common.base.Ascii                                                    : loaded 2 times (x 69B)
Class org.objectweb.asm.ModuleWriter                                                  : loaded 2 times (x 79B)
Class org.gradle.internal.classloader.ClasspathUtil$1                                 : loaded 2 times (x 74B)
Class com.google.common.io.ByteSource$AsCharSource                                    : loaded 2 times (x 84B)
Class com.google.common.cache.LocalCache$WeakValueReference                           : loaded 2 times (x 95B)
Class com.google.common.collect.ImmutableEnumMap                                      : loaded 2 times (x 123B)
Class com.google.common.cache.LocalCache$EntryFactory$1                               : loaded 2 times (x 81B)
Class com.google.common.io.CharSource$AsByteSource                                    : loaded 2 times (x 83B)
Class com.squareup.javapoet.LineWrapper$FlushType                                     : loaded 2 times (x 77B)
Class com.google.auto.common.SuperficialValidation$2                                  : loaded 2 times (x 99B)
Class com.google.common.cache.AbstractCache$StatsCounter                              : loaded 2 times (x 68B)
Class org.objectweb.asm.FieldVisitor                                                  : loaded 2 times (x 74B)
Class com.squareup.javapoet.TypeSpec$Kind                                             : loaded 2 times (x 77B)
Class org.objectweb.asm.Symbol                                                        : loaded 2 times (x 71B)
Class com.google.common.reflect.TypeToken                                             : loaded 2 times (x 71B)
Class com.google.common.collect.Ordering                                              : loaded 2 times (x 112B)
Class com.google.common.cache.LocalCache$Strength$1                                   : loaded 2 times (x 79B)
Class com.google.common.collect.EmptyImmutableListMultimap                            : loaded 2 times (x 176B)
Class com.google.common.cache.LocalCache$Strength$2                                   : loaded 2 times (x 79B)
Class com.google.common.cache.LocalCache$Strength$3                                   : loaded 2 times (x 79B)
Class org.gradle.internal.classloader.ClassLoaderFactory                              : loaded 2 times (x 68B)
Class com.google.common.base.CharMatcher                                              : loaded 2 times (x 109B)
Class com.google.common.base.Absent                                                   : loaded 2 times (x 78B)
Class com.google.common.util.concurrent.AbstractFuture$Waiter                         : loaded 2 times (x 70B)
Class org.objectweb.asm.FieldWriter                                                   : loaded 2 times (x 75B)
Class com.google.common.util.concurrent.Uninterruptibles                              : loaded 2 times (x 69B)
Class com.google.common.collect.MapMakerInternalMap$InternalEntryHelper               : loaded 2 times (x 68B)
Class com.google.common.collect.Iterators$EmptyModifiableIterator                     : loaded 2 times (x 84B)
Class org.gradle.api.internal.classpath.ManifestUtil                                  : loaded 2 times (x 69B)
Class org.gradle.api.specs.Spec                                                       : loaded 2 times (x 68B)
Class com.google.common.collect.RangeSet                                              : loaded 2 times (x 68B)
Class com.google.common.cache.CacheLoader$UnsupportedLoadingOperationException        : loaded 2 times (x 80B)
Class build_cncnmb7uih3o01f70fekhngkt                                                 : loaded 2 times (x 178B)
Class com.google.common.base.CharMatcher$Whitespace                                   : loaded 2 times (x 110B)
Class com.google.auto.common.Overrides$ExplicitOverrides                              : loaded 2 times (x 74B)
Class com.google.common.util.concurrent.ListenableFuture                              : loaded 2 times (x 68B)
Class com.google.common.collect.MapMaker$Dummy                                        : loaded 2 times (x 77B)
Class com.google.common.io.CharSource$ConcatenatedCharSource                          : loaded 2 times (x 84B)
Class com.google.common.collect.BaseImmutableMultimap                                 : loaded 2 times (x 121B)
Class com.google.common.cache.LocalCache$StrongEntry                                  : loaded 2 times (x 106B)
Class com.google.common.collect.Lists$StringAsImmutableList                           : loaded 2 times (x 167B)
Class com.google.common.util.concurrent.AbstractFuture$UnsafeAtomicHelper             : loaded 2 times (x 74B)
Class com.google.common.io.ByteArrayDataOutput                                        : loaded 2 times (x 68B)
Class com.google.common.base.Joiner                                                   : loaded 2 times (x 77B)
Class com.google.common.base.Equivalence$Equals                                       : loaded 2 times (x 80B)
Class com.google.common.io.ByteSource$SlicedByteSource                                : loaded 2 times (x 83B)
Class org.gradle.api.Action                                                           : loaded 2 times (x 68B)
Class org.gradle.internal.IoActions                                                   : loaded 2 times (x 69B)
Class com.google.common.collect.ImmutableSortedSetFauxverideShim                      : loaded 2 times (x 145B)
Class com.google.common.collect.MapMakerInternalMap$StrongKeyDummyValueEntry$Helper   : loaded 2 times (x 77B)
Class com.google.common.collect.AllEqualOrdering                                      : loaded 2 times (x 112B)
Class [Lcom.squareup.javapoet.LineWrapper$FlushType;                                  : loaded 2 times (x 67B)
Class com.google.common.collect.ComparatorOrdering                                    : loaded 2 times (x 113B)
Class com.google.common.cache.ReferenceEntry                                          : loaded 2 times (x 68B)
Class com.google.common.cache.CacheBuilder$OneWeigher                                 : loaded 2 times (x 80B)
Class com.google.common.io.ByteSource$ConcatenatedByteSource                          : loaded 2 times (x 83B)
Class com.google.common.primitives.IntsMethodsForWeb                                  : loaded 2 times (x 69B)
Class com.google.common.collect.LexicographicalOrdering                               : loaded 2 times (x 113B)
Class com.google.common.collect.RangeGwtSerializationDependencies                     : loaded 2 times (x 69B)
Class butterknife.BindFont                                                            : loaded 2 times (x 68B)
Class com.google.common.collect.Maps                                                  : loaded 2 times (x 69B)
Class com.google.common.collect.AbstractMultimap                                      : loaded 2 times (x 121B)
Class butterknife.compiler.BindingSet$Builder                                         : loaded 2 times (x 70B)
Class com.google.common.base.CharMatcher$Digit                                        : loaded 2 times (x 110B)
Class com.google.common.collect.ImmutableMultimap$Builder                             : loaded 2 times (x 81B)
Class com.google.common.base.CharMatcher$None                                         : loaded 2 times (x 110B)
Class org.gradle.api.internal.classpath.EffectiveClassPath                            : loaded 2 times (x 88B)
Class com.google.common.base.CharMatcher$JavaDigit                                    : loaded 2 times (x 109B)
Class com.google.common.io.Files                                                      : loaded 2 times (x 69B)
Class com.google.common.cache.CacheLoader$FunctionToCacheLoader                       : loaded 2 times (x 73B)
Class com.google.common.cache.CacheBuilder$1                                          : loaded 2 times (x 83B)
Class com.google.common.collect.ListMultimap                                          : loaded 2 times (x 68B)
Class com.google.common.cache.CacheBuilder$2                                          : loaded 2 times (x 77B)
Class com.google.common.base.Splitter$Strategy                                        : loaded 2 times (x 68B)
Class com.google.common.cache.CacheBuilder$3                                          : loaded 2 times (x 70B)
Class com.google.common.io.CharStreams                                                : loaded 2 times (x 69B)
Class [Lcom.google.common.collect.MapMaker$Dummy;                                     : loaded 2 times (x 67B)
Class butterknife.compiler.MemberViewBinding                                          : loaded 2 times (x 68B)
Class [Lcom.google.common.cache.RemovalListener;                                      : loaded 2 times (x 67B)
Class com.google.common.collect.Interners                                             : loaded 2 times (x 69B)
Class com.google.auto.common.MoreElements                                             : loaded 2 times (x 69B)
Class com.google.common.collect.MapMakerInternalMap$Strength$1                        : loaded 2 times (x 78B)
Class org.gradle.internal.installation.CurrentGradleInstallation                      : loaded 2 times (x 71B)
Class com.google.common.collect.MapMakerInternalMap$Strength$2                        : loaded 2 times (x 78B)
Class org.gradle.internal.installation.CurrentGradleInstallationLocator               : loaded 2 times (x 69B)
Class [Lcom.google.common.cache.LocalCache$Segment;                                   : loaded 2 times (x 67B)
Class org.gradle.api.internal.classpath.Module                                        : loaded 2 times (x 68B)
Class com.google.common.base.Converter                                                : loaded 2 times (x 88B)
Class com.squareup.javapoet.FieldSpec                                                 : loaded 2 times (x 70B)
Class com.google.common.io.ByteSource$ByteArrayByteSource                             : loaded 2 times (x 83B)
Class com.google.common.collect.ImmutableSortedSet                                    : loaded 2 times (x 233B)
Class butterknife.compiler.BindingSet                                                 : loaded 2 times (x 74B)
Class com.google.common.base.Splitter$1$1                                             : loaded 2 times (x 84B)
Class com.google.common.collect.MapMakerInternalMap$Segment                           : loaded 2 times (x 140B)
Class com.squareup.javapoet.MethodSpec$Builder                                        : loaded 2 times (x 70B)
Class com.google.common.collect.ImmutableSet$JdkBackedSetBuilderImpl                  : loaded 2 times (x 74B)
Class com.google.common.reflect.Types$TypeVariableInvocationHandler                   : loaded 2 times (x 73B)
Class com.google.common.reflect.Types$ClassOwnership                                  : loaded 2 times (x 78B)
Class com.google.common.collect.ImmutableSet$RegularSetBuilderImpl                    : loaded 2 times (x 75B)
Class [Lorg.objectweb.asm.AnnotationWriter;                                           : loaded 2 times (x 67B)
Class org.gradle.internal.service.CachingServiceLocator                               : loaded 2 times (x 80B)
Class com.google.common.collect.ImmutableCollection$ArrayBasedBuilder                 : loaded 2 times (x 77B)
Class com.google.auto.common.MoreTypes$CastingTypeVisitor                             : loaded 2 times (x 100B)
Class com.google.common.collect.Sets$ImprovedAbstractSet                              : loaded 2 times (x 133B)
Class com.google.common.collect.AbstractMapBasedMultimap$AsMap                        : loaded 2 times (x 126B)
Class org.gradle.internal.classpath.DefaultClassPath                                  : loaded 2 times (x 88B)
Class com.google.common.collect.MapMakerInternalMap$1                                 : loaded 2 times (x 81B)
Class org.gradle.api.Transformer                                                      : loaded 2 times (x 68B)
Class build_cncnmb7uih3o01f70fekhngkt$_run_closure1                                   : loaded 2 times (x 134B)
Class com.google.common.util.concurrent.AbstractFuture$SetFuture                      : loaded 2 times (x 73B)
Class com.google.common.collect.CollectCollectors                                     : loaded 2 times (x 69B)
Class butterknife.compiler.ClasspathBindingSet                                        : loaded 2 times (x 74B)
Class com.google.common.io.Files$FileByteSource                                       : loaded 2 times (x 83B)
Class com.google.common.base.Splitter$SplittingIterator                               : loaded 2 times (x 82B)
Class com.google.common.collect.ImmutableMultisetGwtSerializationDependencies         : loaded 2 times (x 123B)
Class com.google.common.collect.ImmutableEnumSet                                      : loaded 2 times (x 146B)
Class com.google.common.reflect.TypeParameter                                         : loaded 2 times (x 70B)
Class com.google.common.collect.ImmutableListMultimap                                 : loaded 2 times (x 176B)
Class com.google.common.cache.LocalCache$LocalManualCache$1                           : loaded 2 times (x 73B)
Class com.google.common.reflect.Types$ClassOwnership$1LocalClass                      : loaded 2 times (x 69B)
Class com.google.common.collect.Lists$RandomAccessReverseList                         : loaded 2 times (x 160B)
Class [Lcom.google.common.cache.Weigher;                                              : loaded 2 times (x 67B)
Class [Lcom.google.common.collect.AbstractIterator$State;                             : loaded 2 times (x 67B)
Class org.objectweb.asm.SymbolTable$Entry                                             : loaded 2 times (x 72B)
Class [Lcom.google.common.cache.LocalCache$EntryFactory;                              : loaded 2 times (x 67B)
Class butterknife.BindArray                                                           : loaded 2 times (x 68B)
Class com.google.common.base.CharMatcher$Is                                           : loaded 2 times (x 109B)
Class com.google.common.collect.FluentIterable$3                                      : loaded 2 times (x 79B)
Class com.google.common.base.Platform                                                 : loaded 2 times (x 69B)
Class com.google.common.collect.FluentIterable$2                                      : loaded 2 times (x 79B)
Class butterknife.BindFloat                                                           : loaded 2 times (x 68B)
Class com.google.common.base.Suppliers$NonSerializableMemoizingSupplier               : loaded 2 times (x 77B)
Class build_ahg71ypmxuavhil6pdsjaeo8g$_run_closure1$_closure3                         : loaded 2 times (x 134B)
Class com.google.common.collect.ImmutableSetMultimap                                  : loaded 2 times (x 180B)
Class com.google.auto.common.MoreTypes$2                                              : loaded 2 times (x 69B)
Class butterknife.BindViews                                                           : loaded 2 times (x 68B)
Class com.google.common.reflect.Reflection                                            : loaded 2 times (x 69B)
Class com.google.common.collect.FluentIterable$1                                      : loaded 2 times (x 79B)
Class butterknife.BindInt                                                             : loaded 2 times (x 68B)
Class com.google.common.reflect.TypeResolver$TypeTable$1                              : loaded 2 times (x 71B)
Class com.squareup.javapoet.CodeWriter                                                : loaded 2 times (x 70B)
Class com.google.common.cache.CacheLoader                                             : loaded 2 times (x 72B)
Class org.gradle.api.internal.classpath.DefaultModuleRegistry                         : loaded 2 times (x 84B)
Class org.objectweb.asm.MethodTooLargeException                                       : loaded 2 times (x 81B)
Class com.google.common.collect.ImmutableSet$Indexed$1                                : loaded 2 times (x 169B)
Class com.google.common.reflect.Types$1                                               : loaded 2 times (x 82B)
Class com.google.common.cache.Cache                                                   : loaded 2 times (x 68B)
Class com.google.common.collect.Maps$EntrySet                                         : loaded 2 times (x 134B)
Class org.gradle.internal.classloader.SystemClassLoaderSpec                           : loaded 2 times (x 69B)
Class com.google.common.io.LineBuffer                                                 : loaded 2 times (x 73B)
Class com.google.common.util.concurrent.internal.InternalFutureFailureAccess          : loaded 2 times (x 70B)
Class com.google.common.io.CharSource$StringCharSource                                : loaded 2 times (x 84B)
Class com.google.common.base.Charsets                                                 : loaded 2 times (x 69B)
Class com.google.common.primitives.Ints$IntConverter                                  : loaded 2 times (x 88B)
Class com.google.common.cache.RemovalListener                                         : loaded 2 times (x 68B)
Class com.google.common.collect.Interners$InternerBuilder                             : loaded 2 times (x 74B)
Class com.google.common.reflect.Types$TypeVariableImpl                                : loaded 2 times (x 70B)
Class [Lcom.google.common.base.AbstractIterator$State;                                : loaded 2 times (x 67B)
Class com.google.common.collect.ImmutableMap$Builder                                  : loaded 2 times (x 78B)
Class com.google.common.io.LineReader$1                                               : loaded 2 times (x 73B)
Class com.google.common.base.AbstractIterator                                         : loaded 2 times (x 78B)
Class org.objectweb.asm.ClassWriter                                                   : loaded 2 times (x 102B)
Class com.google.common.collect.Range                                                 : loaded 2 times (x 85B)
Class com.google.common.base.AbstractIterator$1                                       : loaded 2 times (x 69B)
Class [Lcom.google.common.cache.CacheBuilder$OneWeigher;                              : loaded 2 times (x 67B)
Class com.google.common.io.FileWriteMode                                              : loaded 2 times (x 77B)
Class [Lbutterknife.compiler.Parameter;                                               : loaded 2 times (x 67B)
Class com.google.common.base.CharMatcher$1                                            : loaded 2 times (x 111B)
Class com.google.common.base.CharMatcher$Ascii                                        : loaded 2 times (x 110B)
Class com.google.common.cache.LocalCache$SoftValueReference                           : loaded 2 times (x 95B)
Class com.google.common.collect.ImmutableList$SerializedForm                          : loaded 2 times (x 71B)
Class org.gradle.api.UncheckedIOException                                             : loaded 2 times (x 80B)
Class com.google.common.base.CharMatcher$And                                          : loaded 2 times (x 110B)
Class com.google.common.reflect.Element                                               : loaded 2 times (x 100B)
Class [Lcom.google.common.io.FileWriteMode;                                           : loaded 2 times (x 67B)
Class com.google.common.io.Files$FileByteSink                                         : loaded 2 times (x 75B)
Class com.google.common.collect.IndexedImmutableSet                                   : loaded 2 times (x 148B)
Class com.google.common.base.ExtraObjectsMethodsForWeb                                : loaded 2 times (x 69B)
Class com.google.auto.common.MoreElements$TypeElementVisitor                          : loaded 2 times (x 91B)
Class com.google.common.collect.IndexedImmutableSet$1                                 : loaded 2 times (x 172B)
Class com.google.common.collect.AbstractListMultimap                                  : loaded 2 times (x 170B)
Class com.google.common.base.CharMatcher$Any                                          : loaded 2 times (x 110B)
Class com.google.common.cache.LocalCache$Strength                                     : loaded 2 times (x 79B)
Class com.google.common.collect.AbstractMapBasedMultimap$KeySet                       : loaded 2 times (x 135B)
Class com.google.common.collect.SortedIterable                                        : loaded 2 times (x 68B)
Class com.google.common.collect.ArrayListMultimapGwtSerializationDependencies         : loaded 2 times (x 170B)
Class com.google.common.base.CharMatcher$RangesMatcher                                : loaded 2 times (x 110B)
Class butterknife.OnItemSelected$Callback                                             : loaded 2 times (x 77B)
Class com.google.common.collect.AbstractMapBasedMultimap$RandomAccessWrappedList      : loaded 2 times (x 165B)
Class org.objectweb.asm.Handler                                                       : loaded 2 times (x 70B)
Class org.gradle.internal.classpath.ClassPath                                         : loaded 2 times (x 68B)
Class butterknife.compiler.BindingInformationProvider                                 : loaded 2 times (x 68B)
Class com.google.auto.common.SuperficialValidation$3                                  : loaded 2 times (x 103B)
Class com.google.common.cache.LocalCache$ValueReference                               : loaded 2 times (x 68B)
Class com.google.common.collect.CollectSpliterators                                   : loaded 2 times (x 69B)
Class com.google.common.io.Java8Compatibility                                         : loaded 2 times (x 69B)
Class org.gradle.internal.classloader.ClasspathUtil                                   : loaded 2 times (x 69B)
Class org.objectweb.asm.CurrentFrame                                                  : loaded 2 times (x 71B)
Class com.google.common.util.concurrent.AbstractFuture                                : loaded 2 times (x 93B)
Class com.google.common.reflect.TypeResolver                                          : loaded 2 times (x 70B)
Class com.google.common.base.Splitter$1                                               : loaded 2 times (x 75B)
Class com.google.common.collect.ReverseOrdering                                       : loaded 2 times (x 113B)
Class com.google.common.collect.TransformedListIterator                               : loaded 2 times (x 91B)
Class com.google.common.cache.LocalCache$ValueIterator                                : loaded 2 times (x 84B)
Class com.google.common.base.Ticker$1                                                 : loaded 2 times (x 70B)
Class com.google.common.collect.Maps$BiMapConverter                                   : loaded 2 times (x 88B)
Class org.gradle.api.internal.DefaultClassPathRegistry                                : loaded 2 times (x 74B)
Class com.google.common.collect.AbstractIterator$State                                : loaded 2 times (x 77B)
Class com.google.common.util.concurrent.AbstractFuture$Cancellation                   : loaded 2 times (x 70B)
Class [Lorg.objectweb.asm.Symbol;                                                     : loaded 2 times (x 67B)
Class com.google.common.collect.Interner                                              : loaded 2 times (x 68B)
Class com.google.common.collect.ImmutableSet$SetBuilderImpl                           : loaded 2 times (x 74B)
Class org.gradle.api.internal.classpath.DefaultModuleRegistry$DefaultModule           : loaded 2 times (x 84B)
Class com.google.common.io.LineReader                                                 : loaded 2 times (x 70B)
Class com.google.common.base.CharMatcher$JavaIsoControl                               : loaded 2 times (x 110B)
Class com.google.common.cache.CacheLoader$SupplierToCacheLoader                       : loaded 2 times (x 73B)
Class com.google.common.base.CharMatcher$BitSetMatcher                                : loaded 2 times (x 110B)
Class butterknife.Optional                                                            : loaded 2 times (x 68B)
Class com.google.common.base.CharMatcher$Or                                           : loaded 2 times (x 110B)
Class com.google.common.cache.RemovalCause$1                                          : loaded 2 times (x 78B)
Class com.google.common.cache.RemovalCause$2                                          : loaded 2 times (x 78B)
Class com.google.common.cache.RemovalCause$3                                          : loaded 2 times (x 78B)
Class com.google.common.cache.RemovalCause$4                                          : loaded 2 times (x 78B)
Class com.google.common.cache.RemovalCause$5                                          : loaded 2 times (x 78B)
Class com.google.common.base.Suppliers$SupplierOfInstance                             : loaded 2 times (x 77B)
Class org.objectweb.asm.RecordComponentVisitor                                        : loaded 2 times (x 75B)
Class com.google.common.reflect.Types$ClassOwnership$1                                : loaded 2 times (x 78B)
Class com.google.common.reflect.Invokable                                             : loaded 2 times (x 116B)
Class com.google.auto.common.SuperficialValidation                                    : loaded 2 times (x 69B)
Class com.google.common.reflect.Types$ClassOwnership$2                                : loaded 2 times (x 78B)
Class com.google.common.util.concurrent.AbstractFuture$Failure                        : loaded 2 times (x 70B)
Class com.google.common.reflect.Types$ClassOwnership$3                                : loaded 2 times (x 69B)
Class com.google.common.collect.ImmutableRangeSet$AsSet                               : loaded 2 times (x 233B)
Class com.google.common.cache.LocalCache$HashIterator                                 : loaded 2 times (x 84B)
Class butterknife.BindDrawable                                                        : loaded 2 times (x 68B)
Class com.google.common.base.CharMatcher$JavaLowerCase                                : loaded 2 times (x 109B)
Class com.google.common.cache.LocalCache$WriteThroughEntry                            : loaded 2 times (x 77B)
Class org.objectweb.asm.ClassTooLargeException                                        : loaded 2 times (x 81B)
Class com.google.auto.common.MoreElements$CastingElementVisitor                       : loaded 2 times (x 91B)
Class org.gradle.api.internal.classpath.UnknownModuleException                        : loaded 2 times (x 80B)
Class butterknife.BindDimen                                                           : loaded 2 times (x 68B)
Class com.google.common.collect.FluentIterable                                        : loaded 2 times (x 79B)
Class com.google.common.util.concurrent.AbstractFuture$Listener                       : loaded 2 times (x 70B)
Class com.google.common.collect.CollectSpliterators$1                                 : loaded 2 times (x 88B)
Class [Lbutterknife.internal.ListenerMethod;                                          : loaded 2 times (x 67B)
Class com.google.common.collect.Iterables$4                                           : loaded 2 times (x 79B)
Class org.objectweb.asm.Edge                                                          : loaded 2 times (x 70B)
Class com.google.common.collect.Maps$EntryTransformer                                 : loaded 2 times (x 68B)
Class org.objectweb.asm.Type                                                          : loaded 2 times (x 70B)
Class com.google.common.io.AppendableWriter                                           : loaded 2 times (x 98B)
Class butterknife.compiler.ViewBinding                                                : loaded 2 times (x 70B)
Class com.google.common.io.ByteArrayDataInput                                         : loaded 2 times (x 68B)
Class [Lorg.objectweb.asm.SymbolTable$Entry;                                          : loaded 2 times (x 67B)
Class com.google.common.reflect.Types$JavaVersion                                     : loaded 2 times (x 81B)
Class com.google.common.collect.SingletonImmutableBiMap                               : loaded 2 times (x 142B)
Class com.google.common.base.CommonPattern                                            : loaded 2 times (x 72B)
Class com.google.common.base.Suppliers$MemoizingSupplier                              : loaded 2 times (x 77B)
Class com.google.common.base.Suppliers                                                : loaded 2 times (x 69B)
Class com.squareup.javapoet.TypeSpec                                                  : loaded 2 times (x 70B)
Class [Lcom.google.common.collect.Iterators$EmptyModifiableIterator;                  : loaded 2 times (x 67B)
Class org.objectweb.asm.ClassVisitor                                                  : loaded 2 times (x 85B)
Class com.google.common.cache.LoadingCache                                            : loaded 2 times (x 68B)
Class org.gradle.internal.service.ServiceLookupException                              : loaded 2 times (x 80B)
Class com.google.common.collect.MapMakerInternalMap$StrongKeyDummyValueSegment        : loaded 2 times (x 140B)
Class org.gradle.cache.GlobalCache                                                    : loaded 2 times (x 68B)
Class [Lbutterknife.OnItemSelected$Callback;                                          : loaded 2 times (x 67B)
Class com.google.common.base.Present                                                  : loaded 2 times (x 79B)
Class butterknife.internal.ListenerClass                                              : loaded 2 times (x 68B)
Class butterknife.BindColor                                                           : loaded 2 times (x 68B)
Class com.google.common.base.CharMatcher$NegatedFastMatcher                           : loaded 2 times (x 111B)
Class [Lorg.gradle.api.internal.ClassPathProvider;                                    : loaded 2 times (x 67B)
Class com.google.common.util.concurrent.AbstractFuture$SafeAtomicHelper               : loaded 2 times (x 75B)
Class com.google.common.collect.ImmutableMultimap$Values                              : loaded 2 times (x 124B)
Class org.gradle.util.internal.GUtil                                                  : loaded 2 times (x 69B)
Class com.google.common.math.IntMath                                                  : loaded 2 times (x 69B)
Class [Lcom.google.common.reflect.Types$JavaVersion;                                  : loaded 2 times (x 67B)
Class [Lcom.squareup.javapoet.TypeName;                                               : loaded 2 times (x 67B)
Class org.gradle.internal.classloader.ClassLoaderSpec                                 : loaded 2 times (x 69B)
Class com.google.common.io.LineProcessor                                              : loaded 2 times (x 68B)
Class com.google.common.cache.LocalCache$AbstractReferenceEntry                       : loaded 2 times (x 105B)
Class com.google.common.io.CharSink                                                   : loaded 2 times (x 77B)
Class com.squareup.javapoet.LineWrapper$1                                             : loaded 2 times (x 69B)
Class org.gradle.internal.installation.GradleInstallation$1                           : loaded 2 times (x 73B)
Class org.objectweb.asm.Frame                                                         : loaded 2 times (x 71B)
Class com.google.common.cache.LocalCache$LocalManualCache                             : loaded 2 times (x 97B)
Class com.google.common.io.ByteSource                                                 : loaded 2 times (x 82B)
Class com.google.common.base.CharMatcher$Negated                                      : loaded 2 times (x 111B)
Class com.google.common.cache.CacheLoader$1                                           : loaded 2 times (x 73B)
Class [Lcom.google.common.collect.MapMakerInternalMap$Strength;                       : loaded 2 times (x 67B)
Class com.google.common.util.concurrent.AbstractFuture$TrustedFuture                  : loaded 2 times (x 95B)
Class com.google.common.cache.RemovalCause                                            : loaded 2 times (x 78B)
Class com.squareup.javapoet.ParameterSpec$Builder                                     : loaded 2 times (x 70B)
Class com.google.common.collect.MapMakerInternalMap$InternalEntry                     : loaded 2 times (x 68B)
Class org.gradle.api.internal.DefaultClassPathProvider                                : loaded 2 times (x 74B)
Class com.google.common.collect.Maps$ViewCachingAbstractMap                           : loaded 2 times (x 123B)
Class com.google.common.collect.Sets                                                  : loaded 2 times (x 69B)
Class butterknife.BindBool                                                            : loaded 2 times (x 68B)
Class butterknife.BindAnim                                                            : loaded 2 times (x 68B)
Class com.google.common.collect.MapMakerInternalMap                                   : loaded 2 times (x 159B)
Class com.google.common.base.CharMatcher$ForPredicate                                 : loaded 2 times (x 110B)
Class org.objectweb.asm.ModuleVisitor                                                 : loaded 2 times (x 78B)
Class com.google.common.base.MoreObjects                                              : loaded 2 times (x 69B)
Class com.google.common.collect.SortedMapDifference                                   : loaded 2 times (x 68B)
Class org.objectweb.asm.SymbolTable                                                   : loaded 2 times (x 70B)
Class butterknife.OnPageChange$Callback                                               : loaded 2 times (x 77B)
Class [Lorg.objectweb.asm.AnnotationVisitor;                                          : loaded 2 times (x 67B)
Class com.google.common.cache.CacheStats                                              : loaded 2 times (x 69B)
Class org.objectweb.asm.Attribute                                                     : loaded 2 times (x 75B)
Class org.gradle.internal.classloader.VisitableURLClassLoader                         : loaded 2 times (x 115B)
Class com.google.common.cache.LocalCache$LocalLoadingCache                            : loaded 2 times (x 132B)
Class com.google.common.io.CharSource$CharSequenceCharSource                          : loaded 2 times (x 84B)
Class com.google.common.base.Supplier                                                 : loaded 2 times (x 68B)
Class com.squareup.javapoet.ParameterSpec                                             : loaded 2 times (x 70B)
Class com.google.common.io.Closer$SuppressingSuppressor                               : loaded 2 times (x 72B)
Class com.google.common.collect.ImmutableMultimap$Keys                                : loaded 2 times (x 164B)
Class com.google.common.base.Objects                                                  : loaded 2 times (x 69B)
Class com.google.common.util.concurrent.AbstractFuture$AtomicHelper                   : loaded 2 times (x 74B)
Class org.gradle.internal.Cast                                                        : loaded 2 times (x 69B)
Class com.google.common.hash.PrimitiveSink                                            : loaded 2 times (x 68B)
Class com.google.common.cache.LocalCache$Segment                                      : loaded 2 times (x 152B)
Class com.google.common.collect.MapMakerInternalMap$Strength                          : loaded 2 times (x 78B)
Class com.google.common.io.CharSource$EmptyCharSource                                 : loaded 2 times (x 84B)
Class org.gradle.api.internal.ClassPathRegistry                                       : loaded 2 times (x 68B)
Class com.google.common.cache.LocalCache$EntryFactory                                 : loaded 2 times (x 81B)
Class com.google.common.collect.UsingToStringOrdering                                 : loaded 2 times (x 112B)
Class com.google.common.util.concurrent.UncheckedExecutionException                   : loaded 2 times (x 80B)
Class com.squareup.javapoet.JavaFile$1                                                : loaded 2 times (x 77B)
Class org.gradle.internal.classloader.ClassLoaderHierarchy                            : loaded 2 times (x 68B)
Class build_ahg71ypmxuavhil6pdsjaeo8g                                                 : loaded 2 times (x 178B)
Class com.squareup.javapoet.JavaFile$Builder                                          : loaded 2 times (x 70B)
Class build_ahg71ypmxuavhil6pdsjaeo8g$_run_closure1                                   : loaded 2 times (x 134B)
Class com.google.common.collect.Lists$ReverseList                                     : loaded 2 times (x 160B)
Class com.google.common.io.Closer$Suppressor                                          : loaded 2 times (x 68B)
Class com.google.auto.common.MoreTypes                                                : loaded 2 times (x 69B)
Class com.google.common.collect.AbstractMapBasedMultimap$WrappedList                  : loaded 2 times (x 165B)
Class [Lorg.objectweb.asm.Type;                                                       : loaded 2 times (x 67B)
Class com.google.auto.common.Overrides                                                : loaded 2 times (x 70B)
Class com.google.common.collect.MapMakerInternalMap$WeakValueReference                : loaded 2 times (x 68B)
Class com.google.common.collect.Lists$ReverseList$1                                   : loaded 2 times (x 97B)
Class com.google.common.base.AbstractIterator$State                                   : loaded 2 times (x 77B)
Class com.google.common.cache.Weigher                                                 : loaded 2 times (x 68B)
Class com.google.common.collect.MapMakerInternalMap$StrongValueEntry                  : loaded 2 times (x 68B)
Class com.google.auto.common.MoreTypes$ArrayTypeVisitor                               : loaded 2 times (x 100B)
Class com.google.common.base.CharMatcher$NamedFastMatcher                             : loaded 2 times (x 110B)
Class com.google.common.collect.AbstractMapBasedMultimap$AsMap$AsMapEntries           : loaded 2 times (x 136B)
Class org.gradle.internal.service.ServiceLocator                                      : loaded 2 times (x 68B)
Class com.google.common.collect.TransformedIterator                                   : loaded 2 times (x 78B)
Class com.squareup.javapoet.JavaFile                                                  : loaded 2 times (x 70B)
Class com.google.common.collect.ImmutableRangeSet$1                                   : loaded 2 times (x 169B)
Class com.google.common.util.concurrent.SettableFuture                                : loaded 2 times (x 95B)
Class com.google.common.io.Files$2                                                    : loaded 2 times (x 74B)
Class [Lcom.google.common.collect.MapMakerInternalMap$Segment;                        : loaded 2 times (x 67B)
Class com.google.common.reflect.Types$ParameterizedTypeImpl                           : loaded 2 times (x 79B)
Class [Lcom.squareup.javapoet.TypeSpec$Kind;                                          : loaded 2 times (x 67B)
Class com.google.common.io.ByteStreams                                                : loaded 2 times (x 69B)
Class com.google.common.base.CharMatcher$Invisible                                    : loaded 2 times (x 110B)
Class com.google.common.base.Joiner$1                                                 : loaded 2 times (x 78B)
Class com.google.common.collect.MapMaker                                              : loaded 2 times (x 70B)
Class com.google.common.base.Joiner$2                                                 : loaded 2 times (x 77B)
Class butterknife.OnTextChanged$Callback                                              : loaded 2 times (x 77B)
Class com.google.common.reflect.Types$JavaVersion$1                                   : loaded 2 times (x 81B)
Class com.google.common.collect.ImmutableMultiset                                     : loaded 2 times (x 161B)
Class com.google.common.base.CharMatcher$FastMatcher                                  : loaded 2 times (x 109B)
Class com.google.common.reflect.Types$JavaVersion$2                                   : loaded 2 times (x 81B)
Class com.google.common.reflect.Types$JavaVersion$3                                   : loaded 2 times (x 81B)
Class org.gradle.internal.classpath.DefaultClassPath$ImmutableUniqueList              : loaded 2 times (x 159B)
Class com.google.common.reflect.Types$JavaVersion$4                                   : loaded 2 times (x 81B)
Class com.google.common.reflect.Types$JavaVersion$5                                   : loaded 2 times (x 69B)
Class butterknife.compiler.ViewBinding$Builder                                        : loaded 2 times (x 70B)
Class com.google.common.base.CharMatcher$JavaLetter                                   : loaded 2 times (x 109B)
Class com.google.common.collect.ImmutableMultimap$1                                   : loaded 2 times (x 80B)
Class com.google.common.collect.ImmutableMultimap$2                                   : loaded 2 times (x 79B)
Class butterknife.BindString                                                          : loaded 2 times (x 68B)
Class butterknife.compiler.MethodViewBinding                                          : loaded 2 times (x 73B)
Class com.google.common.collect.MapDifference                                         : loaded 2 times (x 68B)
Class com.google.common.reflect.TypeToken$SimpleTypeToken                             : loaded 2 times (x 71B)
Class com.google.common.io.ByteSource$EmptyByteSource                                 : loaded 2 times (x 83B)
Class com.google.common.collect.Sets$1                                                : loaded 2 times (x 137B)
Class com.google.common.collect.Sets$2                                                : loaded 2 times (x 137B)
Class com.google.common.util.concurrent.AbstractFuture$Trusted                        : loaded 2 times (x 68B)
Class butterknife.compiler.FieldViewBinding                                           : loaded 2 times (x 73B)
Class com.google.common.collect.Sets$3                                                : loaded 2 times (x 137B)
Class com.google.common.graph.SuccessorsFunction                                      : loaded 2 times (x 68B)
Class com.google.common.collect.Sets$4                                                : loaded 2 times (x 137B)
Class com.squareup.javapoet.TypeSpec$Builder                                          : loaded 2 times (x 70B)
Class com.google.common.reflect.Types$NativeTypeVariableEquals                        : loaded 2 times (x 69B)
Class com.squareup.javapoet.TypeName$1                                                : loaded 2 times (x 107B)
Class com.squareup.javapoet.TypeName$2                                                : loaded 2 times (x 69B)
Class com.google.common.io.ByteSink                                                   : loaded 2 times (x 74B)
Class com.google.common.collect.AbstractMapBasedMultimap$WrappedCollection$WrappedIterator: loaded 2 times (x 82B)
Class org.objectweb.asm.MethodWriter                                                  : loaded 2 times (x 103B)
Class butterknife.BindView                                                            : loaded 2 times (x 68B)
Class com.squareup.javapoet.MethodSpec                                                : loaded 2 times (x 70B)
Class com.google.common.collect.Platform                                              : loaded 2 times (x 69B)
Class org.gradle.internal.installation.GradleInstallation                             : loaded 2 times (x 73B)
Class com.google.common.util.concurrent.ExecutionError                                : loaded 2 times (x 80B)
Class com.google.common.io.ByteSink$AsCharSink                                        : loaded 2 times (x 78B)
Class com.google.common.base.Equivalence$Identity                                     : loaded 2 times (x 80B)
Class com.google.common.base.CharMatcher$AnyOf                                        : loaded 2 times (x 110B)
Class com.google.common.base.CharMatcher$IsEither                                     : loaded 2 times (x 109B)
Class com.google.common.collect.AbstractIterator$1                                    : loaded 2 times (x 69B)
Class butterknife.internal.ListenerMethod                                             : loaded 2 times (x 68B)
Class com.google.common.io.CharSource                                                 : loaded 2 times (x 83B)
Class com.google.common.cache.LocalCache                                              : loaded 2 times (x 185B)
Class com.google.common.collect.ImmutableRangeSet$Builder                             : loaded 2 times (x 75B)
Class butterknife.internal.ListenerClass$NONE                                         : loaded 2 times (x 77B)
Class net.ltgt.gradle.incap.IncrementalAnnotationProcessorType                        : loaded 2 times (x 77B)
Class com.google.common.util.concurrent.AbstractFuture$UnsafeAtomicHelper$1           : loaded 2 times (x 74B)
Class com.google.common.base.CharMatcher$JavaUpperCase                                : loaded 2 times (x 109B)
Class com.google.common.collect.Multiset                                              : loaded 2 times (x 68B)
Class com.google.common.reflect.Invokable$ConstructorInvokable                        : loaded 2 times (x 120B)
Class org.objectweb.asm.MethodVisitor                                                 : loaded 2 times (x 102B)
Class com.google.common.collect.NullsLastOrdering                                     : loaded 2 times (x 113B)
Class com.google.common.collect.AbstractMapBasedMultimap$KeySet$1                     : loaded 2 times (x 80B)
Class com.google.common.reflect.TypeCapture                                           : loaded 2 times (x 69B)
Class com.google.common.collect.AbstractMapBasedMultimap                              : loaded 2 times (x 137B)


---------------  S Y S T E M  ---------------

OS:
 Windows 11 , 64 bit Build 26100 (10.0.26100.8521)
OS uptime: 32 days 20:47 hours

CPU: total 12 (initial active 12) (6 cores per cpu, 2 threads per core) family 6 model 158 stepping 10 microcode 0xf4, cx8, cmov, fxsr, ht, mmx, 3dnowpref, sse, sse2, sse3, ssse3, sse4.1, sse4.2, popcnt, lzcnt, tsc, tscinvbit, avx, avx2, aes, erms, clmul, bmi1, bmi2, adx, fma, vzeroupper, clflush, clflushopt
Processor Information for all 12 processors :
  Max Mhz: 2592, Current Mhz: 2592, Mhz Limit: 2592

Memory: 4k page, system-wide physical 16196M (830M free)
TotalPageFile size 42440M (AvailPageFile size 116M)
current process WorkingSet (physical memory assigned to process): 931M, peak: 990M
current process commit charge ("private bytes"): 1924M, peak: 2201M

vm_info: OpenJDK 64-Bit Server VM (17.0.11+0--11852314) for windows-amd64 JRE (17.0.11+0--11852314), built on May 16 2024 21:29:20 by "androidbuild" with MS VC++ 16.10 / 16.11 (VS2019)

END.
